title,difficulty,level,normal,hIndex,requiredCapacity,option,density,peakHandNps,placement,scratch,repetition,hold,randomClearAtThreshold,status,sourceUrl,recognition,movement,reach,coordination,fatigue,movementDistance,patternReuse,previousHIndex,hardStar,starExtrapolated
"A","HYPER","11","11.6","37.2","4.466796875","FLIP + 左MIRROR","9.40815489037828","11","0.09424419965651323","0.054772330773413425","0.014832615134118475","0","0.7239583333333333","parsed","https://textage.cc/score/7/a_amuro.html?DHB00","0.4230314322565434","0.03851641684473062","0.09717642933771671","0.13829902491874088","0.12668615725728835","1508.0395765838591","0.39436619718309857","38.1","10","false"
"A Certified Rave Moment","ANOTHER","11","11.6","99.2","6.947265625","FLIP + 左MIRROR","12.058333333333334","13","0.07454042847270193","0.19830998303700437","0.0016284475717790662","0","0.7942708333333333","parsed","https://textage.cc/score/33/a_certif.html?DAB00","0.43906862108136546","0.027318293465128866","0.07536056170120435","0.1676968670618131","0.130935377463209","3449.573960164941","0.38187976291278575","76.1","12.5","true"
"A MINSTREL  ～ ver.short-scape ～","ANOTHER","9","9","4.4","3.474609375","FLIP + 左MIRROR + 右MIRROR","10.349115044247787","10","0.06064987814784694","0.01945358929411268","0","0","0.5625","parsed","https://textage.cc/score/19/a_minstr.html?DA900","0.5089327831350584","0.015658914728682197","0.04753852340390193","0.16561461794019713","0.1304967140442758","946.4745588421231","0.24473975636766335","27.9","8.5","false"
"AA -rebuild-","HYPER","10","10.7","55.2","4.8388671875","FLIP","10.669135802469137","12","0.06726090604026809","0.0016778523489932886","0.008970145799583638","0","0.8619791666666667","parsed","https://textage.cc/score/25/aa_rebld.html?DHA00","0.4388428706199462","0.026759481812499538","0.08059958863295127","0.12938596491228016","0.1455398590567114","471.80491409287185","0.37894736842105264","38.1","10.4","false"
"Abraxas","ANOTHER","11","11.6","99.2","6.947265625","正規","10.7765625","13","0.06162135711178744","0.12320574162679417","0.006095403798753229","0","0.7395833333333334","parsed","https://textage.cc/score/25/abraxas.html?DAB00","0.32884423046115024","0.02996134804958288","0.08035648203467478","0.16512396694214806","0.1345049879118984","1825.88634041654","0.5297520661157025","76.1","12.5","true"
"ABSOLUTE","ANOTHER","11","11.2","70.6","5.2109375","左MIRROR","11.66519172516699","11","0.0651802026241483","0.05862294469357251","0","0","0.6171875","parsed","https://textage.cc/score/4/absolute.html?DAB00","0.4064422372206376","0.025183707294619665","0.0741511696500148","0.18194444444444485","0.15325267925454172","1889.9108740062238","0.30392156862745096","49","10.8","false"
"ABSOLUTE","LEGGENDARIA","11","11.8","78.9","5.458984375","両RANDOM","12.66751251936517","12","0.07036598342293832","0.0435147849462366","0.0007930107526882104","0.0251008064516129","0.8177083333333333","parsed","https://textage.cc/score/4/absolute.html?DXB00","0.4276586348105743","0.025758804179710423","0.07424893670593839","0.18303099017384789","0.17250221508185065","1584.0792914327105","0.2758881330309902","67.6","11","false"
"ABSOLUTE  (kors k Remix)","ANOTHER","11","11","60","4.962890625","右MIRROR","10.674796747967479","12","0.0658139756283317","0.04841012947448591","0.001424219345011425","0.02330540746382328","0.7239583333333334","parsed","https://textage.cc/score/28/abso_k.html?DAB00","0.4425435156858325","0.03250765771464426","0.07323914940572544","0.17010008340283517","0.1379972559060446","1495.6759570282725","0.3060884070058382","43.5","10.5","false"
"ABSOLUTE EVIL","HYPER","10","10.5","43.9","4.5908203125","両RANDOM","9.752707950132844","14","0.07281328583403154","0.07837384744342017","0.04211232187761951","0.0026404023470243086","0.8854166666666666","parsed","https://textage.cc/score/29/absoevil.html?DHA00","0.38225088391121614","0.030376616136033388","0.07976311628688243","0.18429636533084667","0.12955592991049494","1756.340497296898","0.3979496738117428","79.6","10.1","false"
"Abyss","ANOTHER","9","9.3","19.6","4.0947265625","正規","8.65831752055661","12","0.06123633919700782","0.0799558763368595","0.0007001344164572306","0","0.5104166666666667","parsed","https://textage.cc/score/5/abyss.html?DA900","0.3854233473743309","0.02761484364075672","0.07111254006252841","0.21850574712643547","0.12154620194873254","1130.6167126864107","0.3103448275862069","27.9","9.5","false"
"Abyss -The Heavens Remix-","ANOTHER","10","9.3","19.6","4.0947265625","FLIP + 左MIRROR + 右MIRROR","10.066346153846155","10","0.06328772248224915","0.14993472792689522","0.011006463527239309","0","0.7552083333333334","parsed","https://textage.cc/score/9/abyss_r.html?DAA00","0.3248140383672493","0.027524279456300395","0.07753204244510901","0.19365634365634274","0.12651828815411126","1868.3255682939848","0.5064935064935064","27.9","9.5","false"
"ACCELERATE","ANOTHER","10","10.2","55.2","4.8388671875","両RANDOM","11.01268292682927","12","0.07474382825419287","0.0792434443656979","0","0","0.7526041666666666","parsed","https://textage.cc/score/25/accelert.html?DAA00","0.44455916429300196","0.03396542987171913","0.0931775268577725","0.1790940766550529","0.1361632765673417","2926.457194609891","0.2508710801393728","43.5","10.4","false"
"Acid Pumper","ANOTHER","11","10.7","95.4","6.203125","左MIRROR + 右MIRROR","10.617391304347827","13","0.04686322686322669","0.10141960141960141","0.0003931203931204211","0","0.7369791666666667","parsed","https://textage.cc/score/23/acidpump.html?DAB00","0.38874971999502395","0.017093049546358517","0.03927531207978328","0.1615611814345986","0.13437151735179753","1548.2576935099294","0.2852320675105485","79.6","11.8","true"
"ACID VISION","ANOTHER","11","10.7","43.9","4.5908203125","正規","7.796418732782368","12","0.06640360175729959","0.046264560734013825","0.01530405286032285","0","0.40625","parsed","https://textage.cc/score/33/acidvis.html?DAB00","0.39741594924787915","0.027709114807427982","0.07925683335235144","0.14450549450549258","0.13285320603130604","850.5617763636421","0.4065934065934066","38.1","10.1","false"
"ACT","ANOTHER","10","10.5","37.2","4.466796875","左MIRROR + 右MIRROR","9.429241594996089","13","0.08478441127694789","0.014427860696517449","0.022102819237148234","0","0.7942708333333334","parsed","https://textage.cc/score/9/act.html?DAA00","0.37922364312753215","0.037022039837417496","0.10888239452849563","0.18288888888888727","0.12736640625739676","568.0438826922547","0.43222222222222223","49","10","false"
"ACT&Oslash;","HYPER","10","","30.9","4.3427734375","右MIRROR","8.810730593607307","13","0.05517011738488258","0.13468813972169638","0.02338783654219926","0","0.6432291666666667","parsed","https://textage.cc/score/31/act0.html?DHA00","0.4538215259031743","0.025615626897398873","0.06313828456764083","0.0915975103734425","0.1098488091496135","2759.5413964687154","0.36410788381742737","27.9","9.8","false"
"ADAMANT","ANOTHER","11","12","95.4","6.203125","FLIP + 右MIRROR","12.219551282051283","14","0.07221967213114704","0.0845901639344266","0.010072131147540922","0.01652459016393441","0.7526041666666667","parsed","https://textage.cc/score/32/adamant.html?DAB00","0.42931411327677027","0.02465669204612979","0.06805345619912495","0.1858433734939756","0.15671430424901406","2666.4940831818712","0.3072289156626506","92.7","11.8","true"
"Adularia","HYPER","10","10.5","30.9","4.3427734375","正規","8.692189892802451","11","0.05858350951374216","0.06985553206483437","0.007914023960535206","0.00047568710359408034","0.4843750000000001","parsed","https://textage.cc/score/21/adularia.html?DHA00","0.393974239377878","0.029591056953057294","0.06925196878172898","0.10549568965517103","0.11286539733955642","1447.9985094770868","0.4730603448275862","18.4","9.8","false"
"ADVANCE","ANOTHER","10","9","8.4","3.72265625","両RANDOM","7.428040854224699","8","0.056025","0.1321875","0.012800000000000231","0","0.7916666666666666","parsed","https://textage.cc/score/9/advanc32.html?DAA00","0.3795544723610529","0.020558336475129554","0.06039287813635954","0.12636849132176076","0.09069066460398625","1079.866167358567","0.5300400534045394","2.6","9","false"
"Advent Infamous","ANOTHER","11","11.4","98.7","6.69921875","右MIRROR","12.087912087912088","18","0.06762587412587383","0.14073426573426576","0.0007272727272727273","0.0009440559440559442","0.8177083333333331","parsed","https://textage.cc/score/27/adventin.html?DAB00","0.4502179321046176","0.03575286741515028","0.07025152739413688","0.14519867549668866","0.14196576071423872","3046.4286545676787","0.277317880794702","98.5","12.3","true"
"Aegis","ANOTHER","10","10.7","78.9","5.458984375","FLIP + 左MIRROR + 右MIRROR","10.908196721311475","14","0.09043198744280727","0.07088468089369784","0.003939485021540658","0.0008115419296663661","0.7161458333333333","parsed","https://textage.cc/score/18/aegis.html?DAA00","0.35291903443514105","0.034988522858407235","0.09284013897801122","0.17006172839506106","0.1426910149133586","1068.4739371876988","0.5195473251028807","72.1","11","false"
"Aeterna","ANOTHER","11","11.2","65.3","5.0869140625","左MIRROR","10.95221238938053","15","0.07979629273746862","0.02187319834378657","0.009676619088383147","0.008585055643879172","0.8489583333333333","parsed","https://textage.cc/score/31/aeterna.html?DAB00","0.4744518706702043","0.030952271667319082","0.08674424641930724","0.22439252336448537","0.1482204330293033","1289.6320306471623","0.17757009345794392","63.1","10.6","false"
"AFRO KNUCKLE","ANOTHER","11","11","65.3","5.0869140625","右MIRROR","10.971625107480653","17","0.06981517763845303","0.08904127481713654","0.01945454545454567","0","0.7708333333333334","parsed","https://textage.cc/score/22/afroknuc.html?DAB00","0.4463704484060912","0.028908123235174464","0.06252834301044799","0.15510295434198682","0.13480565760276936","2481.4908324751905","0.38137869292748433","93.8","10.6","false"
"Aftermath","HYPER","10","10","15","3.970703125","左MIRROR","9.893742621015349","14","0.06743287589498781","0.031622911694510945","0.035640413683373624","0.0017899761336515514","0.9140624999999999","parsed","https://textage.cc/score/29/aftrmath.html?DHA00","0.4064369345594679","0.028191132415127128","0.08111247350025856","0.18949579831932645","0.12467096349964889","1348.3839834144321","0.36470588235294116","18.4","9.3","false"
"AGEHA","ANOTHER","8","8.5","70.6","5.2109375","FLIP + 右MIRROR","7.6960227272727275","13","0.07452380952380938","0.05334071613141406","0.0008268733850129725","0","0.7395833333333334","parsed","https://textage.cc/score/11/ageha.html?DA800","0.4015811752934798","0.028063702214406825","0.07796960831923581","0.14154929577464578","0.11419043751167265","1259.8655756865905","0.43405889884763127","53.9","10.8","false"
"AGEHA","LEGGENDARIA","11","12.1","99.5","7.443359375","右MIRROR","12.443181818181818","15","0.09955479452054773","0.03035102739726015","0.00178995433789955","0","0.8020833333333334","parsed","https://textage.cc/score/11/ageha.html?DXB00","0.4242559909699404","0.02982122351359311","0.08926196754949206","0.18234005258545097","0.19396411811984096","1186.0820885288706","0.26643295354951796","98.6","13","true"
"AGETEKE ONDO","ANOTHER","10","10","25.1","4.21875","左MIRROR","10.82263759086189","11","0.06298737310740544","0.07019631171921477","0.0035171077123831705","0","0.7838541666666665","parsed","https://textage.cc/score/33/agetekeo.html?DAA00","0.42312710541766674","0.02221378189557591","0.06397090145889361","0.20893536121672857","0.13523159980995997","1973.4635289487899","0.34600760456273766","43.5","9.7","false"
"Agnus Dei","ANOTHER","11","11.4","55.2","4.8388671875","FLIP + 右MIRROR","9.969214612684258","14","0.08106769063476935","0.21637060509265596","0.005431561777898532","0","0.39062500000000006","parsed","https://textage.cc/score/12/agnusdei.html?DAB00","0.4368970431326865","0.07722590541690123","0.08971220140376428","0.17633371169125883","0.13097539863754237","2358.4037795373347","0.337116912599319","49","10.4","false"
"Ah Hah Yeah","ANOTHER","11","10.7","50","4.71484375","左MIRROR","10.5225","14","0.06958580818880156","0.10762651461154664","0.018661598162667492","0","0.7500000000000001","parsed","https://textage.cc/score/28/ahahyeah.html?DAB00","0.4319705217022402","0.030747397575821796","0.08570843958715807","0.18712707182320426","0.13007510979812145","2356.046463873299","0.34585635359116024","63.1","10.3","false"
"Air Bell","ANOTHER","8","8","1.5","3.1025390625","正規","7.864118158123371","9","0.07585255645410757","0.08554288744531335","0.007042290865703768","0","0.7916666666666665","parsed","https://textage.cc/score/14/airbell.html?DA800","0.45056242261826907","0.030264169294722396","0.08755889347818856","0.11978417266186926","0.10285420250123813","1438.1964763126973","0.32661870503597124","0.9","7.8","false"
"AIR RAID FROM THA UNDAGROUND","ANOTHER","11","11.4","75","5.3349609375","左MIRROR","10.44034090909091","14","0.06840725623582727","0.004625850340136093","0.018742857142857235","0","0.8359375","parsed","https://textage.cc/score/17/airraid.html?DAB00","0.3695460266786055","0.027554438860971617","0.08362471103347613","0.18634840871021713","0.14913799182352172","557.4207002447996","0.4154103852596315","53.9","10.9","false"
"airflow","ANOTHER","7","7.5","1.2","2.978515625","FLIP + 左MIRROR + 右MIRROR","6.644313354357741","11","0.08474566105634056","0.041402706451250215","0.0009836188476964834","0","0.8046875","parsed","https://textage.cc/score/8/airflow.html?DA700","0.4292932740697513","0.02889464594127814","0.08713351766823545","0.21010362694300314","0.09222027688253301","853.1048939269244","0.32469775474956825","2.6","7.5","false"
"AKASHIC BREAK","HYPER","10","10","25.1","4.21875","FLIP","10.258715986394558","14","0.07854756822844303","0.10320782477153578","0.04332469900739772","0","0.7578124999999999","parsed","https://textage.cc/score/27/akashicb.html?DHA00","0.416693003087594","0.032237597065762055","0.09034928931256181","0.1302469135802452","0.1250873466024671","2137.701111623808","0.452991452991453","38.1","9.7","false"
"Akatsuki","ANOTHER","10","10.2","19.6","4.0947265625","左MIRROR","8.922857142857143","14","0.08876560999039379","0.07100544348382973","0.011117515209734473","0","0.9244791666666666","parsed","https://textage.cc/score/31/akatsuki.html?DAA00","0.47195803269196507","0.0337375954913216","0.09923392162976494","0.21169934640522697","0.11186775317888678","2102.349424754247","0.3111111111111111","58.5","9.5","false"
"ALBA -黎明-","ANOTHER","11","11.6","93.6","6.0791015625","両RANDOM","13.262999246420497","15","0.07138892045454485","0.03610795454545443","0.0026227272727271603","0.006187499999999999","0.9869791666666669","parsed","https://textage.cc/score/21/alba.html?DAB00","0.45301794356098746","0.02447942077615179","0.06774462364771383","0.21046153846154014","0.16979441047213467","1701.1738314483048","0.2561538461538462","91.1","11.6","true"
"ALBIDA","ANOTHER","11","12","97.7","6.451171875","両RANDOM","12.936997991967871","18","0.07558400108651304","0.025028617993442137","0.011031217865388587","0","0.7473958333333333","parsed","https://textage.cc/score/18/albida.html?DAB00","0.4390415994985745","0.028466703246729702","0.08012728619341616","0.22686440677966144","0.17897876103527374","1258.3354237515068","0.3050847457627119","92.7","12","true"
"ALFARSHEAR  双神威に廻る夢","ANOTHER","10","10.7","50","4.71484375","正規","9.563646170442288","14","0.07299221702103618","0.07602504088883875","0.00489086909931774","0","0.5260416666666666","parsed","https://textage.cc/score/13/alfar.html?DAA00","0.440683333775845","0.033151967221799084","0.07813837080965795","0.16571100917431064","0.12676788613218087","1725.5891059602945","0.338302752293578","43.5","10.3","false"
"ALIEN TEMPLE","ANOTHER","10","10.2","4.4","3.474609375","FLIP + 左MIRROR + 右MIRROR","9.14368819080861","10","0.07197082962208885","0.01418755566866013","0.08495482885863333","0","0.7239583333333335","parsed","https://textage.cc/score/10/atemple.html?DAA00","0.37093434736259256","0.020244716351501726","0.061416149659174434","0.20150166852057688","0.12592552830529477","545.7005701789827","0.43492769744160176","18.4","8.5","false"
"ALL I NEED YOUR LOVE","ANOTHER","9","9.6","11.3","3.8466796875","FLIP + 左MIRROR + 右MIRROR","9.465277777777777","12","0.06748652269609849","0.10202877284761869","0.002562123193722433","0","0.8697916666666667","parsed","https://textage.cc/score/16/allineed.html?DA900","0.42474332806148285","0.029292415038666208","0.07776941359632969","0.09823053589484163","0.11710571488560903","2061.0496785252153","0.42972699696663297","18.4","9.2","false"
"ALL MY TURN -このターンに、オレの全てを賭ける-","ANOTHER","11","11","82.6","5.5830078125","FLIP + 左MIRROR + 右MIRROR","10.80373831775701","14","0.08163855247981512","0.05827085736255304","0.0090272971933874","0","0.7265625000000001","parsed","https://textage.cc/score/16/almyturn.html?DAB00","0.370300910782104","0.03129519095160763","0.09035932231291521","0.12920072661216983","0.1579272252483686","1333.2558042481398","0.45322434150772023","79.6","11.1","true"
"ALL RIGHT","ANOTHER","10","10.7","55.2","4.8388671875","両RANDOM","8.094117647058823","16","0.06620736434108519","0.06976744186046502","0.016713178294574194","0","0.7005208333333334","parsed","https://textage.cc/score/8/allright.html?DAA00","0.35618673925561845","0.036803112803734404","0.07440652943549814","0.20929648241205834","0.11503037135500052","1133.7376801659764","0.49120603015075376","72.1","10.4","false"
"alla turca con passione","ANOTHER","10","10.5","8.4","3.72265625","右MIRROR","9.37769328263625","12","0.07908230842005681","0.031794837140154075","0.014423570752804801","0","0.6848958333333333","parsed","https://textage.cc/score/12/alturca.html?DAA00","0.4779905191517899","0.030877402276687425","0.09059213803641045","0.16380471380471212","0.12389221774935799","962.31406344415","0.30864197530864196","27.9","9","false"
"Almace","ANOTHER","11","11.8","93.6","6.0791015625","両RANDOM","11.658788947677838","13","0.06343169487081199","0.03217592125698391","0.003135198370277769","0.00039028620988725064","0.9244791666666666","parsed","https://textage.cc/score/19/almace.html?DAB00","0.44601608242301977","0.01943667743264184","0.05859455453601135","0.20981308411214838","0.15494531514708337","944.1339748243321","0.23260643821391486","89.1","11.6","true"
"Almagest","HYPER","11","11.6","97.7","6.451171875","正規","11.984689572031344","15","0.0645510647500827","0.09927776045386427","0.005510748091295899","0.0032229185317815584","0.6692708333333333","parsed","https://textage.cc/score/17/almag_ra.html?DHB00","0.4341619845878577","0.0314277809607192","0.06647597047670908","0.07181818181818064","0.1604628564341664","2339.341564208341","0.3244019138755981","86.5","12","true"
"Alpheratz","ANOTHER","9","9.3","4.4","3.474609375","正規","8.47","10","0.06401073999314487","0.04236965380660388","0.0003056962587754175","0","0.6458333333333333","parsed","https://textage.cc/score/25/alphratz.html?DA900","0.42172122685298646","0.027180979712181606","0.08135943317313195","0.1348060344827566","0.10822782235599165","1237.4882217835868","0.40625","18.4","8.5","false"
"Alpheratz","LEGGENDARIA","11","11.6","78.9","5.458984375","FLIP + 左MIRROR","11.638482095136292","13","0.06686346185638954","0.02984073917595862","0","0","0.5885416666666666","parsed","https://textage.cc/score/25/alphratz.html?DXB00","0.4521800323610777","0.02924450537746846","0.08716068984337573","0.18244336569579206","0.15936352770885515","1453.773676722016","0.27427184466019416","83","11","false"
"ALTERNATOR","HYPER","10","10.2","60","4.962890625","左MIRROR","11.1","14","0.07191086920253556","0.09583541875208543","0.020964297630964072","0","0.765625","parsed","https://textage.cc/score/29/altnator.html?DHA00","0.3748472621574265","0.02813268358185866","0.08198293568861055","0.18566493955094987","0.12935877747494368","1966.2937962569122","0.43350604490500866","63.1","10.5","false"
"Amazing Mirage","ANOTHER","11","11.8","91.5","5.955078125","左MIRROR + 右MIRROR","12.5109375","13","0.06926196522487242","0.08636887168172293","0.008644658146344327","0","0.7734375","parsed","https://textage.cc/score/24/amazingm.html?DAB00","0.3961902237142947","0.025980782449803827","0.07124118447626589","0.17804878048780415","0.15956641244791317","2452.0519967925443","0.3959349593495935","89.1","11.5","true"
"Ambivalent Vermilia","HYPER","10","10.2","30.9","4.3427734375","左MIRROR + 右MIRROR","10.53893442622951","11","0.06951768315077639","0.03372437185386826","0.01887009311469747","0","0.7890624999999999","parsed","https://textage.cc/score/31/ambiverm.html?DHA00","0.4730614939529822","0.027664788383895342","0.07938789660687715","0.1076991150442455","0.13513830402114912","1398.5629827282298","0.38141592920353984","38.1","9.8","false"
"Ambush Ace","ANOTHER","11","11.4","75","5.3349609375","正規","13.388755020080323","17","0.07251510502815278","0.03567786224214325","0.006889092669883412","0.0027420446851726477","0.8437500000000001","parsed","https://textage.cc/score/30/ambush_a.html?DAB00","0.48218675147025086","0.02543699123255545","0.07341495357256222","0.19563335955940162","0.164969575823841","1638.7186115783522","0.18961447678992918","72.1","10.9","false"
"Amethyst","ANOTHER","11","11","78.9","5.458984375","左MIRROR + 右MIRROR","10.333333333333332","13","0.05777359904880051","0.06187965260545891","0","0","0.8463541666666666","parsed","https://textage.cc/score/31/amethyst.html?DAB00","0.4182735933839709","0.028059816772118915","0.07111231194931122","0.14117147707979483","0.13842146087152069","1904.9866907105593","0.35144312393887944","63.1","11","false"
"AMICABLE","ANOTHER","10","10.5","43.9","4.5908203125","FLIP","11.055549295774648","15","0.08159634317862131","0.07603090156750043","0.00004076723944629601","0","0.875","parsed","https://textage.cc/score/29/amicable.html?DAA00","0.466032857449106","0.032827865589149546","0.09536033270508976","0.19954773869346643","0.13771263587707042","2200.2861728397465","0.3487437185929648","76.1","10.1","false"
"Amor De Ver&atilde;o","ANOTHER","11","","93.6","6.0791015625","FLIP","10.587022900763358","16","0.07737478068594197","0.08844665561083478","0.023804648256302834","0","0.7890625","parsed","https://textage.cc/score/25/amrverao.html?DAB00","0.4425896926244445","0.0311856306889658","0.0892649116739354","0.1158512720156533","0.13337685175639294","2199.721179184348","0.3767123287671233","89.1","11.6","true"
"Amor∞Fati","HYPER","10","10.2","25.1","4.21875","左MIRROR","10.47515410146989","10","0.06848190076995807","0.06145409445005201","0.004750657474843913","0.006342991386061082","0.6875","parsed","https://textage.cc/score/33/amorfati.html?DHA00","0.46828598164860213","0.030513584435125467","0.07998961939981142","0.08047210300429006","0.13113128800642385","2120.56375400333","0.32703862660944205","18.4","9.7","false"
"AMRITA  -不滅ノ花-","ANOTHER","11","11.2","70.6","5.2109375","FLIP + 右MIRROR","11.395706214689266","12","0.07759667631777194","0.038363145996113165","0.00040177686114308816","0","0.7890624999999999","parsed","https://textage.cc/score/28/amrita.html?DAB00","0.4108038635508654","0.03191846902747241","0.09212902511704113","0.16291390728476912","0.1423934836624714","1634.7273377783292","0.39155629139072845","58.5","10.8","false"
"ANAGMA","ANOTHER","10","10.7","70.6","5.2109375","FLIP + 左MIRROR","10.912828947368421","14","0.0735192162773167","0.05739763878422498","0","0","0.8619791666666669","parsed","https://textage.cc/score/25/anagma.html?DAA00","0.38365675686197975","0.03209577824388879","0.08663356467049704","0.18101424979044328","0.14172302304635656","2033.6014199055082","0.4694048616932104","63.1","10.8","false"
"ANAGRAMS I to Y","ANOTHER","9","9.3","11.3","3.8466796875","正規","9.524578651685392","11","0.0642568015925675","0.03704932537049322","0.003981420039814669","0","0.7578125","parsed","https://textage.cc/score/19/anagrams.html?DA900","0.3982560947517347","0.024306564064288383","0.06888363474100735","0.1706043956043944","0.12167520063800595","1368.581334968583","0.43223443223443225","14","9.2","false"
"ANCHOR","HYPER","10","10.2","50","4.71484375","右MIRROR","10.660112359550562","12","0.0673412384716731","0.06745718050065863","0.0075256916996051795","0","0.7083333333333334","parsed","https://textage.cc/score/25/anchor.html?DHA00","0.43143627597712314","0.02907459529739932","0.08139674264901958","0.14092480553154585","0.13055690762217276","1851.0016072664032","0.3197925669835782","33","10.3","false"
"Ancient Scapes","HYPER","10","10.5","43.9","4.5908203125","左MIRROR","10.45","15","0.06572307940433282","0.023103596580828976","0.021374478074655562","0","0.6223958333333335","parsed","https://textage.cc/score/21/ancients.html?DHA00","0.37486390538188585","0.01959389862635054","0.05899282250558901","0.1345581395348827","0.15136368639059755","511.89280547946413","0.46232558139534885","49","10.1","false"
"And-RoiD","ANOTHER","9","9.3","11.3","3.8466796875","FLIP + 左MIRROR","9.594876126126128","12","0.0842947683459992","0.02977318740647274","0.01239588040257047","0","0.8541666666666667","parsed","https://textage.cc/score/27/and_roid.html?DA900","0.45631909823462946","0.03543767684148421","0.1066186569737762","0.20691158156911424","0.12995554031933035","926.6045907629114","0.32254047322540474","27.9","9.2","false"
"ANDROMEDA","ANOTHER","11","11.2","86.1","5.70703125","FLIP","12.250000000000002","11","0.06976403061224402","0.014030612244897996","0.0018367346938774497","0","0.9557291666666667","parsed","https://textage.cc/score/11/andromed.html?DAB00","0.3952428631571326","0.025818139839124163","0.07174378933103426","0.14868147120055528","0.1597276407353093","723.5384940826012","0.3282442748091603","67.6","11.3","true"
"ANDROMEDA II","HYPER","10","10.2","25.1","4.21875","左MIRROR + 右MIRROR","9.543469446857806","11","0.05188895902116908","0.028846620703049112","0","0","0.7031249999999999","parsed","https://textage.cc/score/14/andro2.html?DHA00","0.4422106270948802","0.021469914172026597","0.054418135829980833","0.09238603297769005","0.12748440748341022","880.8438892497061","0.35402521823472355","22.9","9.7","false"
"ANEMONE","ANOTHER","10","9.3","11.3","3.8466796875","FLIP + 左MIRROR","10.404580152671755","10","0.07086969919295615","0.017960381511372074","0.0007184152604548257","0","0.7473958333333335","parsed","https://textage.cc/score/29/anemone.html?DAA00","0.4314422921249586","0.026872037914692032","0.08158105283604546","0.25293838862559126","0.13340800174791304","998.2325359376055","0.2966824644549763","10.6","9.2","false"
"Angelic Jelly","ANOTHER","11","11.4","70.6","5.2109375","右MIRROR","12.709705753184014","15","0.09202142363510653","0.07696959225984842","0.050863856254319696","0","0.5677083333333333","parsed","https://textage.cc/score/23/angjelly.html?DAB00","0.4033028019645153","0.038559721596809204","0.09781727765156888","0.12571552471812678","0.159677145081552","2522.6399209333003","0.42671292281006074","96.2","10.8","false"
"Angel's Ladder","HYPER","10","10.2","50","4.71484375","左MIRROR","10.668583162217658","11","0.06307208663741075","0.06930223009212928","0.014880283316652455","0","0.6927083333333334","parsed","https://textage.cc/score/29/angeladd.html?DHA00","0.4706999818459182","0.029236807632684384","0.0779124047426585","0.11666666666666563","0.13409588911463705","2131.2471341115142","0.3541666666666667","33","10.3","false"
"Anisakis -somatic mutation type ""Forza""-","HYPER","10","10.7","65.3","5.0869140625","正規","9.926641729010806","16","0.08146282998722895","0.033851822387840784","0.004485104779450284","0","0.6875000000000001","parsed","https://textage.cc/score/15/anisakis.html?DHA00","0.38991347128131376","0.02522968197879867","0.07651482469076186","0.16386925795052934","0.1467761718678029","1375.8390663050982","0.3674911660777385","89.1","10.6","false"
"Answer","ANOTHER","9","9.3","15","3.970703125","右MIRROR","9.64025974025974","11","0.06853765323992943","0.07126498720194002","0","0","0.7447916666666666","parsed","https://textage.cc/score/18/answer.html?DA900","0.4034446510234115","0.025353930428883176","0.0732556848070694","0.145788442703232","0.11900235337575266","2087.8705974797604","0.47600391772771794","14","9.3","false"
"ANTHEM LANDING","HYPER","10","10","30.9","4.3427734375","FLIP + 右MIRROR","10.153899480069324","12","0.06627147766322995","0.039510366172822636","0.006724016294576868","0","0.8098958333333333","parsed","https://textage.cc/score/18/anthemld.html?DHA00","0.3757581724270629","0.03055408755465225","0.07956615694712113","0.15549348230912297","0.130839083668966","896.1479130168816","0.43482309124767227","27.9","9.8","false"
"ANTHEM LANDING","ANOTHER","11","11.2","82.6","5.5830078125","左MIRROR + 右MIRROR","11.06981351981352","15","0.05523315680308267","0.0407116309921141","0","0","0.4322916666666666","parsed","https://textage.cc/score/18/anthemld.html?DAB00","0.353311199444778","0.021675992447200313","0.0573773659993745","0.1668664383561634","0.15082810570193989","1092.1146727537891","0.4160958904109589","89.1","11.1","true"
"Any%","HYPER","10","10","15","3.970703125","両RANDOM","9.117270822378364","12","0.06035729063678385","0.1075112544838623","0.0021994136950898835","0.0008249312557286893","0.8776041666666666","parsed","https://textage.cc/score/33/any_per.html?DHA00","0.506998045500345","0.03237430650737151","0.078032147613582","0.10662525879917044","0.11139211774879441","3164.826803433785","0.2805383022774327","18.4","9.3","false"
"AO-1","HYPER","10","10.5","30.9","4.3427734375","正規","10.78702290076336","11","0.0807667539452267","0.08288514613261634","0.01623098152996967","0","0.7630208333333335","parsed","https://textage.cc/score/23/ao_1.html?DHA00","0.4355043911971667","0.0287806403931053","0.08552776040079296","0.1414847161572028","0.12850258795111258","1707.0351187187828","0.314410480349345","49","9.8","false"
"AO-∞","ANOTHER","10","10.7","65.3","5.0869140625","FLIP + 右MIRROR","11.199696180555556","13","0.06775002809631019","0.1295976220833121","0.01033541181440174","0","0.5598958333333334","parsed","https://textage.cc/score/24/ao_inf.html?DAA00","0.33102777948255285","0.03311211952441466","0.09075912366842798","0.17674230145867256","0.1379211176342867","2863.729302453138","0.553484602917342","53.9","10.6","false"
"apo:llioth","ANOTHER","11","11.4","99.4","7.0712890625","FLIP + 両RANDOM","11.878930817610064","12","0.07205162144275273","0.11664460622104597","0.00571806750496367","0","0.6562500000000001","parsed","https://textage.cc/score/28/apolioth.html?DAB00","0.4151791477470851","0.028081724974829768","0.07282068857646394","0.16413292589763182","0.14170531164947472","2677.142183290413","0.3651642475171887","79.6","12.6","true"
"Apocalypse ～dirge of swans～","ANOTHER","11","11.4","95.4","6.203125","両RANDOM","10.709325396825397","15","0.08876980083371867","0.0408985641500693","0.005628531727651718","0","0.41927083333333326","parsed","https://textage.cc/score/13/apocalps.html?DAB00","0.3941314910750794","0.030457776182601773","0.09019276209032316","0.19462416745956143","0.17538105372619872","1061.6405423530675","0.3196955280685062","91.1","11.8","true"
"Arabian Rave Night","HYPER","10","10","30.9","4.3427734375","FLIP + 左MIRROR + 右MIRROR","9.894886363636363","14","0.08034548760646898","0.07564120968513742","0.01398794142980201","0","0.8385416666666665","parsed","https://textage.cc/score/16/arabian.html?DHA00","0.4295281793238864","0.03415146296451944","0.08594211399904367","0.1041076487252106","0.12529928838671206","1824.2488705185172","0.36827195467422097","53.9","9.8","false"
"Arabian Rave Night","ANOTHER","11","11.6","86.1","5.70703125","左MIRROR + 右MIRROR","13.678977272727273","15","0.0796974731741079","0.0312305295950156","0.014139148494288593","0","0.6927083333333334","parsed","https://textage.cc/score/16/arabian.html?DAB00","0.4786370520624597","0.03031929461264071","0.07680230772154918","0.15910447761193983","0.17578164783523567","1352.9667559518084","0.26119402985074625","93.8","11.3","true"
"Arcana","ANOTHER","10","11","70.6","5.2109375","FLIP + 左MIRROR","10.911197916666666","12","0.04796871643714641","0.02113117258168465","0","0.005759385665529011","0.8411458333333331","parsed","https://textage.cc/score/23/arcana.html?DAA00","0.36106748885201884","0.015239909703268533","0.043545269987404725","0.17014585232452156","0.14727427055036146","765.2434028107415","0.38012762078395623","58.5","10.8","false"
"Arcanos","ANOTHER","10","10","30.9","4.3427734375","右MIRROR","9.955555555555556","14","0.07536624765037564","0.007518796992481203","0.018524436090225548","0.0021146616541353382","0.8541666666666666","parsed","https://textage.cc/score/32/arcanos.html?DAA00","0.47269883436555404","0.02533789875849531","0.07677311118517387","0.20049396267837508","0.127067682115981","685.7440225477797","0.3216245883644347","58.5","9.8","false"
"Ariah","ANOTHER","10","10","11.3","3.8466796875","FLIP + 右MIRROR","9.107398568019093","8","0.06998041738136056","0.02481417953116064","0.0037758719268154366","0","0.8125000000000001","parsed","https://textage.cc/score/29/ariah.html?DAA00","0.4279948124940526","0.028197381671702004","0.08522321944190037","0.2228096676737149","0.1222136811132972","1122.5139397774758","0.27391742195367574","5.4","9.2","false"
"Around the Future","ANOTHER","11","11.4","97.7","6.451171875","左MIRROR + 右MIRROR","11.129464285714286","13","0.06374154298702982","0.08086642599277989","0.005461692739670944","0","0.5833333333333334","parsed","https://textage.cc/score/25/a_future.html?DAB00","0.39110320053237346","0.024494172833343077","0.06954882224036299","0.14053627760252438","0.14433845643884635","1530.161672777458","0.361198738170347","76.1","12","true"
"Around The Galaxy","HYPER","10","10.5","25.1","4.21875","FLIP + 左MIRROR","10.363496932515337","12","0.08284112771940147","0.02834097972473003","0.00039859898376992046","0","0.9192708333333335","parsed","https://textage.cc/score/24/a_glxy24.html?DHA00","0.3612274400399805","0.03354246435007392","0.10008059156722447","0.1646911519198664","0.1330305634247904","1137.9510306588602","0.4657762938230384","43.5","9.7","false"
"Around The Galaxy","ANOTHER","11","11.6","82.6","5.5830078125","両RANDOM","14.381390593047033","13","0.07143210095982891","0.02653750444365447","0.0014276573053680155","0","0.7682291666666666","parsed","https://textage.cc/score/24/a_glxy24.html?DAB00","0.3702188162300284","0.027748101690519108","0.07699807525827822","0.23316946211683637","0.18492906470003245","1407.6062370898626","0.3308270676691729","83","11.1","true"
"Artist","HYPER","10","10.5","50","4.71484375","左MIRROR","10.83556254917388","12","0.0692327427630938","0.040032917029722045","0.006091586794461771","0","0.8333333333333334","parsed","https://textage.cc/score/27/artist.html?DHA00","0.44275964521749095","0.02903685551964495","0.08404586624067127","0.09847198641765528","0.1371907256252061","1436.0857361382455","0.38115449915110355","38.1","10.3","false"
"As You Want","ANOTHER","10","10","8.4","3.72265625","正規","9.223088235294119","12","0.07307938836360137","0.032242719943024266","0.00987802350239949","0","0.7708333333333331","parsed","https://textage.cc/score/28/asyuwant.html?DAA00","0.45306419683688287","0.026254423856396272","0.07825785440810684","0.11898047722342565","0.12085049679253401","1165.090255666732","0.3676789587852495","27.9","9","false"
"Ascalon","ANOTHER","11","11.6","86.1","5.70703125","FLIP + 右MIRROR","12.847961630695444","14","0.08129563610571831","0.02254740928774076","0.011227415260564592","0","0.7473958333333335","parsed","https://textage.cc/score/20/ascalon.html?DAB00","0.45975164929709006","0.030532467096519984","0.08348825776078295","0.23639930252833438","0.17490750399695548","1259.1002672720085","0.2807323452484743","93.8","11.3","true"
"AsiaN distractive","ANOTHER","11","11.4","75","5.3349609375","FLIP + 左MIRROR","12.486641041448516","14","0.09042768599792153","0.027337596088445878","0.003254892041665705","0","0.8125","parsed","https://textage.cc/score/24/asiandst.html?DAB00","0.4834181148297669","0.031844089197214244","0.09256277854881723","0.2262962962962953","0.16787352710927333","1356.0554882846723","0.3472222222222222","86.5","10.9","false"
"Astra Blaze","HYPER","10","10","30.9","4.3427734375","FLIP + 左MIRROR","10.223456790123457","12","0.0793216398985625","0.08016091051805334","0.00463712112063798","0","0.7291666666666666","parsed","https://textage.cc/score/33/astrablz.html?DHA00","0.5066841685137139","0.03246781730640883","0.09339034443046562","0.15322580645161113","0.12731172546990477","1800.9500148996942","0.28934506353861195","22.9","9.8","false"
"ASTRAL VOYAGE","ANOTHER","10","10.7","43.9","4.5908203125","FLIP","9.624479166666667","13","0.06831037934953178","0.01932599166621575","0","0","0.6562500000000001","parsed","https://textage.cc/score/10/astral.html?DAA00","0.5027957070399696","0.024128121442941228","0.07053841177056677","0.16839826839826783","0.1377453078760921","660.0632886114869","0.1634199134199134","49","10.1","false"
"ATOMIC AGE","ANOTHER","9","10","2.2","3.2265625","正規","7.040858932299434","10","0.06427694002033216","0.034910482322376576","0.0009352761775668687","0.0013215859030837004","0.736979166666667","parsed","https://textage.cc/score/9/atmcag26.html?DA900","0.4639859731584712","0.02006088584926482","0.05937307611648506","0.11671779141104144","0.0856843598390373","743.6009594069719","0.3098159509202454","0.9","8","false"
"Attitude","ANOTHER","9","10","2.2","3.2265625","FLIP + 左MIRROR + 右MIRROR","7.52991452991453","10","0.08937570942111214","0.06372069356922028","0","0","0.8203124999999999","parsed","https://textage.cc/score/8/attitude.html?DA900","0.3190620914599706","0.0385868723430789","0.11594477276975249","0.1623056994818635","0.10827592620244546","1029.6131289302816","0.5595854922279793","10.6","8","false"
"Aublia","ANOTHER","11","11.4","78.9","5.458984375","左MIRROR","10.740425531914894","13","0.07604352066317153","0.06173046446422034","0.001189808606607422","0.00106973058637084","0.7942708333333333","parsed","https://textage.cc/score/23/aublia.html?DAB00","0.3883497465696575","0.033806970126513354","0.08131433991315674","0.16555360281194975","0.13961050029754654","1574.070035668559","0.4156414762741652","63.1","11","false"
"Aurora","HYPER","10","10.5","30.9","4.3427734375","FLIP + 左MIRROR + 右MIRROR","9.36423611111111","12","0.07044545854234724","0.05778327497709002","0.008371516503074907","0","0.5156250000000001","parsed","https://textage.cc/score/12/aurora.html?DHA00","0.4266614595362739","0.022657165119806002","0.0667421056895084","0.13315098468271114","0.12524963025507832","1010.0273424211905","0.36980306345733044","38.1","9.8","false"
"Aurora","ANOTHER","11","11.4","75","5.3349609375","左MIRROR","10.935416666666667","14","0.07488421830915601","0.04600876357401398","0.008921064329714226","0","0.7265624999999999","parsed","https://textage.cc/score/12/aurora.html?DAB00","0.45506531539258344","0.025668326350427276","0.0711355610212391","0.14141463414633998","0.14783858821402981","1128.8140869321333","0.3092682926829268","79.6","10.9","false"
"avant-guerre","ANOTHER","10","9.6","30.9","4.3427734375","両RANDOM","8.62934977869141","10","0.07337081159501145","0","0.014546687584100703","0","0.9036458333333334","parsed","https://textage.cc/score/15/a_guerre.html?DAA00","0.3872862336697748","0.032095958393613934","0.09764820453028064","0.14066107030430022","0.1248254768541993","267.6505931246925","0.4648478488982162","18.4","9.8","false"
"AVE DE RAPINA","HYPER","10","10","25.1","4.21875","左MIRROR + 右MIRROR","9.701882845188285","15","0.0724393530997301","0.030727762803234516","0.014447439353099688","0","0.5130208333333334","parsed","https://textage.cc/score/7/ave_rapi.html?DHA00","0.456946935455951","0.026296307326455572","0.07481068444184572","0.1382653061224475","0.12648277562428595","967.8566137834075","0.29591836734693877","43.5","9.7","false"
"AWA AWA","ANOTHER","10","10.5","43.9","4.5908203125","左MIRROR","9.878703685696292","12","0.06053024178731514","0.027902305186056072","0.004391857132358662","0.007639450282942602","0.5703125","parsed","https://textage.cc/score/30/awaawa.html?DAA00","0.43806579569400966","0.02268062658237493","0.06607543286936934","0.19687224669603598","0.13643311050329493","1381.8523235395216","0.2828193832599119","49","10.1","false"
"awakening","ANOTHER","9","9.3","8.4","3.72265625","両RANDOM","7.224479166666667","10","0.05101358549812142","0.02128741819463467","0.001559768982449393","0","0.8958333333333333","parsed","https://textage.cc/score/11/awaken.html?DA900","0.34084857989536615","0.016447194527022008","0.048456995382744394","0.1309302325581372","0.10320162236101496","560.948655289315","0.5720930232558139","5.4","9","false"
"B.O.D.Y.","HYPER","10","10.5","25.1","4.21875","両RANDOM","9.848265726043504","12","0.06313242080002864","0.09529963765304236","0","0","0.8932291666666666","parsed","https://textage.cc/score/30/b_o_d_y_.html?DHA00","0.4638824673741484","0.029434408689379826","0.07860228804967932","0.07776057791537525","0.11916224910087195","2063.1833372788597","0.28792569659442724","27.9","9.7","false"
"B4U (BEMANI FOR YOU MIX)","ANOTHER","11","10.7","60","4.962890625","両RANDOM","12.78049987626825","11","0.07790593656817495","0.053944158308484674","0.007552956666537632","0","0.6640625","parsed","https://textage.cc/score/16/bemani4u.html?DAB00","0.38490539910204435","0.02772539939466902","0.07607944627541392","0.18571996817820177","0.16734400621679638","1457.3610433946021","0.38424821002386633","67.6","10.5","false"
"BabeL ～Grand Story～","HYPER","10","10.2","25.1","4.21875","左MIRROR + 右MIRROR","9.185976366129138","12","0.06989251010649469","0.03774512869789661","0.0007637155512090902","0","0.8411458333333334","parsed","https://textage.cc/score/24/babel_gs.html?DHA00","0.47690768769430364","0.029392205712198843","0.08600007679573858","0.15498960498960454","0.11879111087826488","1371.027633031248","0.29521829521829523","18.4","9.7","false"
"BABY LOVE","ANOTHER","11","11.2","50","4.71484375","正規","9.905982905982906","12","0.07798371440897282","0.09577221742881782","0.0008800690250215711","0","0.6796875","parsed","https://textage.cc/score/10/babylove.html?DAB00","0.5072648399675679","0.04104890026073638","0.08736320477798491","0.19312114989732984","0.12488358995700281","1845.531208642655","0.27002053388090347","49","10.3","false"
"Back Into The Light","ANOTHER","10","11.2","30.9","4.3427734375","FLIP + 左MIRROR + 右MIRROR","10.875000000000002","12","0.07612715517241356","0.010147270114942526","0","0","0.5703125","parsed","https://textage.cc/score/10/backinto.html?DAA00","0.4899932934740162","0.02469914728906051","0.07373556353599181","0.1484282907662075","0.1424496121925711","604.7419391800244","0.29862475442043224","43.5","9.8","false"
"Back Spin Sweeper","ANOTHER","11","11.8","89","5.8310546875","右MIRROR","10.51661036036036","13","0.0603829473966","0.11662428055146525","0.006189265158613298","0","0.6796875000000001","parsed","https://textage.cc/score/25/backspin.html?DAB00","0.3915586477963932","0.02836255910237709","0.07570851300605083","0.14216216216216224","0.14345634104597732","2414.6702617252213","0.4009009009009009","79.6","11.4","true"
"Backyard Stars","ANOTHER","11","11.6","82.6","5.5830078125","正規","10.49828178694158","13","0.08824351180734087","0.0253097965863922","0.0003647416413373748","0","0.8151041666666667","parsed","https://textage.cc/score/27/backyard.html?DAB00","0.34355087177664345","0.030345235438422716","0.08294208108957604","0.16593220338983014","0.15702055838655682","1375.4623818839032","0.46016949152542375","72.1","11.1","true"
"Bad Encryption","HYPER","10","10.2","75","5.3349609375","FLIP + 左MIRROR + 右MIRROR","8.99099099099099","13","0.06662324649298625","0.11685871743486984","0.013146292585169958","0","0.7916666666666667","parsed","https://textage.cc/score/30/badencry.html?DHA00","0.38001486696508374","0.029572192744548656","0.08100816367999635","0.1296355841371896","0.11608445313166924","1573.574640314211","0.4855305466237942","63.1","10.9","false"
"Bad Maniacs","HYPER","10","10.7","91.5","5.955078125","FLIP + 右MIRROR","9.185526315789474","15","0.0704194718999186","0.10650336627990252","0.015080933963615796","0","0.7421875000000001","parsed","https://textage.cc/score/17/bmaniacs.html?DHA00","0.42920030223618616","0.03319685995998425","0.08444832543816384","0.1435251798561137","0.13359822003849836","2478.561074415675","0.31346351490236385","83","11.5","true"
"Bad Routine","ANOTHER","9","9.6","11.3","3.8466796875","FLIP + 右MIRROR","9.485994397759104","12","0.0723505093754614","0.1196294108962059","0","0","0.8697916666666665","parsed","https://textage.cc/score/7/bad_rtn.html?DA900","0.4411685254454291","0.02460631401228658","0.0685789651412394","0.21670870113493035","0.1187297024894395","2617.415764155642","0.26229508196721313","38.1","9.2","false"
"bag","ANOTHER","10","10.2","30.9","4.3427734375","正規","11.366666666666667","12","0.06578314158959288","0.049327017068952546","0.040712835551544195","0","0.7317708333333333","parsed","https://textage.cc/score/9/bag.html?DAA00","0.3621024190287459","0.02446831552758947","0.06765982839823151","0.24071038251366011","0.14137726661884625","958.0350480945344","0.4360655737704918","43.5","9.8","false"
"Bahram Attack -猫叉Master Remix-","ANOTHER","11","11.4","70.6","5.2109375","FLIP","11.365091463414634","16","0.06281783023718462","0.00747770102608811","0.002067377551248521","0","0.6197916666666669","parsed","https://textage.cc/score/16/bahram.html?DAB00","0.4096833531209708","0.021803021570923585","0.06521184152110877","0.23681318681318864","0.1533447841732284","636.4262813561512","0.3218210361067504","79.6","10.8","false"
"Bahram Attack -猫叉Master Remix-","LEGGENDARIA","11","12.1","93.6","6.0791015625","正規","13.460111788617887","17","0.06897280054361116","0.07414258479775017","0.0026183959682138146","0","0.9244791666666665","parsed","https://textage.cc/score/16/bahram.html?DXB00","0.4649437600406396","0.03149637979429001","0.06839121296456331","0.235092250922512","0.17750984807137962","2245.0063469637143","0.2029520295202952","97.9","11.6","true"
"Bang-Boo Bumble","ANOTHER","11","11.2","75","5.3349609375","FLIP + 両RANDOM","11.988217967599411","14","0.06576934889434842","0.07552211302211309","0.00168058968059006","0","0.8802083333333333","parsed","https://textage.cc/score/32/bang_boo.html?DAB00","0.4643487083768249","0.02908724254674572","0.0752706630761323","0.20610894941634283","0.1511584776256863","2771.7660537797296","0.22957198443579765","86.5","10.9","false"
"Bang Bang Dance","ANOTHER","11","11.2","86.1","5.70703125","FLIP + 両RANDOM","11.725161290322582","13","0.06329692601151816","0.08491067825831783","0","0","0.8776041666666666","parsed","https://textage.cc/score/33/bangdanc.html?DAB00","0.4044322092152253","0.030246780604294397","0.08539421286296622","0.16223723723723799","0.14473791752826323","2100.8855935307197","0.36786786786786785","72.1","11.3","true"
"Banger Banger Banger Banger","ANOTHER","11","11.4","95.4","6.203125","左MIRROR","13.836574074074074","16","0.06691571586308356","0.10489510489510495","0.0017960986382039937","0","0.6588541666666666","parsed","https://textage.cc/score/29/bangerx4.html?DAB00","0.37203822581703666","0.03201414970235058","0.08315860692382182","0.18441828254847625","0.1693486197694329","2476.1882209571004","0.4466759002770083","98.3","11.8","true"
"bass 2 bass","ANOTHER","10","10.5","86.1","5.70703125","FLIP + 両RANDOM","11.720679012345679","11","0.07742330480579303","0.24186965108624087","0","0","0.9583333333333333","parsed","https://textage.cc/score/17/bas2bass.html?DAA00","0.40177819705938617","0.02709380959630091","0.08072659491769911","0.137699876998768","0.11288797162795772","1782.3582396989796","0.45633456334563344","58.5","11.3","true"
"Battleground","ANOTHER","11","11","70.6","5.2109375","FLIP + 両RANDOM","10.932926829268292","15","0.07369875906302237","0.14029094627254102","0.0014054656999439178","0","0.8020833333333333","parsed","https://textage.cc/score/25/btground.html?DAB00","0.4503295302336591","0.03150824351504329","0.08581651101378743","0.16324561403508706","0.13624034168035384","3706.866363980477","0.2824561403508772","63.1","10.8","false"
"BattleRoyal","ANOTHER","11","11.2","93.6","6.0791015625","FLIP","11.34251290877797","15","0.06466236722306494","0.10445118866970159","0.03235204855842211","0.0092185128983308","0.8854166666666665","parsed","https://textage.cc/score/33/btlroyal.html?DAB00","0.41288999326726294","0.031725821454738935","0.0843499710791134","0.18014128728414544","0.13818054670230737","2484.8377232013527","0.37205651491365777","67.6","11.6","true"
"Be a Hero!","ANOTHER","11","11.4","82.6","5.5830078125","両RANDOM","13.160068114091102","13","0.0874489696891268","0.07616536732119186","0.007419532235628994","0","0.796875","parsed","https://textage.cc/score/25/b_a_hero.html?DAB00","0.4117711304498756","0.04485680083803413","0.11182516858153628","0.1719461697722579","0.1622116985499833","2697.671153529062","0.3857832988267771","76.1","11.1","true"
"Be A Star","ANOTHER","11","11","50","4.71484375","FLIP + 左MIRROR","11.386607799852834","12","0.0758068810422368","0.041074290440986365","0.013422254390045402","0","0.8046875","parsed","https://textage.cc/score/24/b_a_star.html?DAB00","0.43118365900077965","0.028006841616403683","0.07764513563420683","0.21588337684943507","0.14323910105874785","1910.8360613961577","0.3524804177545692","43.5","10.3","false"
"Be quiet","ANOTHER","11","11.6","43.9","4.5908203125","左MIRROR + 右MIRROR","9.419642857142858","14","0.0660473933649289","0.0633491311216431","0.023835703001579424","0","0.4479166666666666","parsed","https://textage.cc/score/11/bequiet.html?DAB00","0.4265701541728775","0.025505079712564875","0.058072039190247095","0.15200668896320876","0.12717188281894626","1292.3652895385314","0.42474916387959866","76.1","10.1","false"
"Beastie Starter","ANOTHER","11","11.4","75","5.3349609375","FLIP + 左MIRROR + 右MIRROR","10.367063492063492","13","0.058711722488038215","0.145095693779904","0.0593071770334931","0","0.6640625","parsed","https://textage.cc/score/20/beastie.html?DAB00","0.31773600913658356","0.03057372563662068","0.062116749585079054","0.1259588400374168","0.1314595694517219","2170.79418550645","0.567820392890552","58.5","10.9","false"
"Beat Juggling Mix","ANOTHER","11","11.4","98.7","6.69921875","右MIRROR","10.36180385842447","14","0.07287016007413177","0.2805359599481524","0.02757064727884379","0","0.9401041666666669","parsed","https://textage.cc/score/24/beatjugg.html?DAB00","0.41397151457026904","0.04333949399570519","0.08275241476014086","0.1242226680040101","0.11089951452813654","3485.7629202842086","0.4002006018054162","89.1","12.3","true"
"Beat Radiance","ANOTHER","10","10.5","50","4.71484375","左MIRROR + 右MIRROR","12.856973293768545","18","0.08273679837518418","0.043528434268833086","0.0101698670605613","0","0.7031249999999999","parsed","https://textage.cc/score/22/beatradi.html?DAA00","0.37759223845397144","0.02613737026158393","0.07371089366897823","0.24162916291629094","0.16095188215298267","960.9456995080226","0.36993699369936994","86.5","10.3","false"
"beatAffection","ANOTHER","10","10","19.6","4.0947265625","左MIRROR + 右MIRROR","9.704809286898838","13","0.0694899179767598","0.03383458646616544","0.01613294600136744","0","0.8593750000000001","parsed","https://textage.cc/score/27/beataffe.html?DAA00","0.39916800736849084","0.03254667338430656","0.09391871921952788","0.15875331564986755","0.12402179838529359","1397.0256402729003","0.4677276746242264","18.4","9.5","false"
"beatchic☆仮面 ～好き、でいさせて～","ANOTHER","10","10.2","65.3","5.0869140625","左MIRROR","10.452349582784366","13","0.05490516206482587","0.05504201680672257","0.007241296518607486","0","0.90625","parsed","https://textage.cc/score/17/beatchic.html?DAA00","0.3983625865405199","0.020502624111861115","0.05663805196236785","0.1837799043062205","0.1387937503873594","1809.9000496706892","0.38564593301435407","53.9","10.6","false"
"beatonic nation","ANOTHER","10","10","15","3.970703125","FLIP + 右MIRROR","9.956146657081236","12","0.09193804606830759","0.05484150480179064","0.0018196259657737612","0","0.6588541666666666","parsed","https://textage.cc/score/15/beatonic.html?DAA00","0.46587267390693005","0.03341515511015372","0.09589961007822063","0.18522727272727085","0.12954951159611158","1578.3088931375285","0.24173553719008264","43.5","9.3","false"
"BEAUTIFUL ANGEL","ANOTHER","10","11","70.6","5.2109375","FLIP + 左MIRROR","12.620325203252033","20","0.08917243767312952","0.0472202538169168","0.0025897055981449033","0","0.6484375000000001","parsed","https://textage.cc/score/17/btyangel.html?DAA00","0.45770471185376016","0.03285133055435112","0.09397350686775638","0.21330508474576204","0.15933317861484161","1762.159019875191","0.3008474576271186","99.8","10.8","false"
"Beautiful Harmony  (IIDX Mix)","ANOTHER","11","11.2","43.9","4.5908203125","右MIRROR","10.053697183098592","15","0.08906488048331983","0.030776639523684396","0","0","0.84375","parsed","https://textage.cc/score/27/bharmony.html?DAB00","0.44118077577466935","0.032101515020019795","0.09681139982272692","0.13382642998027477","0.1402747667235562","1490.9178150655173","0.3086785009861933","94.9","10.1","false"
"Begin","HYPER","10","10.2","50","4.71484375","FLIP + 左MIRROR","9.215532968464947","10","0.06652884615384606","0.05234728506787316","0.005099547511312094","0","0.9192708333333334","parsed","https://textage.cc/score/33/begin.html?DHA00","0.4480472444850023","0.03016986154397303","0.07969932091274218","0.14716088328075602","0.12712574702898968","1978.908381588685","0.3070452155625657","27.9","10.3","false"
"being torn the sky","ANOTHER","9","9.3","1.5","3.1025390625","左MIRROR + 右MIRROR","7.353191489361702","9","0.06924734477124178","0.015046296296296235","0","0","0.6302083333333334","parsed","https://textage.cc/score/17/beintorn.html?DA900","0.4847342197613517","0.02457943925233652","0.07444578017558377","0.2079439252336433","0.10080028038699676","746.6574479961373","0.28437917222963954","1.7","7.8","false"
"Believe In Me","ANOTHER","11","11","55.2","4.8388671875","FLIP + 右MIRROR","10.365853658536585","12","0.07905294117647002","0.08950980392156857","0.007937254901961531","0","0.8645833333333334","parsed","https://textage.cc/score/18/believme.html?DAB00","0.47665314983321844","0.03552175127657914","0.08595235736136875","0.13794599807135824","0.13607180932654642","2379.3157318911444","0.29797492767598843","53.9","10.4","false"
"Believe in you","ANOTHER","10","10","15","3.970703125","左MIRROR + 右MIRROR","10.263713080168776","12","0.08422975904990271","0.024095009706520454","0.0035628639945186964","0","0.8307291666666666","parsed","https://textage.cc/score/24/believeu.html?DAA00","0.3871326523463226","0.0320787386091374","0.09617326790678161","0.19231943031536","0.13642287979775244","1088.6336525602435","0.43845371312309256","43.5","9.3","false"
"BEMANI PRO LEAGUE Theme","ANOTHER","9","9.3","4.4","3.474609375","正規","9.039262187088275","9","0.071437587453358","0.03770697294776122","0","0","0.7604166666666667","parsed","https://textage.cc/score/28/bpltheme.html?DA900","0.43178552228789463","0.026894713663227838","0.08047562614370624","0.17271186440677902","0.11619596728602369","1311.1336620375337","0.41129943502824856","7.9","8.5","false"
"BENiZAKURA","ANOTHER","11","","","","","","","","","","","","unparsed","https://textage.cc/score/34/benizakr.html?DAB00","","","","","","","","","",""
"Best of Me","ANOTHER","10","10.2","19.6","4.0947265625","左MIRROR + 右MIRROR","9.394744318181818","11","0.06457637198425524","0.03182313007453988","0.011771571992319176","0","0.6979166666666669","parsed","https://textage.cc/score/25/bestofme.html?DAA00","0.4973043370361571","0.027179897308033652","0.07781972090670009","0.1679863147605075","0.12387280258306958","1381.0893548542138","0.2825024437927664","10.6","9.5","false"
"Beyond Evolution","HYPER","11","10.7","78.9","5.458984375","正規","11.025834289147413","14","0.07620739874772096","0.05519834350479521","0.025630498533724132","0.0013196480938416422","0.78125","parsed","https://textage.cc/score/30/beyondev.html?DHB00","0.4712309869743449","0.028825270268905377","0.07666173512537994","0.10688225538971613","0.14424414406483235","2133.0127485980365","0.3250414593698176","91.1","11","false"
"Beyond The Earth","ANOTHER","11","11.2","70.6","5.2109375","左MIRROR + 右MIRROR","11.355048859934852","14","0.066228724421495","0.06609772423025427","0.008422260470453446","0.003614457831325302","0.5677083333333334","parsed","https://textage.cc/score/22/beyond_p.html?DAB00","0.3865311262551161","0.023818967209336343","0.06463742953454632","0.17958174904943086","0.1445940118645483","2282.0144572431136","0.444106463878327","72.1","10.8","false"
"Beyond The Seven","ANOTHER","11","11.4","89","5.8310546875","両RANDOM","12.04611620795107","12","0.07009702773236319","0.012964956284208417","0.006973404957502898","0","0.9062500000000002","parsed","https://textage.cc/score/24/beyond_7.html?DAB00","0.41298490015908856","0.024346680562543663","0.07398031435688347","0.23553406223717405","0.16431352223877693","900.8055145745499","0.30193439865433136","76.1","11.4","true"
"BIGソムタム","HYPER","10","9.6","8.4","3.72265625","FLIP + 左MIRROR","8.82354682607458","12","0.06075614766791252","0.11857230607230597","0.01050440815146703","0","0.7968749999999999","parsed","https://textage.cc/score/28/big_smtm.html?DHA00","0.49132616937696144","0.02574370896937959","0.06862384027256697","0.13600451467268398","0.09910189442752355","2503.2877326348753","0.2945823927765237","22.9","9","false"
"Binary Black Hole","HYPER","10","10.5","37.2","4.466796875","右MIRROR","10.274822695035462","12","0.0706823770491802","0.040703192407247665","0.029214840379637123","0","0.75","parsed","https://textage.cc/score/29/binarybh.html?DHA00","0.44038165950753283","0.030538284882117774","0.08581861677111391","0.12697841726618575","0.12847991727269759","1778.160510601623","0.27697841726618705","49","10","false"
"BitRacer","HYPER","10","10","19.6","4.0947265625","FLIP + 両RANDOM","9.745888742242897","9","0.06748775867900071","0.06991857553990499","0.0016575025152670367","0","0.7630208333333335","parsed","https://textage.cc/score/33/bitracer.html?DHA00","0.4850102264432234","0.027019415242187823","0.07733052146883111","0.09556574923547272","0.11531794718939234","1734.0931993235295","0.3200815494393476","14","9.5","false"
"Bitter & Lucky","ANOTHER","10","11","70.6","5.2109375","正規","11.796074676878892","15","0.07022536049563012","0.03667011606200811","0.037243730216702714","0","0.46093750000000006","parsed","https://textage.cc/score/31/bitlucky.html?DAA00","0.43336663338835135","0.0257338088395981","0.07444830092206982","0.18742331288343558","0.14558810401034367","1485.4347062251013","0.27256792287467135","79.6","10.8","false"
"BITTER CHOCOLATE STRIKER","HYPER","10","10.5","37.2","4.466796875","右MIRROR","8.9140625","10","0.06927190396515522","0.1797466337343636","0.00819908108251695","0","0.7994791666666666","parsed","https://textage.cc/score/16/bitchoco.html?DHA00","0.4214732384744883","0.03388426818649899","0.0749741315327433","0.09319761668321598","0.10840156547145602","4001.9306719056135","0.3485600794438927","27.9","10","false"
"BITTER CHOCOLATE STRIKER","ANOTHER","11","11.6","82.6","5.5830078125","両RANDOM","12.296875","13","0.08094278233414139","0.07306226175349445","0.009789380462823892","0","0.9244791666666667","parsed","https://textage.cc/score/16/bitchoco.html?DAB00","0.37898123299945286","0.0360406407451455","0.0877227169928509","0.22863247863248162","0.16082041335293676","2199.757882885095","0.43803418803418803","91.1","11.1","true"
"BLACK JACKAL","ANOTHER","10","10.5","55.2","4.8388671875","正規","10.459558823529411","15","0.06879613356766225","0.1050087873462216","0","0","0.7317708333333333","parsed","https://textage.cc/score/26/blackjcl.html?DAA00","0.4160409398029258","0.023747338910626456","0.07050574842328627","0.1560728744939262","0.12827298723261144","1790.2447271999717","0.4382591093117409","72.1","10.4","false"
"BLACK or WHITE?","HYPER","10","10.2","30.9","4.3427734375","左MIRROR","10.491818130343695","14","0.07320319920559493","0.027663845954580792","0.018307572748467223","0","0.6875","parsed","https://textage.cc/score/28/blkwhite.html?DHA00","0.44825199090503615","0.029058168114402653","0.0853331200357733","0.10959147424511348","0.1347562672846291","1499.3130628167442","0.36678507992895204","38.1","9.8","false"
"BLACK.by X-Cross Fade","HYPER","10","10","93.6","6.0791015625","FLIP + 左MIRROR + 右MIRROR","10.912095875139352","12","0.059431736334240814","0.3454023487584478","0.003726138238584331","0","0.8723958333333334","parsed","https://textage.cc/score/19/blackbyx.html?DHA00","0.3080756474420736","0.020452592769851292","0.059875655217042724","0.10094339622641298","0.09192680636851837","2884.6411839490765","0.5868917576961271","58.5","11.6","true"
"Blame","ANOTHER","10","10.5","50","4.71484375","FLIP + 左MIRROR + 右MIRROR","10.792375551354757","12","0.055287111370602764","0.07333236023938108","0.02834739454094279","0","0.8229166666666667","parsed","https://textage.cc/score/8/blame.html?DAA00","0.3545910577755077","0.02114131682900547","0.05927431871787206","0.20785440613026887","0.14117781517352906","1338.9562443628786","0.4904214559386973","49","10.3","false"
"Blaze it UP!","ANOTHER","11","11.4","91.5","5.955078125","左MIRROR + 右MIRROR","13.150477521546703","15","0.0731042423168891","0.041980338322557716","0.012066247453724331","0.0008369497830130192","0.75","parsed","https://textage.cc/score/22/blazitup.html?DAB00","0.38206538975278903","0.026653805354511128","0.07663681782160944","0.20172932330827192","0.17235821679431584","1460.2532525651923","0.38571428571428573","91.1","11.5","true"
"Blind Justice ～Torn souls,Hurt Faiths～","ANOTHER","10","10.7","19.6","4.0947265625","正規","9.221988289140183","14","0.08978074394741026","0.03305542194431086","0.019118165784831977","0","0.7057291666666667","parsed","https://textage.cc/score/14/blindjus.html?DAA00","0.42183583541537295","0.03263856711877481","0.09650416426332616","0.14618239660657406","0.12980868779393204","1210.4322015596917","0.37645811240721105","76.1","9.5","false"
"Bling-Bang-Bang-Born","ANOTHER","10","10","55.2","4.8388671875","左MIRROR","11.215883190883192","11","0.07326479161242366","0.14585542734852763","0","0","0.953125","parsed","https://textage.cc/score/32/blingbbb.html?DAA00","0.3808562380912403","0.03055454564911202","0.0863250783898792","0.18002481389578043","0.12953957670664276","1703.2330854901006","0.47270471464019853","43.5","10.4","false"
"Bling-Bang-Bang-Born","LEGGENDARIA","11","11.6","99.9","8.3115234375","FLIP + 両RANDOM","13.072150997150999","13","0.067107931543646","0.2929691118218522","0","0","0.7630208333333333","parsed","https://textage.cc/score/32/blingbbb.html?DXB00","0.3516056895724531","0.023006640243777132","0.0676381022335691","0.14284188034188014","0.11955933650481652","2105.1517196590535","0.5288461538461539","86.5","13.9","true"
"Bloody Tears (IIDX EDITION)","HYPER","10","10.2","19.6","4.0947265625","FLIP + 左MIRROR + 右MIRROR","9.42731519648255","11","0.07244184690724585","0.1820964262811168","0.010619716667638496","0","0.2552083333333333","parsed","https://textage.cc/score/13/bloody_t.html?DHA00","0.34215566908545986","0.02535757917796649","0.07236510477987884","0.17429378531073325","0.11668664544342233","1948.3709085479788","0.47796610169491527","33","9.5","false"
"Bloody Tears (IIDX EDITION)","ANOTHER","11","11.2","65.3","5.0869140625","正規","11.959329486122561","15","0.07548506433823492","0.14892003676470583","0.003466911764705864","0","0.48958333333333337","parsed","https://textage.cc/score/13/bloody_t.html?DAB00","0.48199760831317995","0.02776569870378224","0.06987233899634579","0.16461377870563576","0.1494981344651841","3301.3578084066926","0.2661795407098121","93.8","10.6","false"
"Bloom","ANOTHER","10","10.5","65.3","5.0869140625","FLIP + 左MIRROR + 右MIRROR","9.159494754870478","12","0.06567427075542258","0.041947145350286784","0.0009573672400897917","0.032513089005235564","0.7005208333333333","parsed","https://textage.cc/score/33/bloom.html?DAA00","0.446544368093027","0.02574020572947613","0.06899868289409379","0.13925714285714066","0.12857755130632534","1299.205220659736","0.27085714285714285","49","10.6","false"
"bloomin' feeling","HYPER","10","10.2","37.2","4.466796875","FLIP + 左MIRROR","11.616261574074075","14","0.0749165292508803","0.05837721505113837","0.008398188602543225","0","0.7552083333333335","parsed","https://textage.cc/score/17/bloominf.html?DHA00","0.36881030277423105","0.02364330073909112","0.07079905250063577","0.2512944983818757","0.1411440861106378","1354.7896084104989","0.42179072276159657","72.1","10","false"
"bloomin' feeling","ANOTHER","11","11.6","89","5.8310546875","FLIP + 両RANDOM","14.49675925925926","16","0.08829874972056302","0.0511229361606998","0.006469517452814856","0","0.8411458333333334","parsed","https://textage.cc/score/17/bloominf.html?DAB00","0.44440049149435956","0.03130961800135387","0.08538728143565961","0.2381826320501341","0.1785223004466843","1567.0066926680176","0.26320501342882724","96.2","11.4","true"
"BLO§OM","ANOTHER","10","10.7","70.6","5.2109375","右MIRROR","10.89769392033543","12","0.07412570697549109","0.041095956292562956","0.015476126351429224","0.0034194528875379944","0.8749999999999999","parsed","https://textage.cc/score/26/blossom.html?DAA00","0.35522686086447824","0.030801490266173917","0.08694101587076032","0.1582994304312455","0.14127538029716244","1569.861080010727","0.4662327095199349","58.5","10.8","false"
"blue anthem","ANOTHER","11","11.8","86.1","5.70703125","両RANDOM","12.885844748858448","15","0.09048369950389727","0.05372962437987243","0.00042523033309709463","0","0.7526041666666667","parsed","https://textage.cc/score/33/blueanth.html?DAB00","0.4848347773938335","0.032661434239824316","0.09117278493836332","0.19938162544169544","0.16423179393388052","1884.1190947721873","0.2570671378091873","86.5","11.3","true"
"Blue Bird feat. Kanae Asaba","ANOTHER","8","8.5","0.9","2.8544921875","FLIP + 右MIRROR","7.614317673378077","8","0.07058979567852537","0.04981280325033998","0","0","0.8593750000000001","parsed","https://textage.cc/score/29/bluebird.html?DA800","0.42607154566928246","0.02908775216752271","0.08718575401462147","0.15320512820512602","0.09728947647838078","1191.0559673748685","0.3717948717948718","0.5","7.3","false"
"BLUE DRAGON (雷龍RemixIIDX)","HYPER","10","10.2","60","4.962890625","正規","9.221462488129156","13","0.03300982472039719","0.13364812259273764","0.0009425140573829735","0","0.6562499999999999","parsed","https://textage.cc/score/21/bldragon.html?DHA00","0.32772278558656454","0.011500583636838093","0.030094853882146434","0.17045680238331457","0.11572039117874706","1339.018168187518","0.4766633565044687","27.9","10.5","false"
"BLUE DRAGON (雷龍RemixIIDX)","ANOTHER","11","10.7","78.9","5.458984375","左MIRROR + 右MIRROR","12.256600189933524","14","0.058766716771784","0.08359548124157391","0.0070911654863551376","0","0.9453125000000001","parsed","https://textage.cc/score/21/bldragon.html?DAB00","0.40977631220824917","0.01686656184232689","0.04599875842004035","0.2045205479452047","0.1554491931966997","1547.4219873219472","0.3424657534246575","86.5","11","false"
"BLUE MIRAGE","ANOTHER","11","11.4","93.6","6.0791015625","正規","13.530063291139241","12","0.06510856430047124","0.11493782403617493","0.012464818929560344","0","0.7994791666666667","parsed","https://textage.cc/score/22/b_mirage.html?DAB00","0.38888749874748024","0.0284655729062767","0.07571949151866807","0.1424276169265019","0.16129289343192538","2044.9606123677318","0.48552338530066813","67.6","11.6","true"
"Blue Rain","ANOTHER","10","10.2","43.9","4.5908203125","正規","9.665242718446601","11","0.09038532626165191","0.018964963034394097","0","0","0.6666666666666667","parsed","https://textage.cc/score/15/bluerain.html?DAA00","0.35552454438499376","0.030697405091658147","0.09073080961547803","0.15410052910052707","0.14906015084290633","651.5717992625953","0.421957671957672","58.5","10.1","false"
"Blue Spring Express","HYPER","10","10.2","43.9","4.5908203125","左MIRROR","9.397842502696873","13","0.05625898207029576","0.09632911683004648","0.00332239032117341","0","0.5598958333333334","parsed","https://textage.cc/score/23/blspring.html?DHA00","0.37599667444495755","0.03185021456056941","0.07633110353801603","0.12525150905432356","0.11545042720960896","1756.131201136871","0.5201207243460765","18.4","10.1","false"
"BLUE STRAGGLER","ANOTHER","10","10.7","86.1","5.70703125","左MIRROR","12.309859154929578","18","0.05807446605644512","0.07677822273073989","0.0018535469107551499","0","0.7291666666666666","parsed","https://textage.cc/score/20/blue_str.html?DAA00","0.3850784146160169","0.02504833854745576","0.06324823727113538","0.1433549432739045","0.15760432344254746","1957.2679275025134","0.3395461912479741","72.1","11.3","true"
"Blueberry Stream","ANOTHER","10","10.5","60","4.962890625","FLIP + 左MIRROR + 右MIRROR","8.9125","15","0.07640102183931054","0.08415147265077139","0.01724303746744166","0","0.7760416666666666","parsed","https://textage.cc/score/6/bluebry.html?DAA00","0.44610391393147014","0.04120701899345354","0.07556607888061395","0.17662251655628944","0.12386257309588788","1244.1596282524615","0.4278145695364238","83","10.5","false"
"BLUST OF WIND","ANOTHER","10","9.6","11.3","3.8466796875","両RANDOM","9.606250000000001","11","0.09742432692009721","0.03575301298138012","0.0012491867273909571","0","0.8619791666666666","parsed","https://textage.cc/score/18/blstwind.html?DAA00","0.4210669003640802","0.03566079821478405","0.10195294666118887","0.16332622601279198","0.12692685457405067","1074.393918206015","0.32196162046908317","18.4","9.2","false"
"BLUST OF WIND","LEGGENDARIA","11","11.2","55.2","4.8388671875","FLIP","12.523511904761905","15","0.07434634853489819","0.025660067967394815","0.00907436013213237","0.004031702274293592","0.7942708333333334","parsed","https://textage.cc/score/18/blstwind.html?DXB00","0.5439886222342102","0.02635911064538527","0.0741232866790382","0.17041366906474809","0.16143856001034598","1364.5748973223617","0.16276978417266186","83","10.4","false"
"BOOM BOOM DISCO NIGHT","ANOTHER","10","10.5","43.9","4.5908203125","右MIRROR","9.75548245614035","12","0.06445993031358836","0.0754467798134202","0","0","0.8489583333333333","parsed","https://textage.cc/score/13/boomdisc.html?DAA00","0.4490696648898352","0.029620103630455932","0.0760832102714206","0.1338060384263483","0.12751340963759555","1728.3725146763343","0.33485818847209514","27.9","10.1","false"
"Bounce Bounce Bounce","ANOTHER","11","11.2","78.9","5.458984375","両RANDOM","9.765913757700206","12","0.06585576114381811","0.1856426969442105","0.003563779086066753","0","0.9166666666666665","parsed","https://textage.cc/score/18/bouncex3.html?DAB00","0.41420387674871195","0.029693203682755118","0.07403825153007486","0.13439252336448587","0.10956527049667539","2519.6075749993097","0.4803738317757009","27.9","11","false"
"Boundary","ANOTHER","9","9.6","2.2","3.2265625","両RANDOM","8.851258581235697","12","0.08587771458117822","0.04288391933815926","0.004053774560496384","0","0.9036458333333333","parsed","https://textage.cc/score/10/boundary.html?DA900","0.31085855012189034","0.030050197238320288","0.09050151317161975","0.19892812105927024","0.11859416968306963","558.942855615914","0.592686002522068","72.1","8","false"
"Bow shock!!","ANOTHER","11","11.6","96.8","6.3271484375","FLIP + 左MIRROR","12.917655786350148","14","0.07418595302360274","0.013352093263653591","0.0036386607706886008","0","0.7708333333333333","parsed","https://textage.cc/score/27/bowshock.html?DAB00","0.4514866029664705","0.02570204475413146","0.07386258914920872","0.18010590015128583","0.17505832817563008","1175.2405188304913","0.3033282904689864","95.6","11.9","true"
"BRAINSTORM","HYPER","10","10.2","65.3","5.0869140625","FLIP + 左MIRROR + 右MIRROR","9.845315161839865","12","0.08292912513842697","0.14032507382798073","0.010786267995570621","0","0.8020833333333333","parsed","https://textage.cc/score/21/brainstm.html?DHA00","0.32582340207554794","0.03641323092910045","0.09896170753346571","0.17330547818012887","0.12393184864243248","2196.768808068405","0.4921077065923863","43.5","10.6","false"
"BRAVE GLOW","ANOTHER","10","10.2","65.3","5.0869140625","正規","9.84360435007768","14","0.08285037878787833","0.12428977272727272","0.0012121212121212132","0","0.6562500000000001","parsed","https://textage.cc/score/20/bravglow.html?DAA00","0.4213635804398858","0.032634565368125","0.0900535616760117","0.13397959183673297","0.12254230531870347","3312.441925293663","0.3479591836734694","58.5","10.6","false"
"BRAVE OUT","ANOTHER","11","11.2","89","5.8310546875","両RANDOM","10.720949957591179","12","0.055983649789029276","0.05076476793248938","0.0003586497890294939","0","0.5598958333333334","parsed","https://textage.cc/score/21/braveout.html?DAB00","0.3435889232679309","0.017411621607409788","0.051679770699030306","0.1495719178082192","0.15071878220866397","1016.4924289424791","0.4469178082191781","76.1","11.4","true"
"Brave Spirits","ANOTHER","10","10.7","50","4.71484375","FLIP","10.856987633140324","13","0.07847383169693631","0.04615402848594684","0.0007483881842317299","0.0007205764611689352","0.8125","parsed","https://textage.cc/score/29/bravespr.html?DAA00","0.4945524011409386","0.029715691217211862","0.08569153858233264","0.13086359175662265","0.14033707441219306","1667.952481421052","0.26300294406280667","63.1","10.3","false"
"BREAK OVER","ANOTHER","11","10.5","55.2","4.8388671875","FLIP","9.323061043939841","12","0.0735471856268481","0.1016503503139384","0.012699236110013327","0","0.9010416666666664","parsed","https://textage.cc/score/24/breakovr.html?DAB00","0.38984460931758286","0.03577077789942537","0.09266011561089332","0.18275862068965423","0.12137944650492302","2426.0416277564027","0.426497277676951","38.1","10.4","false"
"Break Stasis","ANOTHER","10","10.5","60","4.962890625","FLIP","11.168939393939393","13","0.0661435935698296","0.07437427931899876","0.02085871260937398","0.0003510140405616225","0.8489583333333334","parsed","https://textage.cc/score/25/brstatis.html?DAA00","0.411324523337919","0.027526603731093672","0.07382946571883862","0.18705004389815447","0.14238895621176986","1920.9497424759913","0.38893766461808604","63.1","10.5","false"
"Breakin' Chain","ANOTHER","11","11.2","75","5.3349609375","正規","10.57262200165426","12","0.07319692074196298","0.08599782511754549","0.03804072819445633","0","0.8802083333333333","parsed","https://textage.cc/score/24/brkchain.html?DAB00","0.40740510519461703","0.03131350359031829","0.0891426034301961","0.1773229070837164","0.13459807461278273","1873.7378244220247","0.43422263109475623","43.5","10.9","false"
"Breaking the ground","ANOTHER","10","10.2","25.1","4.21875","FLIP + 右MIRROR","9.914542020774315","14","0.07086608886137429","0.11175770274774981","0.0051042430591933296","0","0.65625","parsed","https://textage.cc/score/18/brground.html?DAA00","0.3694673350124101","0.025735448198906843","0.07490563586095161","0.21643286573146203","0.12523742644272814","1741.0241134465111","0.3847695390781563","53.9","9.7","false"
"BREATH","ANOTHER","10","10.7","65.3","5.0869140625","正規","9.715964740450538","13","0.07878561827956983","0.06784274193548387","0.0011182795698924742","0","0.6588541666666667","parsed","https://textage.cc/score/11/breath.html?DAA00","0.34761892633060043","0.02584428553750982","0.07418702153851262","0.18408521303258207","0.13350501058807","1201.161845002173","0.45614035087719296","67.6","10.6","false"
"BRIDAL FESTIVAL !!!","ANOTHER","9","9.3","3.1","3.3505859375","左MIRROR + 右MIRROR","8.324626865671641","9","0.06983654564470353","0.020857612430897975","0.017843119677275084","0","0.75","parsed","https://textage.cc/score/16/bridal_f.html?DA900","0.4227733551458878","0.027253121452894522","0.08214208767179967","0.20482406356412983","0.10872014517209368","946.1506081242874","0.4370034052213394","2.6","8.3","false"
"BRIGHTNESS DARKNESS","ANOTHER","10","10.5","37.2","4.466796875","FLIP","9.213483146067416","13","0.07282520325203252","0.06808943089430894","0.05268292682926812","0","0.6536458333333333","parsed","https://textage.cc/score/9/bright.html?DAA00","0.34148991729028444","0.025385226792321334","0.07507122571851137","0.21930126002290765","0.13203735402308744","985.0974589658455","0.44329896907216493","67.6","10","false"
"Broadbanded","HYPER","10","9.3","6.2","3.5986328125","FLIP + 右MIRROR","6.236519607843137","12","0.05480644527412078","0.054332874828060485","0","0","0.796875","parsed","https://textage.cc/score/13/brdband.html?DHA00","0.30892985931497735","0.023766048502139866","0.07193145861196136","0.07353780313837285","0.0976857103976606","798.9299560266646","0.5991440798858774","5.4","8.8","false"
"Broadbanded","ANOTHER","11","10.2","19.6","4.0947265625","FLIP + 両RANDOM","7.7120098039215685","12","0.06234069601144142","0.058477673605593486","0","0","0.9270833333333335","parsed","https://textage.cc/score/13/brdband.html?DAB00","0.3518265350254991","0.024617301989912754","0.06824895045347237","0.13324999999999806","0.11651606949086236","827.1562997822633","0.525","27.9","9.5","false"
"BroGamer","ANOTHER","11","11.4","89","5.8310546875","左MIRROR + 右MIRROR","12.462729357798166","16","0.08276926616057033","0.22181121079671778","0.014652127904302098","0","0.6041666666666667","parsed","https://textage.cc/score/24/brogamer.html?DAB00","0.422787936744373","0.03612283651387154","0.08404234354173183","0.13090534979423799","0.13998205034011288","4427.357224473179","0.34238683127572017","97.6","11.4","true"
"BROKEN EDEN","HYPER","10","10.5","37.2","4.466796875","正規","9.267820069204152","12","0.05105212066905588","0.05787037037037025","0.0076712465153322435","0","0.8307291666666667","parsed","https://textage.cc/score/18/brkneden.html?DHA00","0.4008042553389261","0.01633130926855922","0.03905363998590471","0.127577045696066","0.12831576228151637","846.7442518613233","0.410201912858661","22.9","10","false"
"BROKEN EDEN","ANOTHER","11","11.6","86.1","5.70703125","正規","11.538062283737023","22","0.0665853951117104","0.10080971659919029","0.02920897685809947","0","0.8697916666666667","parsed","https://textage.cc/score/18/brkneden.html?DAB00","0.40507107207611126","0.023712742436754038","0.059204669726391726","0.15928308823529405","0.1564777491888963","1570.2948615074054","0.3474264705882353","86.5","11.3","true"
"Broken My Heart","ANOTHER","10","10.7","25.1","4.21875","正規","9.232323232323232","12","0.054630743982494435","0.2268531181619256","0.018358862144420108","0","0.484375","parsed","https://textage.cc/score/4/broken.html?DAA00","0.33206621271955483","0.020752359668387996","0.05239622241586759","0.1896464646464631","0.11777181562066652","1595.5089989653375","0.577020202020202","49","9.7","false"
"Buffalo","ANOTHER","10","10.7","60","4.962890625","正規","9.451267605633802","14","0.06279089175011932","0.19644134477825467","0.018649658241932876","0","0.8072916666666669","parsed","https://textage.cc/score/6/buffalo.html?DAA00","0.41759644845891736","0.02733975502792815","0.06511466259327302","0.125326215895609","0.10761617007339591","1625.880310721608","0.38552787663107946","49","10.5","false"
"Buffalo","LEGGENDARIA","11","11.4","75","5.3349609375","FLIP + 両RANDOM","12.777464788732393","14","0.07692754262198691","0.09682907113462674","0.009441504997060503","0","0.9505208333333333","parsed","https://textage.cc/score/6/buffalo.html?DXB00","0.4318329448092579","0.02830540290474958","0.07893446099611255","0.20313688212927727","0.1499708412963257","1502.159472261872","0.31749049429657794","67.6","10.9","false"
"Burnin' The Floor","ANOTHER","8","9","0.9","2.8544921875","正規","8.009992862241257","11","0.07749242559258605","0.12056674389591863","0","0","0.7005208333333334","parsed","https://textage.cc/score/4/burnflr.html?DA800","0.40509883211352576","0.028744309360113112","0.07996452631161831","0.07566844919786067","0.09674314478828565","1314.2693161999823","0.40998217468805703","5.4","7.3","false"
"Burning Flame","ANOTHER","11","11.2","89","5.8310546875","右MIRROR","12.656199677938808","13","0.07126948279152562","0.08925504166931719","0.0010993065716646275","0","0.8515625","parsed","https://textage.cc/score/28/brnflame.html?DAB00","0.41781626973953184","0.02696857833604691","0.07455112939077307","0.15580539656582124","0.15746945834104376","2246.8324361731816","0.3376941946034342","83","11.4","true"
"Burning Heat! (Full Option Mix)","ANOTHER","9","9.6","19.6","4.0947265625","正規","7.408031674208145","13","0.054356895261654985","0.16836547711759584","0.025469482492708004","0","0.6197916666666666","parsed","https://textage.cc/score/7/burnheat.html?DA900","0.4288242345374323","0.027620074413348916","0.05789231532108015","0.15339943342776","0.10109695835516534","1909.6157596657413","0.40509915014164305","27.9","9.5","false"
"Butterfly Twist","ANOTHER","11","10.7","65.3","5.0869140625","左MIRROR + 右MIRROR","10.84071484071484","14","0.07446148700305748","0.11850152905198777","0.00026758409785932727","0","0.6875","parsed","https://textage.cc/score/32/buttwist.html?DAB00","0.4414510039812428","0.0324973569147378","0.0791351699988407","0.16004566210045834","0.13203138707038548","2444.2878664067835","0.32968036529680367","67.6","10.6","false"
"C-C-C-N-N-N","ANOTHER","11","12","95.4","6.203125","FLIP + 左MIRROR + 右MIRROR","13.034429525724468","16","0.07559529762688061","0.102862949803337","0.006750186428039141","0","0.75","parsed","https://textage.cc/score/30/cccnnn.html?DAB00","0.43377974742475034","0.02605514679795149","0.07271854264682583","0.1831670822942647","0.15641782614137406","2194.364908032639","0.33000831255195345","96.2","11.8","true"
"CADENZA","HYPER","10","10.5","43.9","4.5908203125","FLIP + 左MIRROR + 右MIRROR","10.107714701601164","11","0.06008640552995368","0.10903897849462366","0.001152073732718895","0","0.8307291666666667","parsed","https://textage.cc/score/31/cadenza.html?DHA00","0.4413986042804958","0.026234941526130515","0.07578128406422596","0.06969080553295202","0.12382293367015727","2562.479185966527","0.40439381611065905","27.9","10.1","false"
"Caldwell 99","ANOTHER","11","11.2","65.3","5.0869140625","FLIP","11.442095754290877","10","0.06180535379692182","0.0870176214236088","0.0069306722246783425","0.004035874439461884","0.3697916666666668","parsed","https://textage.cc/score/30/caldwl99.html?DAB00","0.44531375376148696","0.024414688548743433","0.06984241564332658","0.16043549712407462","0.13732406028697788","2124.452762167106","0.2629416598192276","38.1","10.6","false"
"CALL","ANOTHER","8","8.5","3.1","3.3505859375","左MIRROR + 右MIRROR","7.484210526315789","10","0.07002725035161764","0.014474917955930493","0.00007383966244760596","0","0.7890625000000001","parsed","https://textage.cc/score/19/call.html?DA800","0.4114858969883885","0.02885088640372026","0.08714750529723532","0.20614906832298024","0.11085706719073507","620.8723053907117","0.3950310559006211","2.6","8.3","false"
"CALL","LEGGENDARIA","11","11.8","78.9","5.458984375","左MIRROR","12.352412280701754","13","0.07935932146217567","0.006804019386794901","0.00005894153780624303","0.02776998597475455","0.7291666666666667","parsed","https://textage.cc/score/19/call.html?DXB00","0.4859644806257473","0.026952318306486436","0.07797338938974717","0.22440801457194812","0.17362618584137235","774.9115836497829","0.19672131147540983","83","11","false"
"Calvados Queen","ANOTHER","10","10","65.3","5.0869140625","左MIRROR","10.092841008620292","13","0.08338789827535774","0.04841420637240574","0.0017889505992398414","0","0.8828124999999999","parsed","https://textage.cc/score/27/calvados.html?DAA00","0.472621245828635","0.038501929017781704","0.11082596587758586","0.19952290076335785","0.13632041109544313","2034.8375461007374","0.3654580152671756","63.1","10.6","false"
"CaptivAte～誓い～","ANOTHER","11","10.5","70.6","5.2109375","正規","10.822564102564103","13","0.05888457164518546","0.05416034874905231","0.01091736163760423","0","0.7838541666666667","parsed","https://textage.cc/score/14/c_chikai.html?DAB00","0.47157002396469927","0.0217802019396083","0.06110468567529332","0.16605049594229093","0.14722448158958376","1383.1621066284795","0.2750225428313796","79.6","10.8","false"
"CaptivAte～浄化～","ANOTHER","11","11.4","55.2","4.8388671875","FLIP + 左MIRROR + 右MIRROR","9.88988988988989","14","0.09479554655870383","0.1437753036437247","0.0023886639676113375","0","0.7395833333333331","parsed","https://textage.cc/score/12/captive.html?DAB00","0.503070024465965","0.03543004267313141","0.08081294899280728","0.1598901098901086","0.13782971593517954","2680.5828694655775","0.32967032967032966","86.5","10.4","false"
"CaptivAte～裁き～","ANOTHER","11","10.7","65.3","5.0869140625","左MIRROR","11.250000000000002","17","0.06076576576576559","0.09534534534534551","0.018834834834835012","0","0.8046875000000001","parsed","https://textage.cc/score/14/c_sabaki.html?DAB00","0.44909713627644027","0.022893288269262138","0.05517645363213191","0.16829268292682834","0.1461322987733433","1952.3109765626753","0.31263858093126384","86.5","10.6","false"
"CaptivAte～裁き～ (SUBLIME TECHNO MIX)","ANOTHER","10","10.2","37.2","4.466796875","左MIRROR","9.33874239350913","13","0.0622777295105702","0.036972680760691136","0.0006487112655661415","0","0.5989583333333334","parsed","https://textage.cc/score/17/c_sbk_ra.html?DAA00","0.4889244744041234","0.02487457271201868","0.0703399044556165","0.1706554121151927","0.1250659959189581","1331.4905870250225","0.23535253227408143","38.1","10","false"
"CaptivAte2～覚醒～","ANOTHER","11","11.6","97.7","6.451171875","左MIRROR + 右MIRROR","11.638395261173937","12","0.07350607287449346","0.0278773857721226","0.004330827067669075","0","0.9218750000000001","parsed","https://textage.cc/score/16/ckakusei.html?DAB00","0.40917185139642664","0.03090858987279116","0.08291741364105089","0.20553539019963635","0.17960055393193336","1185.8700294657813","0.25499092558983666","86.5","12","true"
"Caramel Pain","ANOTHER","9","9.3","6.2","3.5986328125","FLIP + 左MIRROR","8.455078125","9","0.0758966658966659","0.023408023408023355","0.0005790405790407016","0","0.8854166666666666","parsed","https://textage.cc/score/33/carapain.html?DA900","0.5860439444350805","0.025642673521850977","0.07746584904966396","0.20347043701799353","0.11211348134331216","1236.8207144446087","0.15038560411311053","18.4","8.8","false"
"Carmina","HYPER","10","10.7","43.9","4.5908203125","両RANDOM","10.40817610062893","11","0.07692307692307643","0.02730275746772212","0.03181340262251513","0.0003534956794972506","0.8437499999999999","parsed","https://textage.cc/score/26/carmina.html?DHA00","0.41942491823758904","0.03011925212115862","0.08565766487700159","0.08760683760683557","0.1366904466354048","1330.9212203569928","0.4478632478632479","38.1","10.1","false"
"CARRY ON NIGHT (English version)","ANOTHER","10","10.7","37.2","4.466796875","FLIP + 左MIRROR","9.67927927927928","13","0.07430699692851792","0.0347810405807894","0.00010145197319472044","0","0.7005208333333333","parsed","https://textage.cc/score/10/carryon.html?DAA00","0.4056264765647419","0.024032238461071248","0.07096977407139615","0.17281105990783288","0.13417227006267904","884.8448017493359","0.4147465437788018","63.1","10","false"
"Castle on the Moon","ANOTHER","11","12","95.4","6.203125","左MIRROR","14.275773195876289","14","0.08247643979057506","0.043359210447132465","0.015343002146396015","0","0.6848958333333334","parsed","https://textage.cc/score/19/csl_moon.html?DAB00","0.37324253692217585","0.03831578205639155","0.10822336219807449","0.19739093242087158","0.18533124369081808","1528.0153977771795","0.39093242087254065","89.1","11.8","true"
"Catch Me","ANOTHER","10","10.2","19.6","4.0947265625","正規","9.109106529209622","12","0.06502310666792419","0.2082901065736112","0.021050646043572433","0","0.8281249999999999","parsed","https://textage.cc/score/12/catchme.html?DAA00","0.43918056153205515","0.02541026427686084","0.056979976222241206","0.13851174934725657","0.10713586387088875","2199.6587096155986","0.4007832898172324","22.9","9.5","false"
"Catch Me","LEGGENDARIA","11","11.8","98.3","6.5751953125","左MIRROR","11.746993127147768","12","0.07526182030935726","0.299155300398581","0.013626357552930778","0","0.5703125","parsed","https://textage.cc/score/12/catchme.html?DXB00","0.46509425216857464","0.026861126393599086","0.07179594064196193","0.11429298067141204","0.1098382937558964","3362.9800498349646","0.37843336724313326","63.1","12.1","true"
"Catch Our Fire!","HYPER","10","9.6","11.3","3.8466796875","FLIP + 両RANDOM","10.116444444444445","11","0.06615565416044274","0.0589798787452771","0.019080924347596753","0","0.828125","parsed","https://textage.cc/score/26/catchfir.html?DHA00","0.41387616920630804","0.03280616678262625","0.08660051941713667","0.10182072829131454","0.1256452100290649","1764.9109383906589","0.45284780578898226","27.9","9.2","false"
"Catch ya Getcha!","ANOTHER","11","11.4","75","5.3349609375","左MIRROR","13.040414507772022","12","0.0641781450872356","0.13692431306067682","0.000680935226389816","0","0.41145833333333337","parsed","https://textage.cc/score/33/c_gatcha.html?DAB00","0.4312325251451362","0.02779922369596192","0.07696275331189535","0.2036074476338255","0.15408721461426872","3017.175608480234","0.35065942591155935","72.1","10.9","false"
"Caterpillar","HYPER","10","10","99.9","8.1875","FLIP","8.972222222222223","12","0.05831241707209212","0.2625221141088013","0.007222467934542493","0","0.7005208333333333","parsed","https://textage.cc/score/24/caterpil.html?DHA00","0.3732479243576467","0.027421953675730193","0.08144584133734344","0.1297583081570978","0.0919569445296385","2950.721120378016","0.49244712990936557","58.5","13.8","true"
"CELEBRATE NITE","ANOTHER","8","9","6.2","3.5986328125","FLIP + 右MIRROR","8.951020408163266","10","0.06332193342453249","0.0632694938440495","0.011272229822161401","0","0.8593749999999999","parsed","https://textage.cc/score/8/celenite.html?DA800","0.4411751576318234","0.024426997898005655","0.060923666940684185","0.19027149321266776","0.1178225078127694","717.5289602558994","0.3031674208144796","10.6","8.8","false"
"Central Station","ANOTHER","10","10.5","91.5","5.955078125","左MIRROR + 右MIRROR","11.167766776677668","11","0.05178939073043385","0.07544697827907201","0.0015910949120818915","0","0.828125","parsed","https://textage.cc/score/23/cstation.html?DAA00","0.39147624183401897","0.022396415047102148","0.06094497848495232","0.19285714285714325","0.13710765760438723","1620.268006433288","0.38751069289991447","53.9","11.5","true"
"Chain of pain","ANOTHER","11","11.4","91.5","5.955078125","FLIP + 右MIRROR","11.361472602739727","14","0.06481138189326431","0.02870089875560776","0","0","0.7916666666666666","parsed","https://textage.cc/score/22/chain_of.html?DAB00","0.41150508750150794","0.02623284609795457","0.07463676152481531","0.20599329421626073","0.165172053633537","1138.5244316686283","0.30930427493713325","76.1","11.5","true"
"Change the World","ANOTHER","11","11.2","75","5.3349609375","正規","10.97542270531401","14","0.06080686426083711","0.04166643741781432","0.022498225613882792","0","0.8307291666666667","parsed","https://textage.cc/score/19/change_w.html?DAB00","0.3792899314313052","0.02295452600863148","0.06734668364181172","0.23410078192875736","0.14600359801027524","1328.5165858828793","0.34144222415291053","67.6","10.9","false"
"Change Yourself","ANOTHER","11","11.2","78.9","5.458984375","FLIP","11.11870196413322","15","0.06944918074756765","0.0698028673835124","0.003551459293394792","0.003571428571428572","0.7864583333333333","parsed","https://textage.cc/score/27/changeys.html?DAB00","0.3879660134438122","0.030469178384191678","0.08035016420126616","0.1497398091934089","0.14595678246068264","1754.5332141028182","0.417172593235039","67.6","11","false"
"CHAOTIC SUNBIRD","ANOTHER","11","11.2","60","4.962890625","右MIRROR","13.250322580645161","14","0.06743069756873388","0.0452738014087708","0.0259142402700682","0","0.7109375","parsed","https://textage.cc/score/32/chaosunb.html?DAB00","0.4298524401276045","0.026990325826849817","0.07663120385090832","0.19646084337349345","0.1624734202750505","2163.308977199008","0.30271084337349397","67.6","10.5","false"
"chaplet  -IIDX re:build-","HYPER","10","10.2","30.9","4.3427734375","正規","9.367429340511439","11","0.06541487068965524","0.03999042145593897","0","0.0030172413793103452","0.7447916666666666","parsed","https://textage.cc/score/33/chaplet.html?DHA00","0.5026643852509158","0.02853386579607215","0.0756755168662455","0.10715811965811807","0.11977734361998736","1622.1450859099446","0.2329059829059829","22.9","9.8","false"
"ChaserXX","ANOTHER","11","11.2","70.6","5.2109375","左MIRROR + 右MIRROR","11.71861086375779","14","0.06974784701114442","0.0341818642350556","0.01880445795339425","0","0.6041666666666666","parsed","https://textage.cc/score/25/chaserxx.html?DAB00","0.39530755255302785","0.02609648022682777","0.07448687428314239","0.1566193853427895","0.15701111896679626","1381.746588010655","0.40583136327817176","67.6","10.8","false"
"Chasing After YOU ～夢の欠片～ ft. 小林マナ","ANOTHER","10","10.2","55.2","4.8388671875","左MIRROR + 右MIRROR","9.284452296819788","12","0.07563907389787479","0.03187440532825894","0","0","0.8802083333333331","parsed","https://textage.cc/score/32/chsafter.html?DAA00","0.39859189300438486","0.029374920920511024","0.08716923751073866","0.1645089285714272","0.1346831612497116","1083.5400651255236","0.4654017857142857","63.1","10.4","false"
"CHECKING YOU OUT","HYPER","11","11.6","89","5.8310546875","FLIP + 両RANDOM","4.91558073654391","10","0.03878745965882909","0.5835446442292913","0.0009282311356999805","0","0.8697916666666667","parsed","https://textage.cc/score/4/checking.html?DHB00","0.38635667606830576","0.0688485338237521","0.04823986189680542","0.07809224318658281","0.035631638133755916","2099.905233446335","0.4381551362683438","7.9","11.4","true"
"CHECKING YOU OUT","ANOTHER","11","10.7","70.6","5.2109375","FLIP + 両RANDOM","7.108988764044944","11","0.04877192982456151","0.3360992571518889","0.0001095832674780463","0","0.7109374999999999","parsed","https://textage.cc/score/4/checking.html?DAB00","0.43906745419732696","0.026325626126917717","0.045150566063935894","0.11199376947040386","0.06295466589161851","2034.3795461448833","0.42990654205607476","5.4","10.8","false"
"Chemical Colours","ANOTHER","11","11.6","93.6","6.0791015625","FLIP + 左MIRROR","12.5465057817999","14","0.06831646964536137","0.10719294730514929","0.009168503305950525","0","0.7057291666666667","parsed","https://textage.cc/score/31/chemiclr.html?DAB00","0.4449356829755023","0.030143079524392203","0.07833681124108949","0.19563265306122327","0.14895452733922918","2692.3370111223385","0.27918367346938777","67.6","11.6","true"
"Chemical Cookie","ANOTHER","11","10.7","70.6","5.2109375","左MIRROR","10.900684931506849","14","0.073716619541313","0.09877997696093811","0.002639019792648405","0","0.5364583333333334","parsed","https://textage.cc/score/25/chemicoo.html?DAB00","0.3890836132196645","0.03941751414622578","0.09388453371153578","0.19475079533403997","0.13399920676175844","2440.7535033882127","0.4485683987274655","58.5","10.8","false"
"Chewingood!!!","ANOTHER","10","10.2","30.9","4.3427734375","FLIP","11.352119129438718","14","0.0741778333871483","0.05274257345818524","0.015954149176622426","0","0.9375","parsed","https://textage.cc/score/28/chewingd.html?DAA00","0.33586572889308747","0.028411653448239135","0.08216277915898113","0.21337662337662291","0.14201393345173102","1498.7562292854361","0.470995670995671","49","9.8","false"
"chrono diver -fragment-","ANOTHER","9","9","2.2","3.2265625","正規","7.684747334260547","10","0.05964904078185337","0.0011160714285714285","0.006652992277992104","0","0.7994791666666667","parsed","https://textage.cc/score/22/chrono_f.html?DA900","0.37887327218053096","0.022876376988984155","0.06975251617276866","0.22441860465116198","0.10335309155313972","257.13167031506964","0.5104039167686658","1.7","8","false"
"chrono diver -fragment-","LEGGENDARIA","10","10","11.3","3.8466796875","FLIP + 左MIRROR + 右MIRROR","9.554473806212332","10","0.06509364840603596","0.0026929982046678637","0.006350623513998524","0","0.7161458333333333","parsed","https://textage.cc/score/22/chrono_f.html?DXA00","0.4538690845181111","0.02250554323725062","0.06862180446620525","0.23658536585365744","0.12639133047292228","412.8921513565014","0.3669623059866962","33","9.2","false"
"CHRONO DIVER -NORNIR-","ANOTHER","11","11.6","86.1","5.70703125","正規","13.663398692810457","13","0.059193887313356","0.019911504424778806","0.01661120032801444","0","0.8802083333333333","parsed","https://textage.cc/score/22/chrono_n.html?DAB00","0.3906933634782586","0.024602103930654602","0.06997224696237377","0.23422117329737446","0.17407564839317097","1056.0256722829401","0.29062710721510454","79.6","11.3","true"
"Chrono Diver -PENDULUMs-","HYPER","11","11.6","93.6","6.0791015625","両RANDOM","11.972164948453607","14","0.071619090674244","0.016045236660064965","0.010826946812480295","0","0.875","parsed","https://textage.cc/score/22/chrono_p.html?DHB00","0.3829646220760981","0.034729704399605515","0.08446621355440581","0.17381656804733644","0.164110119732815","976.7438498453648","0.39644970414201186","79.6","11.6","true"
"Chronos","ANOTHER","11","11.4","70.6","5.2109375","FLIP + 左MIRROR + 右MIRROR","12.26087417218543","16","0.06663774428466053","0.08088184457964602","0.0008591445427728614","0.00663716814159292","0.5937500000000001","parsed","https://textage.cc/score/22/chronos.html?DAB00","0.3863571913427178","0.023637469233623757","0.06242224736406558","0.2193230505569838","0.15623781672900214","2414.8611748235608","0.35218508997429304","83","10.8","false"
"Chronos","LEGGENDARIA","11","11.6","70.6","5.2109375","FLIP + 左MIRROR","13.137942604856512","13","0.0769430703716442","0.06422864332415691","0.009220578114246383","0","0.8333333333333334","parsed","https://textage.cc/score/22/chronos.html?DXB00","0.3715897726780579","0.02766251180843147","0.0808746356846969","0.2357474825716521","0.1624578445321223","1796.8885638691838","0.40898528272656853","67.6","10.8","false"
"Citroforte","HYPER","10","","","","","","","","","","","","unparsed","https://textage.cc/score/34/citrofrt.html?DHA00","","","","","","","","","",""
"City Never Sleeps (IIDX EDITION)","ANOTHER","11","11.8","75","5.3349609375","両RANDOM","11.22665750601168","12","0.07814357869656367","0.013957226669277768","0.005984676017722603","0","0.8645833333333333","parsed","https://textage.cc/score/25/citynvrs.html?DAB00","0.44869334171367453","0.02932021210506821","0.08110845668552619","0.2089897260273957","0.1543772723084253","1004.4958842189031","0.3321917808219178","79.6","10.9","false"
"Claiomh Solais","ANOTHER","10","10.2","19.6","4.0947265625","左MIRROR + 右MIRROR","10.457119741100325","10","0.07910290135396457","0.049013539651837565","0.007018955512572768","0","0.7213541666666667","parsed","https://textage.cc/score/21/claiomh.html?DAA00","0.4061507354926135","0.03245223698661228","0.09164279131228081","0.2351393188854475","0.13620263971867952","1317.327134533382","0.36635706914344685","33","9.5","false"
"Cleopatrysm","ANOTHER","11","11.6","78.9","5.458984375","FLIP + 左MIRROR + 右MIRROR","10.576137418755803","13","0.07798011500812008","0.15801545147271828","0.014138097537421524","0","0.9062499999999998","parsed","https://textage.cc/score/21/cleopatr.html?DAB00","0.47353339370606534","0.04486860059031186","0.08322662494276056","0.09742750233863225","0.1290035407038226","3206.119845394147","0.323666978484565","72.1","11","false"
"Click Again","ANOTHER","10","10.2","8.4","3.72265625","FLIP + 左MIRROR","9.267122395833333","10","0.06505908263841562","0.13131309583189898","0.031451353420961385","0","0.7421875000000001","parsed","https://textage.cc/score/11/click.html?DAA00","0.3775557663830481","0.022415276779562628","0.06526917712032454","0.15535117056856046","0.11372436104575587","2484.5716397473425","0.451505016722408","18.4","9","false"
"Clione","ANOTHER","9","10","25.1","4.21875","右MIRROR","8.650462962962964","12","0.06566978860048157","0.028485416109178572","0","0","0.671875","parsed","https://textage.cc/score/4/clione.html?DA900","0.4580825769507211","0.02331241053600521","0.06919568310089386","0.1613436123348004","0.12660567245480242","1053.3896303938661","0.29405286343612336","18.4","9.7","false"
"Clione","LEGGENDARIA","11","11.4","60","4.962890625","正規","10.303472222222224","12","0.06514636831345028","0.00947518590910118","0.0015964593021951818","0.02132169576059848","0.8515625000000001","parsed","https://textage.cc/score/4/clione.html?DXB00","0.4512342206256141","0.019822431422010605","0.056419039856618704","0.16894832275611998","0.1445069027224253","600.4348574711364","0.2665457842248413","49","10.5","false"
"Close my Eyes for Me","ANOTHER","11","11.4","89","5.8310546875","正規","8.720193264175075","10","0.06067107750472588","0.3164899763556962","0","0","0.5598958333333335","parsed","https://textage.cc/score/11/closeyes.html?DAB00","0.387795598080094","0.04420597292517091","0.07307363146142476","0.1283351120597632","0.09880141391257002","3486.9959196268824","0.439701173959445","49","11.4","true"
"CODE -CRiMSON-","ANOTHER","11","11.6","91.5","5.955078125","FLIP + 左MIRROR","13.26326219512195","13","0.06210699522260607","0.07952042172851952","0.01611854984847947","0","0.5390625","parsed","https://textage.cc/score/30/ccrimson.html?DAB00","0.4192963221963641","0.027594656767491205","0.07760452174974224","0.19877707896575864","0.17124358372862458","2440.153681763626","0.31516422082459816","79.6","11.5","true"
"CODE:&Oslash;","HYPER","10","","15","3.970703125","左MIRROR + 右MIRROR","9.282051282051283","11","0.07617403314917089","0.11279926335174965","0.008766114180478252","0","0.7395833333333334","parsed","https://textage.cc/score/26/code_0.html?DHA00","0.45040749619438436","0.031536856032919884","0.08895958509249526","0.07411705348133071","0.11177826748846802","1834.871452636542","0.32996972754793136","18.4","9.3","false"
"CODE:&Oslash;","ANOTHER","11","","78.9","5.458984375","正規","11.811965811965813","14","0.06547033285094017","0.1556439942112879","0.011751085383501971","0","0.75","parsed","https://textage.cc/score/26/code_0.html?DAB00","0.42319094186096806","0.02963118757142842","0.07685476703428414","0.14526440410418312","0.1347729549896975","3255.2528581403894","0.30702446724546173","72.1","11","false"
"COLOR BURST","ANOTHER","10","10.2","30.9","4.3427734375","左MIRROR + 右MIRROR","9.466139458984497","12","0.06171855938046998","0.0438391767888398","0.005660637564313226","0","0.8255208333333335","parsed","https://textage.cc/score/33/colorbst.html?DAA00","0.4318289400394337","0.022751826059293923","0.06667059991710332","0.1961145194274024","0.1284917816268957","1561.0645486053154","0.30777096114519426","49","9.8","false"
"Colorful Cookie","HYPER","10","10","43.9","4.5908203125","FLIP + 右MIRROR","11.040723981900452","14","0.06955191256830569","0.03142076502732236","0.009027322404371563","0","0.6666666666666666","parsed","https://textage.cc/score/16/cocookie.html?DHA00","0.37296426347725925","0.028875894844646612","0.08671948808372709","0.23043087971274645","0.14400194898545202","947.152899219257","0.3599640933572711","53.9","10.1","false"
"Colors (radio edit)","HYPER","10","10.5","93.6","6.0791015625","正規","9.539930555555555","16","0.052905671822869454","0.04033970276008494","0.0006551410373065804","0","0.7265625","parsed","https://textage.cc/score/6/colors.html?DHA00","0.36289942027991196","0.025527280646541594","0.0663617221096991","0.12289448209099506","0.13959237616396664","941.3192633938139","0.38528557599225555","79.6","11.6","true"
"Colors -Y&Co.Eurobeat Remix-","HYPER","10","9.6","65.3","5.0869140625","FLIP + 左MIRROR + 右MIRROR","8.744849445324881","12","0.05504681647940079","0.03154826628005319","0","0","0.7395833333333334","parsed","https://textage.cc/score/8/colors_y.html?DHA00","0.33016533096621514","0.023314427425008263","0.06185298595092515","0.13169014084506833","0.12288898049581864","844.4185512553868","0.49899396378269617","53.9","10.6","false"
"Colors -Y&Co.Eurobeat Remix-","ANOTHER","10","10","65.3","5.0869140625","FLIP + 左MIRROR + 右MIRROR","9.006867406233493","12","0.055627272727272754","0.03202346041055724","0.0006780058651026593","0","0.7421875","parsed","https://textage.cc/score/8/colors_y.html?DAA00","0.34092461158296405","0.02324533286467613","0.061779601519865175","0.13701684836471653","0.1272879555018321","852.4567322140148","0.4836471754212091","53.9","10.6","false"
"COLOSSEUM","ANOTHER","10","10.7","65.3","5.0869140625","FLIP + 左MIRROR","11.706214689265536","13","0.0629403957528956","0.03179295366795356","0.008600386100386432","0","0.5104166666666666","parsed","https://textage.cc/score/22/coloseum.html?DAA00","0.43477781777778896","0.02222761952559229","0.06300869908226799","0.2182587064676603","0.15324287892655453","1059.6523591025089","0.3194029850746269","67.6","10.6","false"
"CoMAAAAAAA","HYPER","10","10.5","19.6","4.0947265625","FLIP + 左MIRROR + 右MIRROR","9.991319444444445","11","0.053983492615117375","0.07384882710686368","0","0","0.4765625","parsed","https://textage.cc/score/26/comaaaaa.html?DHA00","0.4024903639527993","0.019185310708776562","0.054762245434773774","0.20284249767008242","0.12383157698684785","2387.26627380878","0.3783783783783784","18.4","9.5","false"
"CoMAAAAAAA","ANOTHER","10","11","55.2","4.8388671875","正規","11.319444444444445","14","0.057825920245398586","0.06365030674846625","0","0","0.7968750000000001","parsed","https://textage.cc/score/26/comaaaaa.html?DAA00","0.43305393654460284","0.01970863534416389","0.053299395669351865","0.21129597197898317","0.14121287148617734","2470.271610373912","0.3108581436077058","58.5","10.4","false"
"CONCEPTUAL","ANOTHER","11","11.2","86.1","5.70703125","FLIP + 右MIRROR","12.818707015130673","14","0.07756037714252952","0.06592125218187553","0.024639024808996136","0","0.7421875000000001","parsed","https://textage.cc/score/20/concept.html?DAB00","0.43561212120342796","0.032632731170767024","0.08572322428958738","0.17343368592351405","0.16302976500497723","2232.967454440886","0.354759967453214","79.6","11.3","true"
"Concertino in Blue","HYPER","10","10.2","43.9","4.5908203125","右MIRROR","10.209992336419758","16","0.06573589451446764","0.11332372710494422","0.02750374542489245","0","0.7708333333333334","parsed","https://textage.cc/score/13/concert.html?DHA00","0.42313484260918793","0.032896686061656855","0.08379140294978774","0.15044543429843904","0.12687829714314158","2171.9594794089094","0.41202672605790647","53.9","10.1","false"
"Confiserie","HYPER","10","10.5","50","4.71484375","右MIRROR","10.52073613271125","14","0.06154931138978541","0.10133287343861626","0.006902362709107946","0","0.8229166666666667","parsed","https://textage.cc/score/20/confiser.html?DHA00","0.45539302644669566","0.036684831494711946","0.08724645154574517","0.09669902912621142","0.12487986392906325","2388.424416642352","0.3825242718446602","38.1","10.3","false"
"connective","ANOTHER","8","8.5","0.9","2.8544921875","FLIP + 左MIRROR","6.890287277701779","7","0.07293519695044473","0.027060832274459976","0.0020584498094027956","0","0.8333333333333334","parsed","https://textage.cc/score/20/connectv.html?DA800","0.4359510803700769","0.030218579234972766","0.09111736207786163","0.15368852459016202","0.09252704846165538","983.8480151758446","0.34153005464480873","0.6","7.3","false"
"Constellation","ANOTHER","11","11.4","60","4.962890625","FLIP + 左MIRROR + 右MIRROR","11.186337297956694","12","0.06815049073064308","0.033042529989094835","0","0","0.5703125","parsed","https://textage.cc/score/32/constell.html?DAB00","0.4070555450680157","0.02702238405885141","0.07956137580633806","0.18338997451146902","0.15012893738694927","1383.776370774316","0.3576890399320306","53.9","10.5","false"
"CONTRACT","HYPER","10","10.2","19.6","4.0947265625","FLIP + 左MIRROR + 右MIRROR","8.419672131147541","13","0.0823539719626166","0.0934579439252336","0.013956386292834813","0","0.7682291666666665","parsed","https://textage.cc/score/13/contract.html?DHA00","0.25744260645984784","0.028413079975145365","0.06910955763879284","0.06796874999999962","0.11725989369563015","873.7329088178172","0.6927083333333334","43.5","9.5","false"
"Cookie Bouquets","HYPER","10","9.6","6.2","3.5986328125","FLIP + 左MIRROR","9.027744982290436","9","0.06940942479129872","0.09905403343577658","0.01591839403648717","0","0.8984374999999999","parsed","https://textage.cc/score/20/cookie_b.html?DHA00","0.40661312049316123","0.032791481977255024","0.09012701219001705","0.18902912621359208","0.11226163947128844","2306.9445129811797","0.4242718446601942","7.9","8.8","false"
"Cookie Bouquets","ANOTHER","11","11.6","82.6","5.5830078125","右MIRROR","14.63478945297127","13","0.09388052276333105","0.08262295963643206","0.02194960604512318","0","0.7447916666666666","parsed","https://textage.cc/score/20/cookie_b.html?DAB00","0.43171894668890864","0.03739607430861195","0.0901921495416831","0.23926128590971704","0.18138315646623998","3131.683108970432","0.25444596443228457","92.7","11.1","true"
"Cosmic Cat","ANOTHER","10","10.5","55.2","4.8388671875","FLIP","9.558333333333334","11","0.04889167393199636","0.024847428073234524","0.0007846556233653015","0","0.5833333333333333","parsed","https://textage.cc/score/22/cosmicat.html?DAA00","0.36599897293587846","0.013374931959215366","0.04000562329568463","0.19862475442043168","0.13496603181679903","602.4076847595953","0.43222003929273084","49","10.4","false"
"COSMIC CYBER","ANOTHER","11","11.6","89","5.8310546875","左MIRROR","12.834757834757832","12","0.058075915649278345","0.06215316315205333","0.003675915649278624","0","0.8333333333333334","parsed","https://textage.cc/score/26/coscyber.html?DAB00","0.40818820640934805","0.023844271531065393","0.06551132732566754","0.22272030651341126","0.16267769859829212","1425.3461859154395","0.25287356321839083","63.1","11.4","true"
"COSMIC RAY","HYPER","10","10.7","55.2","4.8388671875","右MIRROR","11.359813084112151","13","0.07268807989396181","0.08686411627588084","0.018302481831893605","0.019251336898395706","0.84375","parsed","https://textage.cc/score/28/cosmcray.html?DHA00","0.42158906013695163","0.033229563164215326","0.08946213488207322","0.07974559686888319","0.14348269056622853","1332.007787403276","0.44129158512720157","58.5","10.4","false"
"COSMIC V3LOCITY","HYPER","10","10","25.1","4.21875","FLIP + 右MIRROR","10.523249299719888","11","0.06629471890971023","0.0844335604770022","0.02889267461669475","0","0.7005208333333334","parsed","https://textage.cc/score/32/cosmcv3l.html?DHA00","0.45144155048061657","0.031743672690805344","0.08626611887216393","0.12459016393442536","0.12673732432871598","2608.3605079503045","0.331511839708561","18.4","9.7","false"
"COSMIC☆WONDER☆REVOLUTION","ANOTHER","9","9.3","19.6","4.0947265625","左MIRROR","10.172994129158514","10","0.07293205601723579","0.06351954447522325","0","0","0.640625","parsed","https://textage.cc/score/25/cosmicwd.html?DA900","0.39281171597589803","0.02870698672389731","0.08435659479813296","0.2531496062992104","0.12733637134233572","1841.2459908763255","0.33520809898762655","27.9","9.5","false"
"Countdown to Heaven or Hell","ANOTHER","11","11.4","93.6","6.0791015625","左MIRROR","14.180113923137935","12","0.06584468941951692","0.04895659602164078","0.0056429239718505594","0.0002837326607818411","0.8776041666666667","parsed","https://textage.cc/score/33/countdhh.html?DAB00","0.4214698102043094","0.0238974676076189","0.06910709347792163","0.20585774058577694","0.1811837445330454","1959.4942551115157","0.2733612273361227","79.6","11.6","true"
"COUNTING SHEEP ft. Kanae Asaba","ANOTHER","10","10.5","50","4.71484375","左MIRROR","11.001612903225807","12","0.07419684308263676","0.025265112642330098","0","0","0.8697916666666667","parsed","https://textage.cc/score/31/cntsheep.html?DAA00","0.4758549549760661","0.02989519598979888","0.08998933338078112","0.24678160919540118","0.14752067949846778","1182.974151834492","0.16551724137931034","72.1","10.3","false"
"Cradle","HYPER","10","10","4.4","3.474609375","FLIP + 左MIRROR + 右MIRROR","7.415949685534591","11","0.07891520570994363","0.09223278739687359","0.006545267042987095","0","0.8541666666666665","parsed","https://textage.cc/score/9/cradle.html?DHA00","0.40546971247582403","0.02731506831826788","0.0794681118395209","0.18387334315169165","0.10274046189290864","1449.8195464440892","0.4270986745213549","22.9","8.5","false"
"Cranberry City ft. Luschel","ANOTHER","10","10.2","43.9","4.5908203125","左MIRROR + 右MIRROR","10.936822429906542","12","0.07705655819888772","0.03062619633579447","0.006589189681888477","0","0.8046874999999999","parsed","https://textage.cc/score/26/cranbery.html?DAA00","0.45179915733885256","0.027921944046776247","0.08473471852325361","0.16846153846153786","0.13618116258375856","1011.7246248186269","0.3212669683257919","49","10.1","false"
"Crank It","ANOTHER","9","9.3","15","3.970703125","右MIRROR","10.210526315789474","11","0.07718642611683828","0.050042955326460484","0.0005326460481099661","0","0.7916666666666667","parsed","https://textage.cc/score/27/crankit.html?DA900","0.3914474118009361","0.030191283073711783","0.08798361334610054","0.24283520982599616","0.13021790393079963","1625.8675816396283","0.3961105424769703","27.9","9.3","false"
"Crazy Jackpot","ANOTHER","11","11.4","82.6","5.5830078125","FLIP + 左MIRROR + 右MIRROR","12.652604166666666","12","0.0701325484707523","0.11155476886345858","0.008078047174083069","0","0.6276041666666666","parsed","https://textage.cc/score/28/crazy_jp.html?DAB00","0.36351134116614076","0.03210080329947263","0.08265250375811667","0.1523664122137409","0.15265219517250364","2422.939909033478","0.433587786259542","67.6","11.1","true"
"crew","ANOTHER","11","11.2","78.9","5.458984375","両RANDOM","12.84302271673621","13","0.07471063878941815","0.048400138616148926","0.01314889684648255","0","0.921875","parsed","https://textage.cc/score/24/crew.html?DAB00","0.4006304175659038","0.03453462321450911","0.0947407434049022","0.15123277737491045","0.16234760050033675","1879.6226350964873","0.4242204496011603","76.1","11","false"
"Critical Crystal","ANOTHER","11","11.6","96.8","6.3271484375","FLIP","12.868411126826969","18","0.05918703446557649","0.08338310025316995","0.06920725876477965","0","0.8177083333333333","parsed","https://textage.cc/score/21/ccrystal.html?DAB00","0.3123846138863906","0.01791242924088326","0.038584248705934084","0.1823896752706071","0.16392185119092667","1506.6426968342876","0.5120732722731057","99.7","11.9","true"
"Cross Fire","HYPER","10","10.2","43.9","4.5908203125","FLIP + 左MIRROR + 右MIRROR","9.883870967741936","11","0.06351465042065552","0.09588047577603717","0.022906875543951193","0","0.6953125","parsed","https://textage.cc/score/32/crosfire.html?DHA00","0.4222169785312322","0.031293402012239485","0.08434897364324383","0.149078341013825","0.12240350410637826","2321.7263000885087","0.3778801843317972","27.9","10.1","false"
"CROSSROAD","ANOTHER","10","","6.2","3.5986328125","右MIRROR","9.79851362510322","11","0.07223692342266405","0.09882577672902967","0.00020675318838121647","0","0.7473958333333333","parsed","https://textage.cc/score/14/crosroad.html?DAA00","0.468957490005265","0.02456666888413554","0.07077300551011628","0.17318668252080746","0.1210296024666567","1853.7414155670444","0.21997621878715815","18.4","8.8","false"
"CUE CUE RESCUE","ANOTHER","10","10.5","43.9","4.5908203125","右MIRROR","12.196078431372548","13","0.07938756028938884","0.032581390675241156","0.002057877813504824","0","0.7916666666666669","parsed","https://textage.cc/score/30/cuerscue.html?DAA00","0.4692237477607473","0.03087495069741432","0.08972516282766804","0.18112648221343813","0.15203775409888923","1397.3986288467243","0.24110671936758893","58.5","10.1","false"
"Cult Invitation","HYPER","10","9.6","43.9","4.5908203125","左MIRROR + 右MIRROR","8.11630570077172","9","0.06280904941846208","0.17586003827845137","0.003187907935417539","0","0.7552083333333335","parsed","https://textage.cc/score/31/cultinvi.html?DHA00","0.3514356235989223","0.03077434664210015","0.09052126261548953","0.11259220231822786","0.09545278303720069","1992.3780275182814","0.48366701791359323","3.8","10.1","false"
"Cyber Force","ANOTHER","8","9.3","6.2","3.5986328125","左MIRROR","9.675157088122605","9","0.07916167171441933","0.015409374881198324","0","0","0.44010416666666663","parsed","https://textage.cc/score/14/cybforce.html?DA800","0.32282722098695155","0.027053694181274457","0.08046613119071974","0.16563126252504884","0.13008659678972848","636.5319003767926","0.5450901803607214","7.9","8.8","false"
"Cyber Force -DJ Yoshitaka Remix-","ANOTHER","10","10","37.2","4.466796875","両RANDOM","9.964712097200211","16","0.07720789685737238","0.12683956062598087","0","0","0.9036458333333335","parsed","https://textage.cc/score/16/cyber_4c.html?DAA00","0.4163053299348199","0.033005079472676634","0.0939448706302903","0.15933682373472904","0.1295809475928888","2415.856414068434","0.27486910994764396","67.6","10","false"
"Cyber True Color","ANOTHER","11","10.7","82.6","5.5830078125","左MIRROR + 右MIRROR","10.141784820683904","15","0.06976973684210466","0.07305372807017532","0","0","0.6276041666666667","parsed","https://textage.cc/score/24/cyberclr.html?DAB00","0.442062804687381","0.029490668220692004","0.07765834757352583","0.14099264705882347","0.13948554858188453","2586.2111739121847","0.36672794117647056","63.1","11.1","true"
"D","HYPER","10","10.5","25.1","4.21875","FLIP + 右MIRROR","8.835725172767416","10","0.057595844410242125","0.08518906091305982","0.00043544940013218875","0","0.5703125","parsed","https://textage.cc/score/17/d_eagle.html?DHA00","0.4639207484903073","0.025607445916151904","0.07070008453163477","0.11656626506023884","0.1197710743191048","2035.9330949967418","0.25100401606425704","10.6","9.7","false"
"D","ANOTHER","11","11.2","60","4.962890625","FLIP + 両RANDOM","10.878067132388484","13","0.06329582907148514","0.0734779467170647","0.0009455619956810872","0","0.8854166666666666","parsed","https://textage.cc/score/17/d_eagle.html?DAB00","0.48536074109417765","0.027507632865409262","0.07169897727877003","0.14991235758106794","0.14400433510092192","2143.1338802083537","0.19193689745836984","53.9","10.5","false"
"D.A.N.C.E.!","ANOTHER","8","8.5","0.6","2.73046875","FLIP","6.312333333333333","8","0.059454771083064906","0.13518508739504692","0.015495590642656706","0","0.5937500000000001","parsed","https://textage.cc/score/11/dance_.html?DA800","0.4742547936269272","0.026227193665603783","0.06211592244267108","0.16666666666666524","0.07981991341181","1555.6325897856839","0.3435374149659864","0.3","7","false"
"D.C.fish","ANOTHER","11","11.6","86.1","5.70703125","左MIRROR","10.790249433106576","13","0.069287721971209","0.04597036881370174","0","0","0.6380208333333334","parsed","https://textage.cc/score/13/dcfish.html?DAB00","0.37449857445650947","0.026810204830029345","0.07408215268754224","0.1841197822141544","0.1460527638912674","1215.174119928598","0.4101633393829401","79.6","11.3","true"
"D.K.N. ON","ANOTHER","11","11.2","70.6","5.2109375","左MIRROR + 右MIRROR","11.05","12","0.07148646041600856","0.09027631625100865","0.00979971237153121","0","0.9322916666666667","parsed","https://textage.cc/score/33/d_k_n_on.html?DAB00","0.4043849823932681","0.034120257699208845","0.08360777490604492","0.17211302211302126","0.13787716530958458","2512.835954416588","0.4095004095004095","58.5","10.8","false"
"Dahlia","HYPER","10","10.2","37.2","4.466796875","両RANDOM","8.62998188405797","11","0.06575570716347422","0.10721595381789553","0.0038918918918919997","0","0.9244791666666667","parsed","https://textage.cc/score/31/dahlia.html?DHA00","0.45875648894105236","0.03619443929880308","0.08938397428819003","0.12368995633187563","0.11857233780294203","2228.618427520301","0.3296943231441048","27.9","10","false"
"Daily Lunch Special","ANOTHER","11","11.4","70.6","5.2109375","正規","13.179151803408642","14","0.09825997714354424","0.0350290216835585","0.027597365492767145","0.003051787916152898","0.8072916666666667","parsed","https://textage.cc/score/23/daylunch.html?DAB00","0.44666238934929303","0.03023608995952109","0.08867064800339444","0.20763239875389436","0.16323778298644825","1760.9343754799586","0.26479750778816197","94.9","10.8","false"
"Daisuke","ANOTHER","11","11.6","43.9","4.5908203125","FLIP + 右MIRROR","10.39780701754386","12","0.078326364575863","0.03187349727928453","0.0012511072678955733","0","0.8098958333333331","parsed","https://textage.cc/score/10/daisuke.html?DAB00","0.43039632270985334","0.02902741581077649","0.08199262707172766","0.1744252873563216","0.13787569430534194","1166.9903826556529","0.3735632183908046","43.5","10.1","false"
"Damage Per Second","ANOTHER","10","10.2","11.3","3.8466796875","FLIP + 右MIRROR","9.614814814814816","10","0.07806320621468933","0.06708237031330257","0.0006214689265537399","0","0.7838541666666666","parsed","https://textage.cc/score/23/damageps.html?DAA00","0.4274703378190303","0.02995319687158558","0.08543685247504643","0.18560090702947737","0.1237039674000989","2046.77748044358","0.3922902494331066","18.4","9.2","false"
"Damage Per Second","LEGGENDARIA","11","11.4","37.2","4.466796875","正規","11.271913580246915","13","0.08455984228252217","0.05445497111251082","0.014975493551655263","0.0021809369951534736","0.8463541666666669","parsed","https://textage.cc/score/23/damageps.html?DXB00","0.44414362819850656","0.031146641608069674","0.08603620251581731","0.202053388090348","0.14805925715059298","2019.9539035633852","0.3275154004106776","63.1","10","false"
"Dances with Snow Fairies","HYPER","10","10.5","50","4.71484375","両RANDOM","10.47022988505747","10","0.05948211129529795","0.06960347344962707","0.0025047479992534464","0","0.9270833333333334","parsed","https://textage.cc/score/18/dancwith.html?DHA00","0.396977216215382","0.026059713162066463","0.0647152886784917","0.1088082901554386","0.131422108427382","1635.602068634287","0.42918825561312607","22.9","10.3","false"
"Dans la nuit de l'&eacute;ternit&eacute;","HYPER","10","","19.6","4.0947265625","両RANDOM","9.28582995951417","11","0.07353323741425402","0.05512440413905353","0.023485641204510996","0","0.7343749999999999","parsed","https://textage.cc/score/27/dans_la.html?DHA00","0.4510542336694274","0.031976950357380296","0.09290317346943737","0.16860019175455349","0.11941144601280171","2022.854904680357","0.40939597315436244","14","9.5","false"
"Danza Aestas","ANOTHER","11","11.8","96.8","6.3271484375","左MIRROR","13.270868824531515","12","0.053398587933247296","0.025887890457851954","0.004073598630723174","0","0.6041666666666666","parsed","https://textage.cc/score/28/danzaest.html?DAB00","0.3764519989030105","0.02169685483616639","0.0612049993426709","0.20323450134771112","0.17459372039736035","1617.4286124426687","0.3247978436657682","89.1","11.9","true"
"dAuntl3ss","HYPER","10","10.2","25.1","4.21875","正規","9.826656433870554","12","0.06145583197092598","0.0022440670200247854","0.007889952202934085","0","0.6223958333333333","parsed","https://textage.cc/score/26/dauntl3s.html?DHA00","0.36357803972155917","0.020745085599034194","0.058810325704631225","0.1500000000000017","0.1323191499092425","418.06630793476285","0.4386129334582943","43.5","9.7","false"
"DAWN -THE NEXT ENDEAVOUR-","ANOTHER","10","11","50","4.71484375","両RANDOM","11.402199074074074","12","0.07684560726792801","0.01380500431406383","0.03235324569862482","0","0.7760416666666666","parsed","https://textage.cc/score/17/dawn_end.html?DAA00","0.3054988350503821","0.032709294486462044","0.09858249154942345","0.27172236503856684","0.14767068281194315","626.1088230215955","0.4697943444730077","43.5","10.3","false"
"DAY DREAM","HYPER","10","9","15","3.970703125","両RANDOM","7.68559360703881","10","0.0608293752283524","0.07053799780781853","0.027838265741078866","0","0.7760416666666665","parsed","https://textage.cc/score/20/daydream.html?DHA00","0.4857026733894132","0.03230009028013096","0.08452372905971084","0.11298076923076816","0.10881518739775714","1282.9953271783734","0.2932692307692308","3.8","9.3","false"
"DAYDREAMER","ANOTHER","10","10.2","25.1","4.21875","左MIRROR","10.811224489795919","12","0.06976403964133983","0.03309344030202927","0.046356772062293536","0","0.8046875000000001","parsed","https://textage.cc/score/18/ddreamer.html?DAA00","0.4304438907114672","0.0240330324198396","0.07075143274725182","0.24909008189262966","0.14017568764014118","1462.8779366968856","0.35850773430391264","43.5","9.7","false"
"DAZZLE ATTACK","ANOTHER","11","11.2","70.6","5.2109375","FLIP + 左MIRROR","11.979015918958032","13","0.07196566998892531","0.07696566998892579","0.006596194503170941","0","0.7499999999999999","parsed","https://textage.cc/score/31/dazzleat.html?DAB00","0.43210040805188665","0.029121055716165866","0.0801953481341791","0.19419795221843011","0.15435170120181696","2102.474734348626","0.3506825938566553","76.1","10.8","false"
"Dazzlin' Darlin","ANOTHER","11","10.5","6.2","3.5986328125","両RANDOM","9.397362110311752","13","0.10688512772092756","0.008047949575114233","0","0","0.9713541666666666","parsed","https://textage.cc/score/15/dazzlin.html?DAB00","0.5073106931300513","0.038269230769230896","0.11655847976297641","0.20892857142857005","0.13073497017106261","580.930644423603","0.21153846153846154","53.9","8.8","false"
"Dazzlin' Darlin -秋葉工房mix-","ANOTHER","11","11.4","70.6","5.2109375","両RANDOM","10.866845397676498","13","0.06763815789473646","0.03903508771929825","0.00035087719298245644","0","0.9713541666666669","parsed","https://textage.cc/score/17/dazzlinr.html?DAB00","0.43229638733483533","0.030851828094259067","0.08312831289863269","0.17073170731707285","0.1413594901484695","1350.6240015900999","0.28893058161350843","63.1","10.8","false"
"DEADHEAT","HYPER","10","9.3","25.1","4.21875","FLIP + 左MIRROR","9.52127659574468","11","0.07603351955307261","0.12011173184357653","0.015493482309125013","0","0.8671874999999999","parsed","https://textage.cc/score/25/deadheat.html?DHA00","0.40712076719377893","0.039050912789268956","0.10667232580630323","0.12338709677419171","0.11216691123933982","3026.1267107703384","0.41330645161290325","18.4","9.7","false"
"DEADRABBIT!!","HYPER","10","","","","","","","","","","","","unparsed","https://textage.cc/score/34/deadrabt.html?DHA00","","","","","","","","","",""
"DEATH†ZIGOQ ～怒りの高速爆走野郎～","HYPER","10","10.5","50","4.71484375","FLIP + 左MIRROR + 右MIRROR","11.323463436518619","12","0.06235142630744829","0.048038827258320184","0.0532488114104599","0","0.7630208333333334","parsed","https://textage.cc/score/25/dthzigoq.html?DHA00","0.3798176805143514","0.025548971011721138","0.07522281690025598","0.17478920741989898","0.13987334753024153","1246.937471500903","0.4494097807757167","43.5","10.3","false"
"Deathstalker","HYPER","10","","","","","","","","","","","","unparsed","https://textage.cc/score/34/dstalker.html?DHA00","","","","","","","","","",""
"Debtty Daddy","ANOTHER","11","11.6","75","5.3349609375","正規","13.305822649572649","12","0.06479103518879034","0.06388381476202887","0","0","0.796875","parsed","https://textage.cc/score/10/debtty.html?DAB00","0.4109013636374658","0.028438485160014796","0.07760903982609249","0.22201929703652923","0.166121318971746","1919.5550315069636","0.35699517574086836","76.1","10.9","false"
"deep in you","ANOTHER","7","8","0.9","2.8544921875","FLIP","4.8999999999999995","11","0.04664573521716387","0.18733647305075865","0.0062375719518575476","0","0.7968749999999999","parsed","https://textage.cc/score/s/deepindd.html?DA700","0.3599837657579149","0.02033145487553958","0.051662247008668664","0.08163841807909657","0.07230125663533937","645.2131620016655","0.5706214689265536","0.6","7.3","false"
"DEEP ROAR","ANOTHER","11","11.2","75","5.3349609375","FLIP + 両RANDOM","12.224193548387095","13","0.06537570919646378","0.04773057131547695","0.0018524871355058755","0","0.8489583333333333","parsed","https://textage.cc/score/13/dproar30.html?DAB00","0.4009360876617482","0.025199566292429428","0.07405612627815675","0.23166804293971976","0.15772554782626455","1648.1981517814313","0.3542526837324525","72.1","10.9","false"
"Deep Sea Mystery","ANOTHER","11","11.2","55.2","4.8388671875","正規","8.609672645474458","12","0.058929286484345755","0.0281346945061714","0.00415040373149113","0.014900662251655619","0.8046875","parsed","https://textage.cc/score/31/deepseam.html?DAB00","0.43890848395601795","0.021733865158910803","0.0630266421483467","0.16625124626121665","0.1321127251855609","915.5689119358336","0.22532402791625125","38.1","10.4","false"
"Demon March","HYPER","10","10.5","60","4.962890625","FLIP","11.286015037593986","12","0.07635959068379215","0.03321696956776634","0.004783883174332469","0.0010432766615146832","0.8984375","parsed","https://textage.cc/score/31/demonmch.html?DHA00","0.4608222848141246","0.03137374458631291","0.082772694668345","0.17676056338028168","0.14634332959763477","1745.465509682783","0.31514084507042256","53.9","10.5","false"
"DENIM","HYPER","10","10","25.1","4.21875","FLIP + 左MIRROR","10.89795918367347","10","0.06009987515605505","0.0742821473158552","0","0","0.8671875","parsed","https://textage.cc/score/28/denim.html?DHA00","0.41526069637744584","0.026769281660231077","0.07385116577559245","0.1654582763337874","0.13363218832760984","1213.30693245623","0.4103967168262654","22.9","9.7","false"
"DENIM","ANOTHER","11","11.6","86.1","5.70703125","FLIP + 左MIRROR + 右MIRROR","14.19047619047619","24","0.08332694151486074","0.05369127516778521","0.013806327900287631","0","0.7838541666666666","parsed","https://textage.cc/score/28/denim.html?DAB00","0.43430714543022636","0.04043307781282358","0.0936363413779958","0.20752427184465816","0.1760876898313809","1114.7148758721823","0.34101941747572817","99.9","11.3","true"
"Derelict Star feat. Ryu*","HYPER","10","10","30.9","4.3427734375","FLIP + 左MIRROR","8.802083333333334","12","0.07690335305719913","0.07692307692307701","0","0","0.828125","parsed","https://textage.cc/score/23/derelict.html?DHA00","0.3522890507442241","0.03009990454531401","0.09054857720194714","0.2002267573696128","0.11896661488987957","1334.5510222109865","0.43537414965986393","58.5","9.8","false"
"Derelict Star feat. Ryu*","ANOTHER","11","11.4","75","5.3349609375","両RANDOM","11.961805555555555","13","0.0861139332365747","0.056240928882438306","0","0.0009796806966618288","0.9583333333333334","parsed","https://textage.cc/score/23/derelict.html?DAB00","0.44118143776991653","0.030529994787272238","0.09264820637134748","0.2498009950248747","0.16676927043542833","1333.552077479408","0.20796019900497512","96.2","10.9","false"
"DESIRE","ANOTHER","10","11","60","4.962890625","両RANDOM","11.90897435897436","12","0.06181289697491631","0.05635698137582088","0.002239207664980072","0","0.9817708333333333","parsed","https://textage.cc/score/17/desire.html?DAA00","0.41465400736581615","0.027518742018367667","0.07488824921482846","0.19264462809917363","0.1525495741199962","1739.479074274491","0.39008264462809916","49","10.5","false"
"Despair of ELFERIA","HYPER","10","10.5","43.9","4.5908203125","正規","11.093724531377344","11","0.07476812738759865","0.01233286805759622","0.014991184249192135","0","0.7526041666666667","parsed","https://textage.cc/score/22/delferia.html?DHA00","0.3482988969933674","0.02854930045091507","0.08579401170525455","0.19655029093931833","0.1483232285665735","682.9600142224637","0.4621778886118038","38.1","10.1","false"
"destination","HYPER","10","10","30.9","4.3427734375","FLIP + 右MIRROR","9.476090014064697","10","0.06200927643784773","0.01675943104514538","0.0073320964749535355","0.0007792207792207792","0.8723958333333333","parsed","https://textage.cc/score/32/dstntion.html?DHA00","0.4599995096464088","0.026588658865886673","0.0798087219044007","0.13469846984698308","0.1289885389609664","1115.1539734805601","0.35913591359135916","14","9.8","false"
"Destiny Sword","ANOTHER","11","11.4","91.5","5.955078125","正規","12.629629629629632","16","0.06890608118536772","0.03702989144415299","0.0005947419869321573","0","0.6562499999999999","parsed","https://textage.cc/score/18/dstsword.html?DAB00","0.3879765058095402","0.030912655572564767","0.08733790233895178","0.19457092819614685","0.16513559075319656","1214.7569551961894","0.44921190893169877","83","11.5","true"
"Devil's Gear","HYPER","10","10","43.9","4.5908203125","右MIRROR","9.480978260869566","14","0.07344368013757485","0.06391516193751796","0.030174835196331823","0","0.7604166666666666","parsed","https://textage.cc/score/23/dvlsgear.html?DHA00","0.4107168491009462","0.03547415243150124","0.09544027854262975","0.15099900099899966","0.13089679908200633","1861.9433659350302","0.4175824175824176","63.1","10.1","false"
"Devilz Sacrifice -贖罪の羊-","ANOTHER","11","11.4","95.4","6.203125","正規","11.726544857318826","15","0.0744619514472451","0.06827731092436957","0.009122315592903614","0","0.8229166666666667","parsed","https://textage.cc/score/21/dvl_sacr.html?DAB00","0.3914720915165497","0.02791903846485403","0.07626953482091545","0.19080145719489952","0.15853885068116652","1998.2898660796634","0.39617486338797814","86.5","11.8","true"
"Devilz Staircase","HYPER","10","9.6","15","3.970703125","正規","9.446808510638299","11","0.0812093066517842","0.050492970846953096","0.010949002099444756","0","0.5781250000000001","parsed","https://textage.cc/score/20/devilz_s.html?DHA00","0.394149089646665","0.027602951914302492","0.08209685023730393","0.13568257491675714","0.12644046957853283","1251.6070077604027","0.5227524972253053","27.9","9.3","false"
"diagram","ANOTHER","11","11.4","75","5.3349609375","左MIRROR","11.466666666666669","13","0.062411909795630376","0.06964789086882117","0.008666062619550928","0","0.7291666666666666","parsed","https://textage.cc/score/21/diagram.html?DAB00","0.44974312311564785","0.02743986966832261","0.06898562689091214","0.2051482059282372","0.14256523261129236","1734.8513349655873","0.3705148205928237","58.5","10.9","false"
"DIAMOND CROSSING","HYPER","10","10","30.9","4.3427734375","正規","9.79544191217343","11","0.0735614572693223","0.042390194075587403","0.009914879128362399","0.020224719101123584","0.7994791666666665","parsed","https://textage.cc/score/23/diacross.html?DHA00","0.4595381583942198","0.024598222667867913","0.07062597346316686","0.14658421672555744","0.11958207181957857","1051.386258011642","0.2956419316843345","27.9","9.8","false"
"DIAVOLO","HYPER","10","10.5","65.3","5.0869140625","正規","11.392226148409893","12","0.06686672870140586","0.03468775847808115","0.0013068651778329209","0","0.8671874999999998","parsed","https://textage.cc/score/19/diavolo.html?DHA00","0.42657809244937517","0.024010749087816054","0.07256228164416924","0.15641025641025746","0.14755202563874636","1241.689360754507","0.31959706959706957","49","10.6","false"
"dica dica","HYPER","10","10","19.6","4.0947265625","両RANDOM","10.428779069767442","13","0.06879210220673604","0.04407665505226506","0.02427874564459891","0","0.9140624999999999","parsed","https://textage.cc/score/30/dicadica.html?DHA00","0.4366201724310456","0.030119029931890064","0.08541720382169303","0.09654418197725091","0.1303579162637246","1669.887864770034","0.4006999125109361","22.9","9.5","false"
"Digital Radiance","ANOTHER","9","9","4.4","3.474609375","右MIRROR","8.855067920585162","10","0.07824628582891754","0.05317990866502265","0.005521636005333781","0","0.8802083333333333","parsed","https://textage.cc/score/32/digiradi.html?DA900","0.48847075547456464","0.03340428710737048","0.09792791693596892","0.12511261261261059","0.10820051127098883","1733.4682183370005","0.26238738738738737","10.6","8.5","false"
"Digitank System","ANOTHER","10","10.2","95.4","6.203125","左MIRROR","10.273224043715848","12","0.09618045212765934","0.22803523936170214","0.0019829787234042556","0","0.8880208333333333","parsed","https://textage.cc/score/15/digitank.html?DAA00","0.40631545595080937","0.029974688405706645","0.08328818078597887","0.10678271308523252","0.10771309525427705","2111.5972030604885","0.4561824729891957","83","11.8","true"
"Digitized Ocean","HYPER","10","10.2","11.3","3.8466796875","左MIRROR","9.086538461538462","9","0.06429012345679008","0.026825396825396815","0.008770370370370359","0","0.6588541666666666","parsed","https://textage.cc/score/33/digitocn.html?DHA00","0.4480312746334411","0.02862482783877418","0.07782734224068806","0.14578313253012012","0.12292022600944802","947.8375150910324","0.3493975903614458","3.8","9.2","false"
"Discloze","ANOTHER","11","11.4","75","5.3349609375","FLIP","12.445738604546984","11","0.08095603771798056","0.08559207036244769","0.0013452355242003185","0","0.6692708333333335","parsed","https://textage.cc/score/22/discloze.html?DAB00","0.4225730128122594","0.03451813552885919","0.08955285851091063","0.19954432477216183","0.15690866617990493","2338.9767996707824","0.3131731565865783","67.6","10.9","false"
"DISPARATE","ANOTHER","11","11.8","82.6","5.5830078125","左MIRROR + 右MIRROR","12.481060606060607","12","0.08368740515933182","0.07520864946889243","0.036176024279210864","0","0.8411458333333333","parsed","https://textage.cc/score/29/disparat.html?DAB00","0.41312247253073847","0.0333759355193789","0.09422263267603449","0.19608619173262803","0.1593941309278333","1630.1463073654124","0.316622691292876","83","11.1","true"
"Distress","HYPER","11","11","65.3","5.0869140625","FLIP + 左MIRROR + 右MIRROR","11.546961325966851","12","0.06703748006379544","0.029346092503987266","0.004465709728867673","0","0.8098958333333331","parsed","https://textage.cc/score/9/distress.html?DHB00","0.3920175206119184","0.026855548021951087","0.07325686889740939","0.21575943810359832","0.1504994538139076","940.7834275938981","0.36347673397717295","58.5","10.6","false"
"DIVE ～INTO YOUR HEART～","ANOTHER","10","10.5","70.6","5.2109375","正規","9.157937806873976","19","0.07753745569356302","0.09288714145295353","0.008263783397372963","0","0.7421875","parsed","https://textage.cc/score/6/dive.html?DAA00","0.378867082138228","0.030631082403073794","0.08142625495857139","0.16794019933554707","0.12127087733645564","1553.3883775643594","0.4629014396456257","89.1","10.8","false"
"Divine Heaven","ANOTHER","11","11.6","91.5","5.955078125","左MIRROR","13.10200668896321","14","0.07836630504147997","0.03233354605403097","0.004594767070836065","0.018379068283343958","0.7265625","parsed","https://textage.cc/score/29/divinehv.html?DAB00","0.4646506301849813","0.02910990487951103","0.08637974444841431","0.20673534072900207","0.1729823992311352","1382.6518014452993","0.2591125198098257","92.7","11.5","true"
"DIVINE JUDGEMENT","HYPER","10","10.2","50","4.71484375","FLIP + 右MIRROR","10.200314762354422","14","0.06718031006220994","0.05310062209933832","0.002409400612224649","0","0.6875","parsed","https://textage.cc/score/32/divjudge.html?DHA00","0.4781797452609501","0.027278465963178504","0.07506921637145474","0.15052742616033574","0.13042973185457898","1597.832520962853","0.2468354430379747","58.5","10.3","false"
"DM STAR ～関西 energy style～","ANOTHER","11","11.4","75","5.3349609375","両RANDOM","12.484699453551913","13","0.08119807852234372","0.03649275616054617","0","0","0.8697916666666666","parsed","https://textage.cc/score/18/dm_star.html?DAB00","0.41640443947212796","0.028518620838385536","0.07839269519386961","0.21213438735177925","0.1615300918915384","1390.86075740366","0.3660079051383399","86.5","10.9","false"
"Do Back Burn","ANOTHER","10","10.2","25.1","4.21875","FLIP + 左MIRROR","11.09047619047619","12","0.06206445899527678","0.12818001288106484","0","0","0.6796875","parsed","https://textage.cc/score/17/doback29.html?DAA00","0.4785724606581984","0.024916906802052538","0.07344608677965478","0.19147414741474209","0.12984146468664626","1938.258840825502","0.17271727172717272","33","9.7","false"
"Do it!! Do it!!","HYPER","10","10","30.9","4.3427734375","左MIRROR","6.96969696969697","13","0.05142663043478285","0.1474184782608698","0.007826086956521617","0","0.8515625000000001","parsed","https://textage.cc/score/15/doit_emp.html?DHA00","0.2532868545299887","0.02206637981726337","0.047546932009881866","0.13637724550898114","0.11073020209532745","1261.2652222412419","0.6976047904191617","72.1","9.8","false"
"do the thing feat. Kanae Asaba","ANOTHER","10","10.5","50","4.71484375","FLIP","10.9951171875","11","0.04318633981703529","0.07740474287236866","0","0","0.5416666666666667","parsed","https://textage.cc/score/23/do_thing.html?DAA00","0.4044608604024011","0.01169436263454248","0.03356093851913148","0.18551401869158757","0.1361642626666245","1598.7511915339512","0.45794392523364486","67.6","10.3","false"
"Do What You Want","ANOTHER","10","10.5","37.2","4.466796875","右MIRROR","11.302083333333334","13","0.06357949308755755","0.07574884792626728","0.001548387096774195","0","0.71875","parsed","https://textage.cc/score/27/dowhat.html?DAA00","0.4528334798766898","0.022953386786137505","0.058490003384429806","0.17304093567251247","0.13607364758729637","1496.4068060146146","0.32280701754385965","63.1","10","false"
"DoLL","ANOTHER","9","9.3","1.5","3.1025390625","FLIP + 両RANDOM","8.328556263269638","9","0.06649703651774917","0.022735963291058633","0.004690586960677652","0","0.8385416666666667","parsed","https://textage.cc/score/10/doll.html?DA900","0.4641348558061777","0.020628246782703308","0.06211521669220995","0.18983957219251166","0.11291214067399363","774.2232695862824","0.29812834224598933","3.8","7.8","false"
"Dolphin Kick","HYPER","10","10.2","37.2","4.466796875","左MIRROR","9.910581222056631","12","0.06515977443609003","0.1374686716791978","0.014355889724311318","0","0.8723958333333333","parsed","https://textage.cc/score/33/dolphink.html?DHA00","0.4403531769900429","0.03586592283918301","0.07906249162584159","0.10792031098153361","0.118558993169455","2938.954023807356","0.3226433430515063","43.5","10","false"
"DOMINION","HYPER","10","10","30.9","4.3427734375","FLIP","9.833333333333334","11","0.06070970252507761","0.04047042545831884","0.008264268419232343","0","0.7994791666666667","parsed","https://textage.cc/score/17/dominion.html?DHA00","0.3688231650629481","0.022419051580609056","0.0653052378646516","0.19348214285714221","0.13163493629880765","990.534129746408","0.3669642857142857","22.9","9.8","false"
"Don't be afraid myself","ANOTHER","10","9.3","25.1","4.21875","左MIRROR + 右MIRROR","9.596491228070175","12","0.07492770483629647","0.06697689878677086","0.006880505235166375","0","0.7239583333333333","parsed","https://textage.cc/score/11/d_afraid.html?DAA00","0.41373037385120376","0.029689376912803895","0.08086388548989759","0.13037190082644418","0.12406369950489607","1558.2857459419508","0.45041322314049587","22.9","9.7","false"
"Don't believe the hype","HYPER","10","10","65.3","5.0869140625","両RANDOM","8.985074626865673","12","0.055315614617940316","0.26972058948803124","0.01990288780986498","0.015295169946332739","0.9713541666666669","parsed","https://textage.cc/score/29/donthype.html?DHA00","0.3247769946656396","0.02131529868317854","0.06108237668020109","0.12788554801163785","0.09330766567283108","2817.7430223525103","0.5257032007759457","33","10.6","false"
"Don't let it go","ANOTHER","10","10.5","30.9","4.3427734375","左MIRROR + 右MIRROR","9.015873015873016","11","0.07384022887323956","0.08164612676056338","0.001079812206572771","0","0.7578125000000001","parsed","https://textage.cc/score/12/dntlet28.html?DAA00","0.41589394230240234","0.029829520793468418","0.08016451730685992","0.13164383561643694","0.12499988181359846","1468.6589646911452","0.36712328767123287","18.4","9.8","false"
"Don't Stop The Music feat. Kanae Asaba","ANOTHER","9","9","3.1","3.3505859375","正規","7.912166172106826","11","0.06606860686068608","0.06280628062806273","0.0026882688268823245","0","0.875","parsed","https://textage.cc/score/28/dstmsc_k.html?DA900","0.5017987826269497","0.027324538987133357","0.08008327376617987","0.10731857318573047","0.10153276760838324","1869.0307264557637","0.25953259532595324","2.6","8.3","false"
"Donkey Donk","ANOTHER","11","11.6","70.6","5.2109375","右MIRROR","9.681077058385766","12","0.046786912282663254","0.06638200928048306","0","0.023396880415944517","0.7447916666666667","parsed","https://textage.cc/score/23/donkdonk.html?DAB00","0.3779528826703936","0.012459978739643674","0.03244013943065275","0.1670708955223883","0.12405933940059881","1177.9925979653062","0.3666044776119403","53.9","10.8","false"
"DORNWALD ～Junge～","HYPER","10","10.2","25.1","4.21875","左MIRROR + 右MIRROR","10.071220930232558","11","0.06409392889786848","0.02222302400538787","0.022450185211910823","0","0.3958333333333333","parsed","https://textage.cc/score/24/dornwald.html?DHA00","0.4163454848149361","0.027331125850261647","0.08185691203429167","0.09876033057851029","0.1365252371978318","1052.197304147773","0.48925619834710743","18.4","9.7","false"
"Double Dribble","HYPER","10","9.6","19.6","4.0947265625","FLIP + 右MIRROR","8.829355608591884","9","0.060119610758210734","0.07325314231652909","0.018910663603190023","0","0.6015625","parsed","https://textage.cc/score/27/ddribble.html?DHA00","0.36357300658763647","0.029030957465469492","0.08362578068394091","0.19130223517978506","0.11240691757978209","1981.096506716029","0.4412050534499514","10.6","9.5","false"
"Double &hearts;&hearts; Loving Heart","ANOTHER","10","","11.3","3.8466796875","正規","9.66","11","0.0689736121291613","0.06476409089155515","0.0017314146830755294","0","0.8776041666666667","parsed","https://textage.cc/score/13/dbloving.html?DAA00","0.43030065489886465","0.021344262295082028","0.0641608534050989","0.19590163934426122","0.128193375250408","1733.7936024726114","0.36065573770491804","18.4","9.2","false"
"double thrash","HYPER","10","10","50","4.71484375","右MIRROR","8.89406952965235","12","0.07075059781109153","0.09525602409638552","0.007860756001103685","0","0.9557291666666669","parsed","https://textage.cc/score/12/dbthrash.html?DHA00","0.38336187510281944","0.04463045945683735","0.08971554706487476","0.11020100502512396","0.12093501879778261","1920.1556885069297","0.4653266331658292","27.9","10.3","false"
"Drastic Dramatic","HYPER","10","10.2","55.2","4.8388671875","両RANDOM","11.218878101402373","12","0.07266190059519786","0.01921292512427996","0.0047215838613832335","0","0.8932291666666667","parsed","https://textage.cc/score/26/drasticd.html?DHA00","0.41864654262512085","0.030063558704948885","0.08484194729943768","0.15300088261253242","0.14855063129302692","982.8735151571675","0.4227714033539276","49","10.4","false"
"DREAM OF SPACE UFO ABDUCTION","ANOTHER","11","11.4","65.3","5.0869140625","FLIP + 右MIRROR","11.905982905982906","11","0.06724130858373462","0.011652651010152828","0.004955389190852187","0","0.5156250000000001","parsed","https://textage.cc/score/29/dreamufo.html?DAB00","0.40810267846302384","0.022929274476927157","0.06810541436191138","0.20463917525773076","0.15838778357274244","1044.0121313484822","0.36161776367961934","58.5","10.6","false"
"Dreaming Dream","ANOTHER","10","10","11.3","3.8466796875","左MIRROR + 右MIRROR","9.661728395061727","10","0.08497572195246593","0.03424482494249936","0","0","0.7942708333333333","parsed","https://textage.cc/score/30/drmngdrm.html?DAA00","0.4982468900002812","0.033173742697169335","0.09972443862136039","0.17687651331719084","0.1347283513177107","1314.0090553593081","0.35108958837772397","33","9.2","false"
"Dreamship","ANOTHER","9","9.3","6.2","3.5986328125","FLIP + 左MIRROR","8.86838868388684","10","0.06148959778086019","0.007073509015256578","0","0","0.8333333333333334","parsed","https://textage.cc/score/32/dreamshp.html?DA900","0.3675679188902902","0.02294956140350884","0.06987309570605052","0.26173245614034957","0.11964497918586954","544.2075608772382","0.43859649122807015","10.6","8.8","false"
"Drive Me Crazy","ANOTHER","10","10.5","50","4.71484375","左MIRROR","11.1301775147929","14","0.08733519404572002","0.08605794790005324","0.01161084529505594","0","0.6901041666666666","parsed","https://textage.cc/score/19/driveme.html?DAA00","0.4076759308955618","0.039561233183566406","0.10699694906804971","0.21497120921305074","0.13717941211175713","2164.250013776374","0.3675623800383877","63.1","10.3","false"
"Driver","ANOTHER","9","9.3","11.3","3.8466796875","両RANDOM","8.324074074074074","10","0.075514645902855","0.1457730812013348","0.009833147942157847","0","0.7187500000000001","parsed","https://textage.cc/score/30/driver.html?DA900","0.4054166158922737","0.027924972649553608","0.08354697853577049","0.14476372924648584","0.09960916674771954","1865.747741460992","0.4227330779054917","5.4","9.2","false"
"DROP","ANOTHER","11","11.2","70.6","5.2109375","FLIP + 左MIRROR + 右MIRROR","11.153703703703705","13","0.06977720820189254","0.034923418562178225","0.008641872820853418","0","0.48437499999999994","parsed","https://textage.cc/score/17/drop.html?DAB00","0.41715318639645876","0.02492248283994501","0.07152095431922262","0.1454022988505734","0.14614083597589025","1343.1723384407446","0.3819628647214854","72.1","10.8","false"
"DropZ-Line-","HYPER","10","10","15","3.970703125","左MIRROR + 右MIRROR","8.843537414965985","11","0.061365384615384815","0.06862980769230786","0.027076923076922645","0","0.8072916666666666","parsed","https://textage.cc/score/25/dropz_ln.html?DHA00","0.38425129288806253","0.027783871195133827","0.07665017133960605","0.09655704008221828","0.11616192690978358","1542.9627950170616","0.5149023638232272","10.6","9.3","false"
"DRUNK MONKY","ANOTHER","11","11.6","55.2","4.8388671875","正規","14.344086021505376","11","0.05478838705647172","0.05367628685657193","0.0011319340329835473","0","0.65625","parsed","https://textage.cc/score/26/drkmonky.html?DAB00","0.4156920209356954","0.01822564032655385","0.05492118088299481","0.21946039035591128","0.17738200899388815","982.900603085348","0.27210103329506313","72.1","10.4","false"
"dual control","ANOTHER","9","9.6","25.1","4.21875","左MIRROR","8.402598726388018","11","0.05614528078782508","0.1600869856139177","0.003532954165272638","0","0.7708333333333333","parsed","https://textage.cc/score/8/dual.html?DA900","0.4396252842123947","0.023280026146545358","0.05949734804175935","0.10978835978835828","0.10550288501073034","2199.8986109694906","0.40476190476190477","14","9.7","false"
"DUAL STRIKER","HYPER","10","10.2","37.2","4.466796875","FLIP + 両RANDOM","10.59765448804691","12","0.06401713130453256","0.03475207490955524","0.016372845286231143","0","0.8411458333333334","parsed","https://textage.cc/score/28/dualstr.html?DHA00","0.4421778776359089","0.025398019123918106","0.07315023368387415","0.13558020477815755","0.1372412865387847","1705.1753465017453","0.3464163822525597","33","10","false"
"DUE TOMORROW","HYPER","10","9","37.2","4.466796875","右MIRROR","8.144144144144144","12","0.061415929203539874","0.12073324905183323","0.04975979772439921","0","0.7031249999999999","parsed","https://textage.cc/score/13/due_tmrw.html?DHA00","0.32044214122822057","0.07606438434736883","0.0773254996143543","0.055203045685279103","0.11019049945126405","1441.341146515978","0.5748730964467005","18.4","10","false"
"Dusk Endir","HYPER","10","10.2","50","4.71484375","FLIP + 左MIRROR","10.402424242424242","11","0.07501238056397065","0.02394546725704969","0.005844791423910359","0.001468189233278956","0.9140625","parsed","https://textage.cc/score/33/duskendr.html?DHA00","0.4573132955350845","0.028405123507240292","0.08472325746892802","0.14053097345132684","0.13230188694352515","1278.5466505942918","0.33008849557522124","38.1","10.3","false"
"Dying 4 U","ANOTHER","11","","","","","","","","","","","","unparsed","https://textage.cc/score/34/dying4u.html?DAB00","","","","","","","","","",""
"Dynamite","HYPER","10","10.5","37.2","4.466796875","両RANDOM","9.894344313238035","10","0.04755443886097154","0.28554229480737026","0.025259631490787176","0","0.9192708333333333","parsed","https://textage.cc/score/23/dynausao.html?DHA00","0.33764522145308307","0.020729601984575803","0.04535582535278844","0.13142989786443748","0.0910514832551332","3034.460995730367","0.44939647168059427","18.4","10","false"
"e-motion 2003 -romantic extra-","HYPER","10","10","15","3.970703125","FLIP + 左MIRROR","8.78624535315985","10","0.05461726958606569","0.02632042874268396","0","0","0.75","parsed","https://textage.cc/score/9/emo2003.html?DHA00","0.33717644356496707","0.019763243116457753","0.0588915500875473","0.15431578947368293","0.12775839747743084","759.5810206690362","0.5326315789473685","7.9","9.3","false"
"ECHIDNA","HYPER","10","10.5","30.9","4.3427734375","FLIP + 左MIRROR + 右MIRROR","9.557004830917876","11","0.06927595662942918","0.04133599555173615","0.0012197341151493162","0.015359778597785968","0.75","parsed","https://textage.cc/score/24/echidna.html?DHA00","0.4362694914093306","0.029627703739061626","0.08113420460778696","0.1349315068493133","0.12870096137850376","1186.6027391883747","0.3561643835616438","22.9","9.8","false"
"Echoes of Sunfall","ANOTHER","11","11.8","91.5","5.955078125","FLIP + 左MIRROR + 右MIRROR","12.368421052631579","13","0.06949999999999938","0.061768617021276596","0.0016595744680851065","0","0.6145833333333333","parsed","https://textage.cc/score/31/esunfall.html?DAB00","0.42329630195319307","0.02743165144865716","0.08016575605888852","0.19326923076922964","0.16219896050328322","1864.9811421229485","0.2860576923076923","83","11.5","true"
"EDEN","ANOTHER","10","10.7","50","4.71484375","FLIP","11.605562579013908","11","0.07466230936819099","0.07697893972403783","0.026724763979665816","0","0.7682291666666666","parsed","https://textage.cc/score/12/eden.html?DAA00","0.3665965688516724","0.035499683871879316","0.0879946988430026","0.23801916932907494","0.1481789649400215","2152.764627972763","0.3817891373801917","38.1","10.3","false"
"EDEN","LEGGENDARIA","11","11.4","82.6","5.5830078125","FLIP + 左MIRROR + 右MIRROR","13.881163084702909","14","0.08558287795992635","0.06193078324225855","0.03069823922282948","0","0.7838541666666666","parsed","https://textage.cc/score/12/eden.html?DXB00","0.4214145188825639","0.038093825365800235","0.09419157221062702","0.26751117734724705","0.17793871377611128","2222.5199285662325","0.2757078986587183","86.5","11.1","true"
"Egret and Willow","ANOTHER","11","11","55.2","4.8388671875","FLIP + 右MIRROR","10.23369874137231","11","0.07131105786015775","0.1375041657409466","0.011259720062208704","0","0.9088541666666667","parsed","https://textage.cc/score/24/egretwil.html?DAB00","0.5235323172007738","0.033951346653995754","0.07597803455780744","0.17045454545454458","0.12731967694427532","4368.7212005155125","0.22253787878787878","53.9","10.4","false"
"Eleanor","ANOTHER","10","10.2","43.9","4.5908203125","FLIP + 左MIRROR","10.42587064676617","11","0.07173061016733431","0.034350245753006124","0","0.0029776674937965265","0.7630208333333333","parsed","https://textage.cc/score/32/eleanor.html?DAA00","0.5434345779121141","0.030740867890911527","0.08814056634647352","0.22233644859812982","0.13243834463543436","1775.6738647688153","0.18504672897196262","27.9","10.1","false"
"Element of SPADA","ANOTHER","9","9.6","15","3.970703125","正規","9.84077531363339","10","0.07739934264585008","0.029170090386195634","0.0012451060950262368","0","0.8723958333333334","parsed","https://textage.cc/score/21/elespada.html?DA900","0.3888805875336091","0.0306124345693391","0.09059127999516649","0.24840075258701683","0.13117204133104204","1405.1920408122933","0.41486359360301034","18.4","9.3","false"
"Element of SPADA","LEGGENDARIA","11","11.2","60","4.962890625","FLIP","12.703252274213687","13","0.08760755607144147","0.022859175497060628","0.003651477140824383","0","0.8151041666666667","parsed","https://textage.cc/score/21/elespada.html?DXB00","0.4256946527847348","0.032765798936842866","0.09562448999901407","0.27793296089385816","0.16851677452000227","1503.6635776216406","0.30965682362330404","72.1","10.5","false"
"elemental bender feat. Kanae Asaba","ANOTHER","8","8.5","1.5","3.1025390625","FLIP + 両RANDOM","7.435546875","10","0.07988508011557666","0.06120304701864978","0","0","0.8515624999999999","parsed","https://textage.cc/score/24/elbender.html?DA800","0.3806778416901579","0.03105213580589487","0.09295190858580887","0.13880407124681748","0.093688167986726","1578.2701202906558","0.45674300254452926","0.9","7.8","false"
"Elemental Creation","HYPER","10","10.5","60","4.962890625","正規","10.323195084485407","12","0.06390943991429067","0.036463603356943146","0.039771442176061114","0","0.8932291666666669","parsed","https://textage.cc/score/20/elecreat.html?DHA00","0.35043752688994456","0.029004314802020655","0.08427521762113534","0.16621174524400453","0.14029821154724434","991.2701802183731","0.4880066170388751","49","10.5","false"
"Elisha","ANOTHER","11","11.2","93.6","6.0791015625","FLIP","11.648264537681898","15","0.0580068053665171","0.034911530235271236","0.037879836671203475","0.006474820143884892","0.8515625000000001","parsed","https://textage.cc/score/17/elisha.html?DAB00","0.3891519824846984","0.0211653596150819","0.05360393403269078","0.16538461538461466","0.1619662026443055","1075.6068264256405","0.29347826086956524","96.2","11.6","true"
"ELYSIUM","ANOTHER","11","11.6","99.9","8.1875","正規","12.65727136431784","15","0.07658367288922563","0.11799073723111907","0.02531223348810753","0.0052023121387283254","0.49218749999999994","parsed","https://textage.cc/score/32/elysium.html?DAB00","0.43869259803248406","0.02655776788044917","0.07586994437917853","0.18169398907103781","0.15245010951404303","2098.251055389943","0.33515482695810567","96.9","13.8","true"
"Ember Lights","ANOTHER","11","11.4","65.3","5.0869140625","FLIP + 右MIRROR","11.70989010989011","13","0.08493243243243168","0.015697989656322908","0","0.031597222222222186","0.7083333333333334","parsed","https://textage.cc/score/26/emberlts.html?DAB00","0.447816415926767","0.02804910295069924","0.08333653006870329","0.1876865671641783","0.16492103184462634","862.4283765737291","0.30783582089552236","79.6","10.6","false"
"Emera","ANOTHER","11","11.6","78.9","5.458984375","FLIP + 左MIRROR + 右MIRROR","12.49220868765801","16","0.08937905370266752","0.14955157830698718","0.008546897844239709","0","0.7864583333333334","parsed","https://textage.cc/score/29/emera.html?DAB00","0.43537800477519456","0.03396481870160654","0.09076093491995595","0.1771929824561396","0.15652398850566465","3317.2654647119452","0.3284600389863548","93.8","11","false"
"EMERALDAS","HYPER","11","11.6","86.1","5.70703125","FLIP","11.708431410380088","13","0.075273324896294","0.12144062434085617","0.013839555649301017","0.0034802784222737826","0.5338541666666666","parsed","https://textage.cc/score/25/emeralds.html?DHB00","0.37521457865007535","0.03200638884641515","0.08522832865573836","0.17961082910321463","0.1494161551297995","2206.0994033583333","0.3866328257191201","83","11.3","true"
"EMOTiON TRiPPER","ANOTHER","10","9.6","11.3","3.8466796875","左MIRROR + 右MIRROR","10.064949006977992","11","0.07508079569089605","0.05610367447069453","0.0031400991947089564","0.0008159564823209429","0.734375","parsed","https://textage.cc/score/29/emotripr.html?DAA00","0.4808708860339338","0.030250492567071175","0.08609214130671641","0.1945175438596479","0.12561436111976068","1947.87754369604","0.2774122807017544","18.4","9.2","false"
"empathy","HYPER","11","11.6","75","5.3349609375","FLIP + 右MIRROR","9.19876126126126","13","0.08258921466609494","0.18213258248148373","0.030262594111525855","0","0.6041666666666666","parsed","https://textage.cc/score/4/empathy.html?DHB00","0.40036923706311944","0.04295153625278869","0.09188107991688313","0.19786845310596962","0.14646651884918424","1599.6204456679213","0.3215590742996346","86.5","10.9","false"
"Empire of Fury","HYPER","10","10","19.6","4.0947265625","正規","9.633333333333333","11","0.05811229455017299","0.06426164215686296","0.010735294117647107","0","0.5729166666666666","parsed","https://textage.cc/score/28/emprfury.html?DHA00","0.42538502620109625","0.025092317023894715","0.07341228201161656","0.16781219748305723","0.12080249519101688","1732.3641302653675","0.35333978702807356","18.4","9.5","false"
"Empire State Glory","HYPER","10","10.2","25.1","4.21875","正規","9.321583850931678","11","0.05313560216110564","0.07635499436402297","0.00012748968588451335","0","0.6640624999999999","parsed","https://textage.cc/score/17/empstate.html?DHA00","0.4857461445181006","0.022464205579963037","0.06449174192675407","0.12386138613861192","0.1186436667860301","1445.9172860470524","0.22871287128712872","7.9","9.7","false"
"Empire State Glory","ANOTHER","11","11.8","65.3","5.0869140625","両RANDOM","12.032072072072072","11","0.06846099870359298","0.05513578038960648","0","0","0.8177083333333331","parsed","https://textage.cc/score/17/empstate.html?DAB00","0.4802410327903442","0.027977471817599773","0.07314221357538803","0.183146067415732","0.15248097030266328","1561.7341809223037","0.1653290529695024","53.9","10.6","false"
"EMPTY OF THE SKY","ANOTHER","8","7.5","2.2","3.2265625","正規","7.174344569288389","10","0.05780572159432013","0.06753934901203311","0.004303724778784304","0","0.6223958333333334","parsed","https://textage.cc/score/12/emptysky.html?DA800","0.3417019895543703","0.016186357572653562","0.04850948173164011","0.20898801597869388","0.09493946896924134","910.4720779402714","0.5139813581890812","10.6","8","false"
"end of world","HYPER","10","10.2","6.2","3.5986328125","FLIP + 両RANDOM","7.79625","11","0.06832130832130827","0.06483485650152349","0.0018759018759017024","0","0.5416666666666665","parsed","https://textage.cc/score/15/endworld.html?DHA00","0.5032184378252471","0.03176637295069551","0.07764015263359364","0.10213675213675073","0.1153996608491731","1683.1858290873981","0.3052503052503053","5.4","8.8","false"
"end of world","ANOTHER","11","11.6","65.3","5.0869140625","正規","11.4496875","13","0.06590395480225943","0.055046080224169305","0.004065613144463588","0","0.6848958333333334","parsed","https://textage.cc/score/15/endworld.html?DAB00","0.42059409834513206","0.029492453405954366","0.07920442798050126","0.16886792452830154","0.16763649164247918","1662.0703023319502","0.3158326497128794","63.1","10.6","false"
"Energy Drive","ANOTHER","11","11.6","89","5.8310546875","FLIP + 両RANDOM","10.37202380952381","13","0.06208417025346711","0.05086083213773311","0.005130559540889723","0.012073170731707309","0.8203125000000001","parsed","https://textage.cc/score/18/engdrive.html?DAB00","0.38596530173437804","0.02357934018293656","0.06224278012900334","0.19323374340948984","0.16222286067436523","1369.9861396565527","0.3506151142355009","76.1","11.4","true"
"Engraved Mark","ANOTHER","11","11.2","75","5.3349609375","正規","11.207692307692309","11","0.0772755750312369","0.1616642908681343","0.009462365591397908","0","0.7421875","parsed","https://textage.cc/score/21/engraved.html?DAB00","0.37162141537804083","0.03930018776824112","0.09801897721302652","0.16222320637732612","0.13587202069341034","3268.777891079834","0.3861824623560673","53.9","10.9","false"
"entelecheia","HYPER","10","10.5","65.3","5.0869140625","正規","10.881182795698926","13","0.050348584416225986","0","0.022337071989722977","0","0.8697916666666666","parsed","https://textage.cc/score/22/entelech.html?DHA00","0.3831909923168969","0.014119885823025728","0.04296403710310476","0.20404376784015285","0.14396891740040704","292.14059068447807","0.32825880114176975","38.1","10.6","false"
"eRAseRmOToRpHAntOM","HYPER","10","10.2","37.2","4.466796875","正規","9.419117647058824","13","0.04337236533957815","0.11718275652701905","0.0009853413132101263","0","0.9166666666666665","parsed","https://textage.cc/score/17/ephantom.html?DHA00","0.4069410297675426","0.015235335418086067","0.04280621109017052","0.17388429752066126","0.11582345518267645","2972.8341317067184","0.36198347107438017","22.9","10","false"
"Ergosphere","ANOTHER","11","11.8","95.4","6.203125","両RANDOM","12.833789377674874","12","0.07008462715941352","0.017636125082003046","0.010419418324950809","0.008029739776951674","0.9166666666666667","parsed","https://textage.cc/score/29/ergosphr.html?DAB00","0.4424486085143654","0.023324697018767306","0.06729981495038166","0.20199999999999943","0.1681783220115476","1111.3239761680227","0.23659574468085107","86.5","11.8","true"
"EROICA","HYPER","10","10","82.6","5.5830078125","FLIP + 左MIRROR","10.52951388888889","15","0.07292534006595194","0.025157151690024984","0.07688788128606752","0","0.796875","parsed","https://textage.cc/score/27/eroica.html?DHA00","0.44449417174793987","0.027420893919312902","0.08233356565893657","0.15856378233719998","0.1268347724720363","1534.9053762277756","0.25245316681534347","83","11.1","true"
"Erosion Mark","ANOTHER","11","10.7","43.9","4.5908203125","左MIRROR","10.905747126436781","10","0.07122101602023585","0.10324335125070264","0.010927487352445192","0","0.7395833333333331","parsed","https://textage.cc/score/22/erosion.html?DAB00","0.4024462858020877","0.036725752092792475","0.08689267956680762","0.1996226415094336","0.13629038908679061","2863.0259236137645","0.35566037735849054","38.1","10.1","false"
"ESPRIT ONE","ANOTHER","11","11","65.3","5.0869140625","左MIRROR + 右MIRROR","12.647464303298868","13","0.08464067427103183","0.072916261143769","0.0014326312920933623","0","0.8020833333333334","parsed","https://textage.cc/score/33/esprit_1.html?DAB00","0.46500172897202563","0.03340080465666528","0.09401676818413666","0.21685667752443086","0.15797400151512178","2645.9200754790454","0.28420195439739415","76.1","10.6","false"
"Eternal Tears","ANOTHER","7","7.5","0.1","2.234375","正規","6.156881463802705","9","0.07986768658259247","0.029021087450899312","0","0","0.7031249999999999","parsed","https://textage.cc/score/18/etntears.html?DA700","0.4002078422884984","0.02634921423104663","0.07912133311942574","0.22061068702289874","0.08872953126275851","782.9002432308531","0.4122137404580153","0.9","6","true"
"Euphoric Lagoon","ANOTHER","10","10.2","11.3","3.8466796875","右MIRROR","11.132477168949771","11","0.07500202521521082","0.024781968919355486","0","0","0.8125","parsed","https://textage.cc/score/28/eulagoon.html?DAA00","0.473789163556068","0.026746871992300372","0.0812839774410087","0.14162656400384793","0.14146998356336618","1204.785021829279","0.39364773820981713","43.5","9.2","false"
"EURO-ROMANCE","ANOTHER","11","11.2","55.2","4.8388671875","左MIRROR","11.41446033810143","13","0.09519845700250107","0.09623000050126929","0.0044027834107263795","0","0.7916666666666667","parsed","https://textage.cc/score/13/euroman.html?DAB00","0.5210600415485648","0.0389788731564073","0.10583950086406968","0.1849576271186426","0.15005587379089091","2586.7230358917186","0.2478813559322034","79.6","10.4","false"
"EVANESCENT","HYPER","10","10.2","30.9","4.3427734375","FLIP","9.930054779369032","10","0.06318369162437464","0.06686469592920959","0.00420748054256681","0","0.8984375","parsed","https://textage.cc/score/26/evanscnt.html?DHA00","0.4617059482801232","0.027704671057895324","0.08076360512271195","0.09168865435355998","0.12123111193728604","2103.173915009869","0.3324538258575198","22.9","9.8","false"
"Evans","HYPER","10","10.2","43.9","4.5908203125","正規","10.230504890298706","13","0.06941204588910119","0.09344478321533774","0.015329440339000296","0","0.8020833333333333","parsed","https://textage.cc/score/17/evans.html?DHA00","0.36802343668674264","0.028433302848904916","0.077478032708915","0.2083686440677952","0.12890223507982718","2163.9098837802803","0.3622881355932203","49","10.1","false"
"evergreen","ANOTHER","11","11","19.6","4.0947265625","FLIP + 左MIRROR + 右MIRROR","8.224269528920692","12","0.07183721115711146","0.04931808789089395","0.0009170467151485221","0","0.6484375","parsed","https://textage.cc/score/15/evrgreen.html?DAB00","0.5492710547294817","0.026185185193697363","0.07444538358412929","0.141703056768557","0.11909272032418022","1358.9986524570616","0.22270742358078602","22.9","9.5","false"
"everlastingeuphoria:","ANOTHER","11","11.6","89","5.8310546875","左MIRROR","11.036184210526315","12","0.05811400894187745","0.06322652757079027","0.0006438152011921001","0","0.515625","parsed","https://textage.cc/score/32/evereuph.html?DAB00","0.4221955144454125","0.0234972869053411","0.06008572356505946","0.2191150442477878","0.1594154028536754","1569.0525217586192","0.2557522123893805","76.1","11.4","true"
"Everlasting Last","ANOTHER","10","10.2","37.2","4.466796875","左MIRROR","10.611519607843137","12","0.06566231666474152","0.022202332832890574","0","0","0.5677083333333335","parsed","https://textage.cc/score/23/evlalast.html?DAA00","0.42240810544983154","0.02100304453605977","0.06286183484271853","0.15441729323308162","0.14300914651115626","890.6022538006283","0.3505639097744361","38.1","10","false"
"Everlasting Message","HYPER","11","11.2","30.9","4.3427734375","正規","9.90888638920135","16","0.07664557081772387","0.09223521398569672","0.03912967798085229","0","0.7447916666666667","parsed","https://textage.cc/score/27/evermesg.html?DHB00","0.44783009025622394","0.0285353217688394","0.07798185222777317","0.09126357354392689","0.11871916522462882","2193.668772227255","0.39387956564659427","67.6","9.8","false"
"Everlasting Resort","ANOTHER","10","10.5","25.1","4.21875","正規","9.813333333333333","10","0.07245235783988116","0.05856920247279397","0","0","0.46093750000000006","parsed","https://textage.cc/score/18/evresort.html?DAA00","0.4303073387179462","0.0255476558857215","0.07528258653517023","0.18180362860192018","0.1338295651894654","1417.9621383018737","0.37780149413020275","33","9.7","false"
"EX-MASSIVE FIGHTER","HYPER","10","10.2","37.2","4.466796875","左MIRROR + 右MIRROR","9.327932098765432","11","0.06125444619075207","0.05794523947390197","0.004883778641740129","0","0.8229166666666666","parsed","https://textage.cc/score/32/exmasive.html?DHA00","0.4177065929987393","0.028804934647796612","0.08377511091824878","0.15940409683426446","0.12076125831718856","1743.7908565116095","0.34450651769087526","22.9","10","false"
"Ex-Otogibanashi","ANOTHER","10","10","8.4","3.72265625","FLIP + 左MIRROR","7.506172839506173","11","0.05714769736842097","0.07384868421052634","0.0048157894736842125","0","0.9114583333333335","parsed","https://textage.cc/score/34/ex_otogi.html?DAA00","0.4509393750569807","0.026778351007917835","0.0729987982525256","0.15751592356687677","0.1064455691733847","1481.1184532041623","0.2789808917197452","2.6","9","false"
"examination leave","HYPER","10","9.3","37.2","4.466796875","右MIRROR","10.745709828393137","13","0.06792392566782787","0.06242740998838561","0.027479674796747525","0","0.8932291666666667","parsed","https://textage.cc/score/20/exaleave.html?DHA00","0.3868443415708655","0.02037422037422043","0.061053570798949006","0.18835758835758726","0.13433183208837413","1700.151501357633","0.46361746361746364","53.9","10","false"
"examination leave","ANOTHER","11","11.4","93.6","6.0791015625","右MIRROR","15.098283931357255","15","0.084539160983674","0.05538334366604669","0.027774333539987338","0","0.8697916666666667","parsed","https://textage.cc/score/20/exaleave.html?DAB00","0.4376889455406038","0.027108891290703815","0.07836188894625408","0.23801313628899964","0.1904505788609611","2305.9520212862367","0.3505747126436782","97.6","11.6","true"
"Exchange Place","ANOTHER","9","9","3.1","3.3505859375","左MIRROR","7.401954022988506","9","0.05106650930943993","0.05813935431774766","0","0","0.6458333333333333","parsed","https://textage.cc/score/23/exchange.html?DA900","0.4245185057877652","0.018632646523461145","0.05099789562705878","0.1761670761670746","0.10263823069135569","1398.0324220544728","0.43611793611793614","1.7","8.3","false"
"Exhaust Hype","ANOTHER","11","10.7","55.2","4.8388671875","FLIP","11.707890222984561","11","0.06766675945324235","0.1208667242920136","0","0","0.6640625","parsed","https://textage.cc/score/25/exh_hype.html?DAB00","0.39769658217380777","0.03132857036396003","0.08554046856378344","0.18449131513647712","0.14169024381078074","3262.218341326702","0.38213399503722084","43.5","10.4","false"
"EXODUS SIGN","ANOTHER","11","11.4","78.9","5.458984375","左MIRROR","11.106271777003485","14","0.07019346405228717","0.09862745098039222","0","0","0.8359375000000001","parsed","https://textage.cc/score/30/exodusgn.html?DAB00","0.42484991511167985","0.03235118138263388","0.08353966458541062","0.1650434782608688","0.1361806318335452","2229.2006535024248","0.37130434782608696","76.1","11","false"
"Expanded !!","ANOTHER","10","10.2","37.2","4.466796875","FLIP + 右MIRROR","11.060240963855422","12","0.06942628903413195","0.05746187363834464","0.021844589687726953","0","0.8567708333333333","parsed","https://textage.cc/score/25/expanded.html?DAA00","0.3979620843959589","0.02842923881666357","0.08138602525348927","0.2284189723320172","0.13788096848771594","2434.7297126207063","0.3494071146245059","38.1","10","false"
"Explorer feat. ぷにぷに電機","ANOTHER","10","9.6","11.3","3.8466796875","左MIRROR","8.545519713261648","11","0.06146853146853154","0.03609367731505134","0","0","0.8359375","parsed","https://textage.cc/score/28/explorer.html?DAA00","0.41593621947296444","0.024920894392131816","0.07543479803029915","0.16292735042734893","0.11762930838258263","790.1360251102697","0.46260683760683763","7.9","9.2","false"
"Explorer feat. ぷにぷに電機","LEGGENDARIA","11","10.7","43.9","4.5908203125","FLIP + 両RANDOM","12.276181166503747","11","0.059938554395948335","0.03147395131066265","0","0","0.8541666666666669","parsed","https://textage.cc/score/28/explorer.html?DXB00","0.4481084616848132","0.02373446059245841","0.06864397667464074","0.19830246913580274","0.15402119168825118","1099.3532943746","0.30864197530864196","43.5","10.1","false"
"Express Emotion","ANOTHER","9","10","43.9","4.5908203125","FLIP + 両RANDOM","10.60392156862745","11","0.06724442624682977","0.05633409058889845","0.020648069878839354","0","0.9687499999999999","parsed","https://textage.cc/score/19/exmotion.html?DA900","0.38539606633268103","0.028767820822507863","0.07970053450428209","0.18165217391304367","0.1333165956584167","1592.1510821352742","0.3843478260869565","33","10.1","false"
"EXTREME MACH COLLIDER","ANOTHER","10","10.5","25.1","4.21875","FLIP + 左MIRROR","8.63976811594203","10","0.048478756810434995","0.16277275289191864","0","0","0.8541666666666667","parsed","https://textage.cc/score/21/extrmach.html?DAA00","0.40065325452477496","0.02039964238257274","0.05112353810069556","0.14332627118643973","0.11504214667763286","2195.2468444863066","0.3559322033898305","14","9.7","false"
"EXUSIA","HYPER","10","10.5","60","4.962890625","正規","11.7247311827957","11","0.07018884507214414","0.10974565908535079","0.016087062851553157","0","0.7317708333333334","parsed","https://textage.cc/score/17/exusia.html?DHA00","0.34069875603417066","0.029859896220608185","0.08348634618637533","0.17593726090283066","0.14796316668384565","2080.093003399057","0.48048967100229534","49","10.5","false"
"EYE OF THE HEAVEN","HYPER","10","10.5","43.9","4.5908203125","両RANDOM","10.75722411831627","12","0.05687418037988058","0.04689284656711377","0","0","0.8072916666666667","parsed","https://textage.cc/score/32/eyeheavn.html?DHA00","0.486955934807176","0.026161080474162126","0.07417843385072904","0.10843478260869349","0.1330501919555235","1824.7292959796275","0.2643478260869565","27.9","10.1","false"
"F","HYPER","10","10.2","55.2","4.8388671875","左MIRROR + 右MIRROR","11.369248826291079","11","0.054523052464228824","0.020545134515722704","0","0","0.6223958333333333","parsed","https://textage.cc/score/19/f_amuro.html?DHA00","0.4379282509638038","0.01960369416321093","0.05653171496718528","0.13115226337448488","0.14670208561523884","995.5784413615403","0.3563786008230453","33","10.4","false"
"Fading Stars","ANOTHER","10","10.2","19.6","4.0947265625","両RANDOM","10.932875929102345","10","0.06726780185758487","0.045085139318885484","0.021956321646724047","0","0.9296875","parsed","https://textage.cc/score/30/fadstars.html?DAA00","0.483416244214123","0.02715516030408324","0.07791353680946568","0.14335205992509215","0.1378668385747859","1736.074808589181","0.27902621722846443","22.9","9.5","false"
"fairy cocktail","ANOTHER","8","8.5","1.5","3.1025390625","右MIRROR","7.518670576735094","9","0.04754372735625013","0.013547246346663875","0.0051269783486746195","0.0062717770034843206","0.7083333333333333","parsed","https://textage.cc/score/27/fairycok.html?DA800","0.4862223546201291","0.01587261146496818","0.04792064205365531","0.1308917197452211","0.10023479480575176","619.668271358072","0.32611464968152865","1.3","7.8","false"
"Fantasia","ANOTHER","10","10.5","37.2","4.466796875","左MIRROR","12.115942028985508","12","0.0748594497607653","0.04317434210526317","0.004252392344497366","0","0.6953124999999999","parsed","https://textage.cc/score/18/fantasia.html?DAA00","0.47040367670319333","0.026273819187764478","0.07705526656729202","0.23124318429661803","0.15494898878205177","1667.7459435973424","0.2366412213740458","63.1","10","false"
"Fantastic Merry-Go-Round","ANOTHER","9","9","6.2","3.5986328125","FLIP + 両RANDOM","8.97319587628866","11","0.07656775210083983","0.0717198988970588","0.0036134453781511188","0","0.8541666666666665","parsed","https://textage.cc/score/29/fantamgr.html?DA900","0.4642013399573632","0.0330434338134267","0.09251621330154614","0.15204081632652897","0.10777600559648859","1960.8695653216755","0.33404940923737914","7.9","8.8","false"
"FANTASTIC THREE","HYPER","10","10.7","60","4.962890625","両RANDOM","9.584388671425282","14","0.05782030030030039","0.08582582582582583","0.00822390390390382","0","0.9375000000000001","parsed","https://textage.cc/score/22/fanthree.html?DHA00","0.35932800853572455","0.02139844185360822","0.06352625895977757","0.17121212121212007","0.12413685559695838","1137.8807178675422","0.480257116620753","38.1","10.5","false"
"Far east nightbird","ANOTHER","10","10.2","70.6","5.2109375","左MIRROR","10.174698795180724","14","0.06850207223208975","0.020463291888691577","0.002652457075192565","0","0.8281249999999999","parsed","https://textage.cc/score/19/fareast.html?DAA00","0.4403961847851179","0.02866049488000397","0.07987041031179297","0.17642237222757776","0.1363402837316025","1026.383007160907","0.3105110896817743","58.5","10.8","false"
"Farewell to Marrakech","ANOTHER","11","11.6","91.5","5.955078125","右MIRROR","10.476450511945393","17","0.059529743289027645","0.015616855616367022","0.0001025106419945941","0","0.9348958333333336","parsed","https://textage.cc/score/28/fw_marra.html?DAB00","0.446949035783114","0.023363920794602835","0.06844318327123654","0.14726821192052986","0.14523361264133","810.853053514439","0.3617549668874172","76.1","11.5","true"
"Fascination MAXX","HYPER","10","9.6","6.2","3.5986328125","右MIRROR","8.295625942684765","11","0.061672727272727025","0.05712121212121266","0.051587878787878794","0","0.8723958333333334","parsed","https://textage.cc/score/14/fas_maxx.html?DHA00","0.32914874884527806","0.02680731228192753","0.05832890599412482","0.19045092838196134","0.11585642778001105","1007.5534679952651","0.5079575596816976","7.9","8.8","false"
"Fashion Fruit","ANOTHER","11","11.6","78.9","5.458984375","両RANDOM","12.50933908045977","13","0.07215959340722398","0.04912996037443279","0.004631022799057848","0","0.84375","parsed","https://textage.cc/score/33/fashionf.html?DAB00","0.47063080310022687","0.026891105380781943","0.07638129464796016","0.19527027027026977","0.15884102036819736","2407.082104436137","0.28678678678678676","92.7","11","false"
"Feedback","HYPER","10","10","8.4","3.72265625","FLIP + 左MIRROR + 右MIRROR","7.698162729658792","10","0.0520337538356631","0.12866518922604858","0","0","0.5885416666666667","parsed","https://textage.cc/score/10/feedback.html?DHA00","0.46824255734609654","0.02116213517889134","0.05765022927975832","0.11277641277641111","0.09373648141106133","1733.024634901149","0.29975429975429974","2.6","9","false"
"Feedback","ANOTHER","10","10.7","50","4.71484375","正規","9.039370078740157","12","0.05814895470383263","0.13579776422764223","0","0","0.546875","parsed","https://textage.cc/score/10/feedback.html?DAA00","0.4883293723497285","0.025477532906260477","0.0594500076695349","0.13451327433628119","0.10710148479221797","1595.703114826756","0.2942477876106195","14","10.3","false"
"FEEL IT","ANOTHER","10","10.2","37.2","4.466796875","左MIRROR + 右MIRROR","10.523510971786832","14","0.0862272862675002","0.00595770032767356","0.12110018866051035","0","0.8229166666666666","parsed","https://textage.cc/score/10/feelit.html?DAA00","0.3369729437177186","0.029547945205479428","0.08844429504343175","0.20605900948366665","0.1394408941973086","376.5486564256524","0.5163329820864068","92.7","10","false"
"Feel The Beat","ANOTHER","11","11.4","86.1","5.70703125","正規","13.508771929824562","13","0.08310723060722973","0.1679097929097923","0.0030115830115829884","0","0.9583333333333334","parsed","https://textage.cc/score/21/feelbeat.html?DAB00","0.49303642568907374","0.03613565013527189","0.09269096230041328","0.14747474747474817","0.1565822170756159","4187.7047273725675","0.23376623376623376","76.1","11.3","true"
"Fegrix","HYPER","10","10","15","3.970703125","FLIP + 左MIRROR","9.919199228171731","10","0.06192340425531879","0.0590881458966565","0.004590881458966645","0","0.7239583333333333","parsed","https://textage.cc/score/29/fegrix.html?DHA00","0.4012759206651516","0.029675684625104764","0.0841306030247338","0.12609277430865265","0.12592506748577875","1697.8443517743856","0.4023193577163247","10.6","9.3","false"
"FERMI&#9825;PARADOX","ANOTHER","10","","43.9","4.5908203125","FLIP + 右MIRROR","11.003894297635606","11","0.07733073805370858","0.0942179192261349","0.010136757754240744","0","0.8750000000000001","parsed","https://textage.cc/score/32/fermipdx.html?DAA00","0.42418422068976375","0.031781874941047256","0.0865339408262982","0.20342592592592657","0.1447501119068563","2334.06956303299","0.36666666666666664","53.9","10.1","false"
"Fervidex","ANOTHER","11","11.2","75","5.3349609375","両RANDOM","11.215931063472048","15","0.08164876493008531","0.012223275755452003","0.0067891180427768144","0","0.8828125000000002","parsed","https://textage.cc/score/25/fervidex.html?DAB00","0.4235091850981879","0.031595025683300824","0.09314034000983945","0.24246963562753165","0.1553460349371398","1027.7088874423234","0.2979757085020243","83","10.9","false"
"fffff","HYPER","10","","95.4","6.203125","左MIRROR","13.141409691629956","14","0.07556691584816627","0.06577050719050638","0","0","0.7473958333333333","parsed","https://textage.cc/score/19/fffff.html?DHA00","0.3274175952670283","0.03267765572333247","0.08861680348112774","0.1920464316423053","0.16832462018405764","1489.0385058620473","0.49699054170249357","91.1","11.8","true"
"FINALLY BLAZE","ANOTHER","11","11","37.2","4.466796875","左MIRROR","10.410832232496697","14","0.06102525060271519","0.08845641416063933","0.010851414795076827","0.0017605633802816902","0.625","parsed","https://textage.cc/score/29/fnlblaze.html?DAB00","0.43100165462526996","0.026488961344036215","0.07158503441249263","0.11212914485165613","0.12767377142798744","2442.7851878120864","0.3944153577661431","49","10","false"
"Fiery Stallion","ANOTHER","11","11.2","37.2","4.466796875","左MIRROR + 右MIRROR","9.873463268365818","11","0.0652909378036927","0.04340910471331384","0.0024878522837705965","0.01951530612244896","0.8645833333333335","parsed","https://textage.cc/score/32/fierystl.html?DAB00","0.46634419577559133","0.026432390737340796","0.074226127520768","0.16151012891344413","0.12468274160778131","1539.2247468493179","0.26335174953959484","18.4","10","false"
"Fire Beat","HYPER","10","9.6","8.4","3.72265625","正規","8.317897990982058","9","0.06499479708636843","0.10507400067604737","0","0","0.7526041666666667","parsed","https://textage.cc/score/28/firebeat.html?DHA00","0.42919378882105197","0.04021980078985127","0.10044816901870501","0.06859243697478816","0.10553940662899917","2218.3246509960422","0.40861344537815125","1.7","9","false"
"FIRE FIRE","ANOTHER","11","11.2","78.9","5.458984375","右MIRROR","9.683333333333334","11","0.05481497418244423","0.26549053356282254","0.0006196213425129235","0","0.8333333333333333","parsed","https://textage.cc/score/14/firefire.html?DAB00","0.384660986259445","0.0373408101984116","0.06843048597843067","0.1420179372197292","0.12060100170288962","4225.228365780524","0.3775784753363229","58.5","11","false"
"First Resolution","ANOTHER","10","10.5","50","4.71484375","FLIP + 右MIRROR","10.065420560747663","11","0.07540389972144787","0.1615598885793872","0","0","0.5989583333333334","parsed","https://textage.cc/score/12/fst_reso.html?DAA00","0.3923139929504291","0.03098299769858749","0.08002388314405243","0.17979635584137016","0.12697870089943314","1525.5175112442053","0.4683815648445874","43.5","10.3","false"
"fixer","HYPER","10","10.2","30.9","4.3427734375","FLIP","8.811110138057018","12","0.04917542217039303","0.06745055055952998","0.009509093763315362","0","0.7291666666666667","parsed","https://textage.cc/score/33/fixer.html?DHA00","0.4826831009949126","0.023665691497497962","0.05897169545589686","0.09034907597535789","0.11647328555511788","2041.4136505153165","0.33572895277207393","18.4","9.8","false"
"FIZZY FIZZY POP","ANOTHER","10","10","25.1","4.21875","FLIP + 両RANDOM","9.344978165938864","11","0.06497196261682237","0.0968328141225338","0.006629283489096728","0","0.9062499999999999","parsed","https://textage.cc/score/33/fizzypop.html?DAA00","0.47283012652651174","0.034132191521633604","0.08146497578249645","0.12510822510822328","0.11569055310748544","2792.5643995432915","0.27813852813852813","27.9","9.7","false"
"FiZZλ_P&Oslash;T!OИ","HYPER","10","","60","4.962890625","両RANDOM","11.619592921422962","14","0.08029428397967388","0.09853752047970321","0.012693507206360689","0.0003499222395023328","0.9088541666666667","parsed","https://textage.cc/score/33/fizzyptn.html?DHA00","0.4932653668183481","0.029477359827240177","0.07946886487736816","0.13616600790513664","0.14597207536278403","2191.9508917397748","0.31719367588932806","86.5","10.5","false"
"Fl&auml;mingo","HYPER","10","","55.2","4.8388671875","右MIRROR","10.134048257372655","11","0.06200859788359776","0.09755952380952376","0.009413051146384582","0.004500000000000001","0.8723958333333334","parsed","https://textage.cc/score/32/flamingo.html?DHA00","0.44289058028968553","0.03201513366410893","0.08055009022349362","0.12655838454784774","0.12562279620075917","2394.276504512135","0.33977172958735735","33","10.4","false"
"FLARE -炎舞- ft.Nana Takahashi","ANOTHER","10","10.2","50","4.71484375","左MIRROR + 右MIRROR","10.281084792310333","10","0.06552035473875374","0.0779663959824767","0","0","0.9375","parsed","https://textage.cc/score/30/flare.html?DAA00","0.4570925832556593","0.02875719906235663","0.08082874389648204","0.17442996742671055","0.12884016381192803","2912.334224932248","0.2964169381107492","33","10.3","false"
"Flash Back 90's","ANOTHER","9","9.3","6.2","3.5986328125","正規","8.080989583333333","9","0.05974251554896704","0.1315619864006964","0.007450613902226912","0","0.8229166666666666","parsed","https://textage.cc/score/16/fback90s.html?DA900","0.400217868789785","0.0275013430488978","0.06761801145105291","0.10659574468084962","0.10146871480811419","2281.361948746968","0.4329787234042553","3.8","8.8","false"
"Flash Back 90's","LEGGENDARIA","10","10.2","55.2","4.8388671875","FLIP + 左MIRROR","10.640104166666667","11","0.06257366978315099","0.08577267609770442","0","0","0.796875","parsed","https://textage.cc/score/16/fback90s.html?DXA00","0.39863000364091594","0.02681319909093093","0.07318317256600104","0.18113821138211497","0.13831643124245657","2056.634957662119","0.4056910569105691","38.1","10.4","false"
"Flip Flap","ANOTHER","10","10.2","19.6","4.0947265625","右MIRROR","9.151041666666668","11","0.07124075128059183","0.10934832100170741","0","0","0.8567708333333334","parsed","https://textage.cc/score/19/flipflap.html?DAA00","0.47032682365191786","0.030306792916599296","0.07818401139033027","0.19311512415349708","0.11633723776225964","1651.6000715266246","0.3724604966139955","14","9.5","false"
"Fly Above","ANOTHER","9","8.5","15","3.970703125","左MIRROR + 右MIRROR","8.654159869494292","12","0.08401036757775641","0.020735155513666392","0","0","0.921875","parsed","https://textage.cc/score/16/flyabove.html?DA900","0.4253681745622178","0.028996940302959535","0.08706710056556316","0.2201405152224806","0.1159659335487632","592.3846536220797","0.2728337236533958","27.9","9.3","false"
"Fly Above  (Vicissitude Remix)","ANOTHER","10","10.2","60","4.962890625","左MIRROR","10.944281524926685","13","0.0749169346195062","0.028135048231511167","0.009303322615219744","0","0.703125","parsed","https://textage.cc/score/27/flyabv_p.html?DAA00","0.4709770889890358","0.02748945527041339","0.07349892330137082","0.20404339250492928","0.1497165916363014","1121.8549732698548","0.3086785009861933","72.1","10.5","false"
"fly through the night","ANOTHER","10","10","37.2","4.466796875","左MIRROR + 右MIRROR","8.94140625","13","0.08845347313237166","0.037061307703509544","0.0027027814183777465","0","0.7994791666666666","parsed","https://textage.cc/score/6/ftn.html?DAA00","0.4068113648510798","0.032922470146806326","0.09443170201086651","0.15888888888888683","0.12343355073869995","845.1761708929504","0.3851851851851852","53.9","10","false"
"Fly you to the star","ANOTHER","11","11.4","75","5.3349609375","左MIRROR","10.33465909090909","10","0.06742610002382374","0.09757729030366331","0","0","0.8880208333333334","parsed","https://textage.cc/score/20/flyyouto.html?DAB00","0.3206746638210651","0.02551685703842956","0.07489453548592148","0.19969053934571204","0.1376957223170035","1682.180279877591","0.3775419982316534","58.5","10.9","false"
"FlyAway","HYPER","10","9.6","19.6","4.0947265625","正規","8.718133814584586","10","0.0493265456329735","0.1445504170755643","0.0011776251226692847","0.0008832188420019627","0.7473958333333334","parsed","https://textage.cc/score/32/flyawayb.html?DHA00","0.38676208921777855","0.0220832354978138","0.06173898349799625","0.14010989010988845","0.10471746674880664","1723.0976165075622","0.4805194805194805","7.9","9.5","false"
"Flying Castle","HYPER","10","10","25.1","4.21875","FLIP","9.406303724928366","9","0.05945945534299975","0.06828012672109164","0.00894845863287393","0","0.8151041666666667","parsed","https://textage.cc/score/29/flcastle.html?DHA00","0.43075621765117994","0.02623989848016321","0.07529019129642742","0.10271170313986495","0.11915620616061605","1835.5033331542445","0.4005708848715509","10.6","9.7","false"
"Follow Tomorrow","ANOTHER","10","10.2","37.2","4.466796875","FLIP + 左MIRROR + 右MIRROR","10.17794028031688","12","0.0743084660519693","0.04262962519458764","0","0","0.8255208333333334","parsed","https://textage.cc/score/19/follow_t.html?DAA00","0.44935763240091486","0.026323981917085636","0.07641860625178933","0.18566289825282437","0.13893249994863063","1235.726083559368","0.29804727646454265","49","10","false"
"foreplay","ANOTHER","11","11.6","75","5.3349609375","正規","12.52833638025594","16","0.08616956077630183","0.014519188676492099","0.007728002334744065","0","0.36458333333333337","parsed","https://textage.cc/score/7/foreplay.html?DAB00","0.43860676869620685","0.030884894956204802","0.09108132722825098","0.19070695553021552","0.16869208455658366","609.0779729535333","0.3523375142531357","86.5","10.9","false"
"Forgetting Machine","ANOTHER","10","10","25.1","4.21875","FLIP + 右MIRROR","8.464310954063604","12","0.06293277392780612","0.03885224457988926","0.0017032645904650119","0","0.7890624999999999","parsed","https://textage.cc/score/27/forgetmc.html?DAA00","0.42447588343104153","0.02735478131793775","0.07758448918297671","0.13981366459627145","0.11788340292740603","1095.7998878321273","0.28322981366459626","10.6","9.7","false"
"four pieces of heaven","HYPER","10","10.7","65.3","5.0869140625","両RANDOM","9.014785859705826","11","0.0651697887604623","0.11939612632617809","0.005394978078915866","0","0.9505208333333333","parsed","https://textage.cc/score/15/fourpces.html?DHA00","0.4704463905171276","0.03848212164668715","0.08453710280470306","0.08161843515541166","0.12366753332530203","2187.3801584632088","0.2540192926045016","27.9","10.6","false"
"FREEDOM","ANOTHER","11","11.6","82.6","5.5830078125","右MIRROR","12.1875","14","0.08492240215924385","0.07675438596491235","0.0014574898785426021","0","0.7864583333333333","parsed","https://textage.cc/score/25/freedom.html?DAB00","0.474052861439748","0.02801512327413923","0.08146618913585202","0.18669885864793653","0.15353213335609137","1904.117941731365","0.2774363476733977","94.9","11.1","true"
"Freeway Shuffle","ANOTHER","9","9.6","15","3.970703125","左MIRROR","9.340365682137834","12","0.06661176780605339","0.075863951212167","0","0","0.8515624999999999","parsed","https://textage.cc/score/15/freeway.html?DA900","0.4831829482882678","0.03010588617469671","0.07590029874026538","0.13907242693773672","0.11887562205334519","1838.3966173199954","0.2719186785260483","14","9.3","false"
"Freezing atmosphere","ANOTHER","10","11","25.1","4.21875","FLIP + 左MIRROR","7.461538461538462","14","0.071946353570065","0.03805126002290965","0.0011034746086291123","0","0.6119791666666666","parsed","https://textage.cc/score/10/freezing.html?DAA00","0.4608542799353587","0.027254757682558303","0.06909197646904826","0.14353448275861896","0.10195264435871826","842.2479651790861","0.41810344827586204","18.4","9.7","false"
"frequent","HYPER","10","10.2","15","3.970703125","両RANDOM","10.470254957507082","11","0.06278607503607467","0.052150974025973865","0.0070735930735929126","0","0.8645833333333334","parsed","https://textage.cc/score/31/frequent.html?DHA00","0.4662751592809068","0.02960278168726593","0.07663053680063003","0.12934508816120907","0.13049145823602104","2352.930411922349","0.2787573467674223","10.6","9.3","false"
"Frisk And Squeak","ANOTHER","10","10.2","82.6","5.5830078125","FLIP + 左MIRROR","10.774147727272727","11","0.060078224566029355","0.13882663150955843","0.007242364315534872","0","0.7838541666666666","parsed","https://textage.cc/score/28/frisksqk.html?DAA00","0.3970006131961283","0.027539754401349904","0.07634299119435527","0.1496485061511414","0.12858179821880242","2881.914449718273","0.37346221441124783","49","11.1","true"
"From Human Blood","HYPER","10","10","6.2","3.5986328125","FLIP + 左MIRROR + 右MIRROR","9.255697470573503","11","0.06829887980951338","0.04464527301260892","0.007169219113587497","0","0.5234375","parsed","https://textage.cc/score/33/frmhuman.html?DHA00","0.5074642244870866","0.027233425526112503","0.07859237192657305","0.09490010515246934","0.11578267691948055","1255.3480364692407","0.35751840168243953","5.4","8.8","false"
"From Time To Time","HYPER","10","9.6","15","3.970703125","正規","7.977971014492754","10","0.07769964394710063","0.0078022816451097125","0","0","0.8984374999999999","parsed","https://textage.cc/score/25/fromtime.html?DHA00","0.537812948038761","0.024188034188034255","0.07352347017679099","0.1371794871794854","0.11782757090834556","475.0583148772044","0.24786324786324787","14","9.3","false"
"From Time To Time","ANOTHER","11","10.7","50","4.71484375","両RANDOM","10.493913043478262","12","0.07918144403933226","0.0056002099215555975","0","0","0.8281249999999999","parsed","https://textage.cc/score/25/fromtime.html?DAB00","0.5666520421086692","0.023883129123468495","0.07264588366324065","0.11484448633364583","0.14782700414974423","500.04819241433853","0.22148916116870876","63.1","10.3","false"
"Frozen Ray (original mix)","ANOTHER","9","8.5","37.2","4.466796875","正規","8.429757785467128","11","0.05565881290534437","0.06495087978545822","0.003439235968585121","0","0.7083333333333334","parsed","https://textage.cc/score/6/frozen.html?DA900","0.39923813645557527","0.02093808028469672","0.059064863263996105","0.18754266211603984","0.11986013405943854","843.3407974389362","0.4197952218430034","22.9","10","false"
"fun","ANOTHER","10","11.2","55.2","4.8388671875","FLIP + 右MIRROR","9.75359342915811","12","0.06330526315789488","0.0552631578947371","0","0","0.7499999999999999","parsed","https://textage.cc/score/9/fun30.html?DAA00","0.5188027596546936","0.029841476924697307","0.08513625776920489","0.1923873325213145","0.128109620059279","1823.741071163707","0.26674786845310594","43.5","10.4","false"
"Funky Quirky","ANOTHER","11","11.2","65.3","5.0869140625","正規","11.507031408308006","11","0.06331210789285807","0.03301683008377468","0","0.008029978586723767","0.8098958333333334","parsed","https://textage.cc/score/33/fkquirky.html?DAB00","0.45516959503596","0.025124379271005467","0.07121351329046609","0.18696498054474706","0.14863700081217693","1718.5901152540212","0.28793774319066145","43.5","10.6","false"
"Funny shuffle","ANOTHER","11","12","93.6","6.0791015625","左MIRROR","12.951072961373391","13","0.06395612407211013","0.08457051961823968","0.005015906680805991","0","0.7265624999999999","parsed","https://textage.cc/score/21/funnysfl.html?DAB00","0.46304378555545844","0.02132420373561128","0.05929738697317383","0.20468127490039628","0.15832370277032617","1109.8384649422821","0.37749003984063745","91.1","11.6","true"
"FUTURE is Dead","ANOTHER","11","10.5","30.9","4.3427734375","正規","9.651442307692307","12","0.07629452054794497","0.09311955168119543","0.0003918638439186101","0","0.7005208333333333","parsed","https://textage.cc/score/25/futuredd.html?DAB00","0.402133677882321","0.03226617710119115","0.09525941530435521","0.1622122122122115","0.1267960378828853","2510.3448527837654","0.44644644644644643","27.9","9.8","false"
"G59","HYPER","11","10.5","25.1","4.21875","両RANDOM","10.053763440860214","11","0.07554594069032526","0.12997083130772974","0.0070666018473507924","0","0.7630208333333333","parsed","https://textage.cc/score/17/g59.html?DHB00","0.42860449258831784","0.03597391695049261","0.082570620165016","0.10530303030302839","0.1329855235725653","3056.5112953631033","0.4100378787878788","38.1","9.7","false"
"GAIA","HYPER","10","10.2","43.9","4.5908203125","左MIRROR","9.07605633802817","15","0.07063004345127251","0.03615766604593421","0.0177281191806333","0","0.7682291666666666","parsed","https://textage.cc/score/20/gaia.html?DHA00","0.372995178096921","0.0319318204969672","0.09219731669471927","0.08306852035749655","0.13102520431775103","1110.6413724563708","0.5104270109235353","49","10.1","false"
"Galaxy Collapse","ANOTHER","10","10","15","3.970703125","FLIP + 右MIRROR","8.770547945205479","12","0.08140101522842633","0.10037094884810638","0","0","0.7369791666666666","parsed","https://textage.cc/score/32/galaxyco.html?DAA00","0.5198187478277231","0.02816449048136055","0.0789388568518522","0.10244072524407223","0.11306971011082949","1813.660168112216","0.3417015341701534","33","9.3","false"
"GALGALIM","HYPER","10","10.5","30.9","4.3427734375","FLIP + 左MIRROR + 右MIRROR","9.348090277777777","10","0.07187111152381803","0.2132509982356765","0.0014040300863587746","0","0.7213541666666666","parsed","https://textage.cc/score/17/galgalim.html?DHA00","0.35769284035562493","0.03133693464689631","0.08315704277074339","0.1225113122171927","0.1113393066708299","2837.2694354769033","0.4796380090497738","27.9","9.8","false"
"Game Changers","ANOTHER","11","11.6","78.9","5.458984375","左MIRROR","11.274999999999999","16","0.0815642487593702","0.13187625382747348","0.02731707317073123","0","0.8567708333333333","parsed","https://textage.cc/score/29/gamechng.html?DAB00","0.4108100185519334","0.028985685369916775","0.08310199875479375","0.13963963963963885","0.13635884842271506","2431.6115219506114","0.3972972972972973","91.1","11","false"
"GAME ON","HYPER","10","10","55.2","4.8388671875","FLIP + 左MIRROR","8.75","11","0.06635914552736993","0.2855140186915893","0","0","0.9843750000000001","parsed","https://textage.cc/score/31/game_on.html?DHA00","0.405639405655238","0.030500962098294084","0.07430170670763668","0.1325993555316843","0.08946844193241381","3556.2912130940153","0.4092373791621912","33","10.4","false"
"Ganymede","HYPER","11","11","25.1","4.21875","正規","7.726219370612354","12","0.0791659613757018","0.029090046420968962","0.006247595598984112","0","0.6848958333333334","parsed","https://textage.cc/score/13/ganymede.html?DHB00","0.38970532005795966","0.02518879017948338","0.07268346418183984","0.1556085918854395","0.12114254283005385","881.5709202078607","0.4510739856801909","43.5","9.7","false"
"Garuda","ANOTHER","11","11","65.3","5.0869140625","FLIP + 左MIRROR + 右MIRROR","13.739583333333334","14","0.09105714556482139","0.06803212661106899","0.013449583017437435","0","0.7083333333333335","parsed","https://textage.cc/score/26/garuda.html?DAB00","0.4390288095028265","0.035768935704909716","0.10517303399254091","0.20186602870813353","0.16808833751383792","1759.3260966837122","0.34258373205741627","89.1","10.6","false"
"Geirsk&ouml;gul","ANOTHER","10","","30.9","4.3427734375","右MIRROR","9.208555033907146","12","0.06933207951901865","0.07340100909393052","0.0046792954469922566","0","0.7265624999999999","parsed","https://textage.cc/score/26/geirskog.html?DAA00","0.49048165363072493","0.02417286078420705","0.06940175272136537","0.1530785562632677","0.12397542481960594","1832.2296935567565","0.24628450106157113","49","9.8","false"
"GENERATE feat.綾倉盟","ANOTHER","10","10.2","25.1","4.21875","左MIRROR + 右MIRROR","10.363741673906748","11","0.07331079192980446","0.017423014586709844","0","0","0.8984374999999999","parsed","https://textage.cc/score/23/generate.html?DAA00","0.3961427242461049","0.02974875979846775","0.0850492291399164","0.19425612052730634","0.13662045788027713","898.2472759910086","0.3634651600753296","27.9","9.7","false"
"GENERATED GRID","ANOTHER","11","","","","","","","","","","","","unparsed","https://textage.cc/score/34/genegrid.html?DAB00","","","","","","","","","",""
"GENOM SCREAMS","ANOTHER","9","9.6","25.1","4.21875","FLIP + 右MIRROR","7.154255319148936","9","0.07193308550185888","0.011152416356877363","0.04550185873605948","0","0.9010416666666665","parsed","https://textage.cc/score/s/genom.html?DA900","0.2859532455801565","0.031052631578947453","0.09433112926594069","0.19285714285714126","0.11360692720087534","275.4621652298006","0.7199248120300752","14","9.7","false"
"gentle stress","ANOTHER","9","9","3.1","3.3505859375","FLIP + 左MIRROR + 右MIRROR","8.278186274509803","13","0.06987139156180587","0.0312731310140638","0.01732050333086598","0","0.7473958333333334","parsed","https://textage.cc/score/s/gentle27.html?DA900","0.43814207089403684","0.023562596390534554","0.06894191991201475","0.1897553516819552","0.1139720887154106","758.0367276635617","0.3837920489296636","27.9","8.3","false"
"Get Higher","ANOTHER","11","10.5","37.2","4.466796875","両RANDOM","10.781009948369222","11","0.07016983600429834","0.03695743587347567","0.0018913236462179304","0.0014297061159650516","0.8203125","parsed","https://textage.cc/score/31/gethighr.html?DAB00","0.4380329733263678","0.029477415558353412","0.07594782344415522","0.16641118124436446","0.1420152271317234","1266.3194877342028","0.3507664562669071","43.5","10","false"
"Get Into The Groove feat.WaMi","ANOTHER","10","9.6","11.3","3.8466796875","右MIRROR","9.860982391102873","10","0.06677568922305746","0.04273182957393492","0","0","0.7812499999999999","parsed","https://textage.cc/score/33/gtgroove.html?DAA00","0.437304440052","0.028900310611451513","0.08302689076092397","0.1906712734452117","0.12425895100416638","1311.2547366652982","0.3435340572556762","10.6","9.2","false"
"Get On Your Feet","ANOTHER","11","11.2","75","5.3349609375","左MIRROR + 右MIRROR","11.455967078189301","13","0.07470591757070638","0.056014560432981295","0.0022147184903127293","0.00400890868596882","0.7317708333333333","parsed","https://textage.cc/score/30/get_feet.html?DAB00","0.4724470095981548","0.025414997949792444","0.07482463033227846","0.15141467727674568","0.14705755267690093","1633.5815822090176","0.3032714412024757","72.1","10.9","false"
"get set mind","ANOTHER","10","9.6","50","4.71484375","両RANDOM","11.052160953800298","15","0.07549892125134805","0.04503775620280484","0.00785329018338756","0","0.984375","parsed","https://textage.cc/score/32/gtstmind.html?DAA00","0.45047148063811293","0.026001903462511047","0.07653554961380453","0.1842546890424485","0.14495216554659568","1570.94568388415","0.3830207305034551","67.6","10.3","false"
"Get set, Go! feat.Kanae Asaba","ANOTHER","10","10","37.2","4.466796875","FLIP + 左MIRROR","9.723837209302324","11","0.0619975087194817","0.07166583623982732","0","0","0.8333333333333334","parsed","https://textage.cc/score/29/getsetgo.html?DAA00","0.45597845369061485","0.027972884875332924","0.07782671998848031","0.15957128614157395","0.12671651051538124","2245.48970787853","0.317048853439681","27.9","10","false"
"GET UP AGAIN","ANOTHER","10","10","43.9","4.5908203125","両RANDOM","11.137670196671708","12","0.07441829665851653","0.04828850855745712","0.010801412659603158","0.0011002444987775063","0.8151041666666667","parsed","https://textage.cc/score/30/getupagn.html?DAA00","0.457507293742337","0.029892886416089847","0.08283656784209914","0.18945841392649873","0.13577826344134028","1804.8340385168606","0.25338491295938104","58.5","10.1","false"
"Get Up! feat. Kanae Asaba","ANOTHER","9","9.3","15","3.970703125","両RANDOM","8.953168044077135","11","0.06767384615384606","0.02696153846153836","0","0","0.7708333333333331","parsed","https://textage.cc/score/25/get_up.html?DA900","0.44125696181075524","0.02666925971779696","0.07892629999028039","0.15067567567567358","0.12369988030935242","878.3456900275426","0.3400900900900901","14","9.3","false"
"Get Wicked","ANOTHER","10","10.2","19.6","4.0947265625","左MIRROR","9.372585096596136","10","0.06499263839811527","0.07013152728700432","0","0","0.8828125000000001","parsed","https://textage.cc/score/31/getwickd.html?DAA00","0.5015899457404918","0.02655373590119473","0.07490650862104853","0.1454871794871784","0.1183645220677565","1695.3093056862149","0.23794871794871794","22.9","9.5","false"
"GHOST","ANOTHER","11","11.2","95.4","6.203125","両RANDOM","12.156876463189317","14","0.08231965412726051","0.09008288199573299","0.005619563433448194","0","0.7578125000000001","parsed","https://textage.cc/score/27/ghosthmj.html?DAB00","0.42141576143253723","0.03372473728853688","0.0928866278944867","0.13997314234556765","0.15730643623032392","2605.925906123321","0.38585496866606983","91.1","11.8","true"
"GIGA RAID","ANOTHER","11","11.4","78.9","5.458984375","左MIRROR + 右MIRROR","11.569965870307167","14","0.0794985250737462","0.038716814159291985","0","0.000331858407079646","0.6458333333333333","parsed","https://textage.cc/score/28/gigaraid.html?DAB00","0.45654913675385855","0.03085455914377788","0.088934076781418","0.18840644583706256","0.15030319223330152","2028.4887513646488","0.2802148612354521","89.1","11","false"
"GIGA VIOLATE","ANOTHER","11","11.4","86.1","5.70703125","FLIP","12.587108013937282","16","0.08335640138408221","0.08085351787773928","0.01590772779700128","0","0.7708333333333335","parsed","https://textage.cc/score/27/gigaviol.html?DAB00","0.42610093304462027","0.035314836993995125","0.09409197712218723","0.18881315156375247","0.15287413843306144","2880.5348807573523","0.3488372093023256","93.8","11.3","true"
"gigadelic","NORMAL","10","","2.2","3.2265625","FLIP","6.17623106060606","12","0.060707862498275096","0.07651676607227745","0","0","0.8046874999999999","parsed","https://textage.cc/score/11/gigadel.html?DNA00","0.4676417078570224","0.025426131074019157","0.06360316388522258","0.10097159940209176","0.08897557203332969","1582.370050483198","0.35874439461883406","5.4","8","false"
"GiGaGaHell","HYPER","10","9.6","25.1","4.21875","正規","9.022038567493114","11","0.05246183206106872","0.08368320610687015","0.032290076335877535","0","0.8828125","parsed","https://textage.cc/score/29/gigagahl.html?DHA00","0.3723647852754339","0.023218146569007003","0.068905681049752","0.1098432908912814","0.11495676184148075","1549.599721199311","0.5053868756121449","10.6","9.7","false"
"GIGANT","ANOTHER","10","10.2","43.9","4.5908203125","右MIRROR","10.741379310344827","10","0.08076110219368632","0.07885232744783306","0.006356340288924572","0","0.6822916666666666","parsed","https://textage.cc/score/19/gigant.html?DAA00","0.3760671324895168","0.033786150402283874","0.09304988781307331","0.21507128309572185","0.1302301787689295","1417.927311235895","0.4979633401221996","38.1","10.1","false"
"Gimme a Big Beat (青龍 Remix)","HYPER","10","9.6","25.1","4.21875","FLIP + 右MIRROR","9.874494623655913","11","0.07012209145316253","0.08893554372729588","0.017096113806831414","0","0.7916666666666667","parsed","https://textage.cc/score/33/gimme_sr.html?DHA00","0.4341425738971249","0.030063183788753053","0.08103522629168103","0.12970065481758503","0.12092285806941082","2314.9799312455375","0.38260056127221703","18.4","9.7","false"
"Giudecca","HYPER","10","10.7","65.3","5.0869140625","FLIP + 左MIRROR + 右MIRROR","10.135823921227919","12","0.05620632018057652","0.040194005543015464","0.004116689048258597","0","0.8098958333333335","parsed","https://textage.cc/score/8/giudecca.html?DHA00","0.4122242025559591","0.02747167094714493","0.05752747108281908","0.09062499999999853","0.13723279967979815","1084.6878103627218","0.32077205882352944","43.5","10.6","false"
"Giudecca","ANOTHER","11","11.8","98.3","6.5751953125","FLIP + 左MIRROR + 右MIRROR","12.496959165942659","13","0.05535444475342925","0.11712666852057825","0.004694104560622958","0","0.5963541666666666","parsed","https://textage.cc/score/8/giudecca.html?DAB00","0.37035889444027376","0.027445535290498844","0.05853335804891626","0.13992481203007473","0.1671700874384289","1928.5758320747302","0.2962406015037594","93.8","12.1","true"
"glacia","HYPER","10","10.2","37.2","4.466796875","右MIRROR","9.718432510885341","12","0.061722670250895985","0.062141577060931805","0.0057419354838706485","0","0.8046875","parsed","https://textage.cc/score/30/glacia.html?DHA00","0.43703364538977624","0.03081282852988684","0.0828698584311966","0.14449275362318734","0.1210542658346507","1977.8992855537153","0.3120772946859903","22.9","10","false"
"Glitch N Ride","HYPER","10","10.5","8.4","3.72265625","左MIRROR + 右MIRROR","7.014817813033754","12","0.07050264550264547","0.08432930566500312","0.004275332407720173","0.003191489361702128","0.8281249999999999","parsed","https://textage.cc/score/31/glitch_n.html?DHA00","0.496899951973299","0.030041153661107177","0.07900270542667903","0.11282225237448959","0.09683511534069379","1736.4387773323565","0.2944369063772049","14","9","false"
"Globe Glitter","ANOTHER","11","11.4","75","5.3349609375","左MIRROR","12.017322097378278","12","0.06817971093536912","0.06445517939927514","0.021862947524251473","0","0.8671875","parsed","https://textage.cc/score/28/globeglt.html?DAB00","0.45476971741045485","0.02852480517904468","0.07388690148432364","0.14723386420787943","0.15466179790530118","2512.4775031621025","0.2799664710813076","63.1","10.9","false"
"GloriosA","ANOTHER","11","11.8","89","5.8310546875","左MIRROR + 右MIRROR","11.7735368956743","13","0.06695050788848013","0.036686838124054606","0.00809163604927569","0","0.8203125000000001","parsed","https://textage.cc/score/31/gloriosa.html?DAB00","0.4502122995665072","0.022905384362372334","0.06398185664482754","0.19303571428571345","0.1610651161468731","1253.4574356368983","0.29375","86.5","11.4","true"
"GLORIOUS HAMMER","ANOTHER","11","11.8","86.1","5.70703125","FLIP","13.045002217355611","15","0.07790340068694274","0.05958268181199342","0.004717850049652504","0","0.734375","parsed","https://textage.cc/score/31/glhammer.html?DAB00","0.4424459831459973","0.031015204081528358","0.08314808008730944","0.1784883720930227","0.1640498182954648","2699.02459030724","0.3081395348837209","79.6","11.3","true"
"Glory","ANOTHER","10","10.7","55.2","4.8388671875","左MIRROR","10.071557271557273","10","0.05705115262727459","0.08423635248415448","0","0","0.5416666666666666","parsed","https://textage.cc/score/26/glory.html?DAA00","0.39147004449838896","0.025426784895621484","0.06761170005925375","0.17017374517374517","0.13251628815587962","1682.7395864308523","0.3667953667953668","33","10.4","false"
"Go Ahead!!","HYPER","10","9.6","19.6","4.0947265625","FLIP + 両RANDOM","6.73469387755102","11","0.07724747474747487","0.09311868686868703","0.023838383838383874","0","0.7890625000000001","parsed","https://textage.cc/score/24/goahead.html?DHA00","0.47085272744212886","0.03537149526832323","0.09333754225644098","0.10684357541899324","0.10470940488596792","1649.2278581285993","0.3268156424581006","10.6","9.5","false"
"Go Beyond!!","HYPER","10","10","25.1","4.21875","左MIRROR + 右MIRROR","7.527472527472528","14","0.09051094890510926","0.09215328467153311","0.01907542579075429","0","0.8697916666666666","parsed","https://textage.cc/score/16/gobeyond.html?DHA00","0.3925678007389948","0.03408150967422576","0.09067623085405305","0.10987055016181144","0.13709864970795588","1379.1549009268774","0.3786407766990291","86.5","9.7","false"
"Go Faraway","ANOTHER","11","11","65.3","5.0869140625","正規","11.358333333333333","12","0.10055147957935877","0.02457813646368307","0.00475421863536322","0","0.7526041666666667","parsed","https://textage.cc/score/23/gofarawy.html?DAB00","0.457711876667975","0.038388603950959985","0.11264757240450098","0.20868761552680218","0.15472785231356706","949.2627953761581","0.2744916820702403","83","10.6","false"
"GO OVER WITH GLARE  -ROOTAGE 26-","HYPER","10","10","37.2","4.466796875","左MIRROR","9.520337301587302","10","0.07945266503412667","0.07708539571718807","0","0","0.8411458333333333","parsed","https://textage.cc/score/26/go_glare.html?DHA00","0.4183783760474974","0.034090491424301206","0.09988079293017521","0.15567164179104387","0.1196333099581666","1951.0032514781249","0.3870646766169154","33","10","false"
"GO!","ANOTHER","11","11.4","93.6","6.0791015625","FLIP + 左MIRROR","13.004366243075921","13","0.062336233162282956","0.14157713277742143","0.01857280307889657","0","0.8723958333333333","parsed","https://textage.cc/score/33/go_juger.html?DAB00","0.42978771815301897","0.032067718217747454","0.07126388098078527","0.16104166666666797","0.151054283273963","2943.082887847474","0.3333333333333333","72.1","11.6","true"
"GOBBLE","ANOTHER","11","11.8","82.6","5.5830078125","左MIRROR","11.784738955823293","14","0.059934569247546324","0.0476076881134133","0.002148309705561615","0","0.7708333333333335","parsed","https://textage.cc/score/23/gobblecp.html?DAB00","0.4997629026317151","0.024708231219844598","0.06271616288311993","0.18644617380025766","0.1678751625443806","1411.4294148414467","0.2529182879377432","83","11.1","true"
"God Mind","HYPER","10","10.5","50","4.71484375","右MIRROR","9.986173331121066","11","0.045664155959238055","0.10460788657509956","0.014539654408506929","0","0.7734375","parsed","https://textage.cc/score/32/godmind.html?DHA00","0.40443767189538415","0.02279305445551842","0.05948938466071806","0.11098993288590417","0.11917874739162558","1890.7435735076917","0.5","33","10.3","false"
"Godspeed","HYPER","10","10.5","50","4.71484375","正規","10.49056603773585","11","0.06656229561805077","0.025070852408982058","0.003590582079790887","0","0.8567708333333333","parsed","https://textage.cc/score/23/godspeed.html?DHA00","0.4073389725688202","0.02696985913042984","0.06737005665450274","0.17245480494766707","0.1388103121331426","942.7206209253671","0.38058991436726924","38.1","10.3","false"
"GOLD RUSH","ANOTHER","10","10.5","37.2","4.466796875","正規","12.886116700201207","15","0.08665885953406964","0.08324485249724178","0.007859596527388777","0","0.6145833333333333","parsed","https://textage.cc/score/14/goldrush.html?DAA00","0.3974461219014493","0.029667736132862093","0.08400677894247281","0.1981700118063748","0.1581355779038798","1660.0808358433055","0.4852420306965762","86.5","10","false"
"GOLD RUSH 2025","ANOTHER","11","10.2","60","4.962890625","左MIRROR + 右MIRROR","11.245668234757215","14","0.08008189187147223","0.06721211296399181","0.023644075901652396","0","0.7682291666666665","parsed","https://textage.cc/score/33/gold2025.html?DAB00","0.4580912247153331","0.0332178682082861","0.08443708058570887","0.15318650421743427","0.14804368525168038","2087.4974921315516","0.3739456419868791","67.6","10.5","false"
"Golden Horn","ANOTHER","11","11.2","60","4.962890625","FLIP","8.002345353268836","12","0.057619431418522826","0.02560814771395076","0.0015709261430246204","0","0.40104166666666674","parsed","https://textage.cc/score/9/golden.html?DAB00","0.3911532330622962","0.023280033801638615","0.06619777949333112","0.1352867830423922","0.1446874788427327","587.9496052863432","0.3865336658354115","72.1","10.5","false"
"Golden Palms","ANOTHER","10","10.7","43.9","4.5908203125","両RANDOM","10.031746031746032","11","0.06490035702693918","0.08610840636157076","0.0030223953261925953","0.012531645569620246","0.9166666666666665","parsed","https://textage.cc/score/18/gldpalms.html?DAA00","0.5196079012068137","0.025023267646175736","0.06275011701277898","0.18634558093346562","0.12590354633826986","1964.5568056744635","0.1906653426017875","53.9","10.1","false"
"Golden Palms","LEGGENDARIA","11","11.6","65.3","5.0869140625","左MIRROR","10.700529100529101","14","0.06737889483933772","0.10850778967867555","0.0028334956183055583","0.013528481012658218","0.7682291666666666","parsed","https://textage.cc/score/18/gldpalms.html?DXB00","0.5379926967339473","0.034004329607471385","0.062438101403597686","0.16873822975517822","0.1241277478927062","2466.692644193747","0.1694915254237288","72.1","10.6","false"
"Good Looking","ANOTHER","10","10.2","60","4.962890625","左MIRROR + 右MIRROR","11.38888888888889","12","0.06898565279770438","0.10665710186513636","0.007814060258249404","0","0.8906250000000001","parsed","https://textage.cc/score/32/goodlook.html?DAA00","0.5000077191483038","0.030081781561809417","0.07660482509457184","0.08898104265402769","0.13338358877495093","2054.5343629780173","0.32701421800947866","43.5","10.5","false"
"GRADIUS -FULL SPEED-","ANOTHER","11","11","43.9","4.5908203125","左MIRROR + 右MIRROR","9.569866342648846","14","0.08027086507533378","0.006925046554934823","0.02089046893516164","0","0.8567708333333333","parsed","https://textage.cc/score/10/grafull.html?DAB00","0.38588336496265363","0.032398726245400945","0.09204125931727553","0.1741482965931862","0.13085980422118995","531.0443561397709","0.48396793587174347","38.1","10.1","false"
"GRADIUS 2012","ANOTHER","11","11.2","75","5.3349609375","両RANDOM","11.910204081632653","13","0.0771738633767417","0.0745373543522962","0.00965044551062356","0.003084304318026045","0.8515624999999999","parsed","https://textage.cc/score/20/gra2012.html?DAB00","0.44330445949419933","0.032402035015168903","0.08076257152924259","0.16098636728147442","0.1424219667021942","2279.980505980196","0.34161988773055335","67.6","10.9","false"
"GRADIUSIC CYBER","ANOTHER","9","10","25.1","4.21875","左MIRROR + 右MIRROR","6.431615788821179","11","0.05912242472266244","0.0713648969889065","0.013185419968304262","0","0.864583333333333","parsed","https://textage.cc/score/1/gracyber.html?DA900","0.42733038729765926","0.02456877347148824","0.07458552999854458","0.07947882736156348","0.09697336647534556","956.6213446999983","0.30130293159609123","14","9.7","false"
"Grand Chariot","HYPER","10","9.6","8.4","3.72265625","FLIP","8.55918168533853","9","0.0742749576346207","0.06539696992690386","0.018836431696891427","0","0.8020833333333334","parsed","https://textage.cc/score/23/gchariot.html?DHA00","0.4240626580902356","0.03394132054371837","0.09386574245667159","0.11128016789086893","0.11113126965452158","1734.0904286297346","0.43441762854144805","7.9","9","false"
"GRAVITON","HYPER","10","9.3","11.3","3.8466796875","FLIP","9.398910984848484","11","0.06589619908818412","0.04606936852975997","0.022415556283217182","0","0.7109375000000001","parsed","https://textage.cc/score/29/graviton.html?DHA00","0.40232614746115525","0.029194956353055385","0.08720395902356329","0.15116391852570193","0.11905479216819466","1820.5393073733874","0.3355965082444229","7.9","9.2","false"
"GREEN EYES","ANOTHER","11","11.2","65.3","5.0869140625","正規","10.007732127645633","12","0.05947305012833286","0.04085694830024618","0.0030841757896386836","0","0.7734375","parsed","https://textage.cc/score/12/greeneye.html?DAB00","0.47999990271926346","0.02537704045539091","0.07184759491096256","0.1690160832544937","0.14028894673468542","1489.5029295841894","0.21475875118259224","43.5","10.6","false"
"GRID KNIGHT","ANOTHER","10","10.5","65.3","5.0869140625","FLIP + 右MIRROR","11.633333333333333","20","0.05725286532951269","0.06814111747850998","0","0","0.8541666666666667","parsed","https://textage.cc/score/14/gknightt.html?DAA00","0.38695377540670217","0.02370980308602972","0.06013368661340991","0.2112635078969237","0.14875023123056513","1602.6520893687639","0.4546965918536991","99.4","10.6","false"
"GUILTY","ANOTHER","11","11.2","43.9","4.5908203125","両RANDOM","12.67738376674547","11","0.05885999154628423","0.0681083567468111","0.00031030110146944913","0","0.7369791666666666","parsed","https://textage.cc/score/22/guilty.html?DAB00","0.4180395645226737","0.027073829728028624","0.07232829536270326","0.21394707828004225","0.16477689815679303","1649.9947469836893","0.24807056229327454","58.5","10.1","false"
"GuNGNiR","HYPER","10","10.5","60","4.962890625","正規","11.227995191665554","11","0.06321637482552905","0.06823689887070152","0.004945565283593377","0","0.6718750000000001","parsed","https://textage.cc/score/24/gungnir.html?DHA00","0.46700665168773703","0.03128779475335249","0.07798977344881503","0.07753303964757559","0.14358432065924637","1938.9183634050066","0.3377386196769457","33","10.5","false"
"HAERETICUS","HYPER","10","10.2","43.9","4.5908203125","左MIRROR + 右MIRROR","9.91604938271605","12","0.07314568648482998","0.0716413193380324","0.018234753294514308","0","0.7812500000000001","parsed","https://textage.cc/score/19/haeretic.html?DHA00","0.4148252418021305","0.03300736306683771","0.08297591922377952","0.13015435501653622","0.13442559214829938","1926.2015577799355","0.37045203969129","49","10.1","false"
"Halfway of promise","ANOTHER","10","10.5","50","4.71484375","両RANDOM","10.149122807017545","10","0.06132855908136809","0.18017656500802548","0","0","0.765625","parsed","https://textage.cc/score/8/halfway.html?DAA00","0.42361379288159884","0.02422500794703132","0.06143531808042618","0.16472527472527346","0.11332477072385519","1906.7756892580255","0.4032967032967033","27.9","10.3","false"
"Hallucination","ANOTHER","11","11.8","82.6","5.5830078125","左MIRROR","11.327938514060511","13","0.06935161408657338","0.06481566397652237","0.030873074101247237","0","0.7057291666666666","parsed","https://textage.cc/score/33/hallucin.html?DAB00","0.4099381316195641","0.030229839682901025","0.08047927018985798","0.1405092592592592","0.1460990445406814","2515.5547059155215","0.30246913580246915","72.1","11.1","true"
"HAPPY★RUSH","ANOTHER","11","11.8","96.8","6.3271484375","両RANDOM","12.299818840579709","16","0.08154190293836015","0.10434310332130488","0.03665807496870189","0","0.8802083333333333","parsed","https://textage.cc/score/24/happyrsh.html?DAB00","0.37461362052875286","0.03639780800943848","0.09962114049168795","0.15907630522088403","0.1624596416141535","2432.2887280125924","0.43052208835341366","94.9","11.9","true"
"Happy Wedding","ANOTHER","10","10.2","43.9","4.5908203125","正規","8.72054794520548","14","0.055455395478958204","0.13565369597414817","0.0003219484463593684","0","0.8255208333333334","parsed","https://textage.cc/score/7/happywed.html?DAA00","0.4856859987880682","0.028318514208717126","0.06872497558943144","0.13778467908902503","0.11460286314719816","2070.782856076262","0.28467908902691513","27.9","10.1","false"
"HAPPY☆ANGEL","ANOTHER","10","10.5","50","4.71484375","両RANDOM","9.889400921658986","11","0.06992544268406285","0.17854923889406638","0.00260950605778192","0","0.9244791666666665","parsed","https://textage.cc/score/12/hp_angel.html?DAA00","0.39152905827049345","0.03159934454941367","0.07818885679980633","0.1645877378435496","0.12164171320521736","2854.108339087626","0.3594080338266385","38.1","10.3","false"
"Hard Breaker","ANOTHER","10","10","50","4.71484375","FLIP + 両RANDOM","10.486293859649122","15","0.079539917394259","0.054334187274533555","0.006043812411773835","0","0.9218750000000001","parsed","https://textage.cc/score/31/hardbrkr.html?DAA00","0.44464847768657045","0.03379308979004645","0.09529177706015035","0.14883608147429608","0.1377237092387751","1717.8069992438777","0.3773035887487876","72.1","10.3","false"
"hard-wired","HYPER","10","10.2","19.6","4.0947265625","FLIP + 両RANDOM","9.914722445695897","11","0.08378310613437166","0.09455128205128217","0.0089607270366766","0","0.7604166666666665","parsed","https://textage.cc/score/29/hd_wired.html?DHA00","0.45640326378003554","0.035078045711112386","0.09993976399908097","0.13146292585170166","0.1226295996999279","2203.0080947257","0.40981963927855714","27.9","9.5","false"
"Harmonia","ANOTHER","10","10","15","3.970703125","左MIRROR","11.188888888888888","13","0.08667757898103066","0.04608419032871583","0.01295743355831146","0","0.9531250000000001","parsed","https://textage.cc/score/29/harmonia.html?DAA00","0.5005150258453132","0.03180107644905952","0.09421706376404848","0.15928217821781976","0.1374183761951173","1811.3502079749867","0.26485148514851486","38.1","9.3","false"
"Harmony and Lovely","ANOTHER","11","11","30.9","4.3427734375","左MIRROR + 右MIRROR","10.272634791454731","15","0.08909387997623257","0.003911665676371531","0","0","0.8411458333333335","parsed","https://textage.cc/score/13/harmlove.html?DAB00","0.45420589793646593","0.029477777777777874","0.08956908668749802","0.11088888888888722","0.1362646318161998","478.5131062998866","0.2788888888888889","86.5","9.8","false"
"Hat Surprise","ANOTHER","11","10.7","78.9","5.458984375","正規","11.829113924050633","14","0.07131353665061478","0.08025682182985552","0.01078651685393303","0","0.8749999999999999","parsed","https://textage.cc/score/29/hatsurpr.html?DAB00","0.42086717620294495","0.028157806441900038","0.07842379557623966","0.18637236084452877","0.163432374573572","1997.817598182668","0.32245681381957775","86.5","11","false"
"Hat Surprise (Season 3)","HYPER","10","9.3","11.3","3.8466796875","両RANDOM","9.370588235294118","10","0.06680320150659119","0.09094475831763967","0.008788449466415533","0","0.7708333333333334","parsed","https://textage.cc/score/31/hatsurp3.html?DHA00","0.4551302698450761","0.03106378373994123","0.08498656715768589","0.10587628865979226","0.1126573743603454","1990.817608808356","0.3134020618556701","10.6","9.2","false"
"Hat Surprise (Season 3)","ANOTHER","11","10.5","60","4.962890625","左MIRROR","11.86764705882353","14","0.07255762081784337","0.07261462205700123","0.010547707558859608","0","0.8567708333333333","parsed","https://textage.cc/score/31/hatsurp3.html?DAB00","0.46539617802329963","0.03114403285117675","0.08562499072111969","0.1488860325621252","0.14412835569162027","2141.015209969977","0.29648671808054844","72.1","10.5","false"
"HAT TRICK","ANOTHER","10","10.5","65.3","5.0869140625","FLIP + 左MIRROR","11.005434782608697","14","0.08318518518518493","0.10288065843621386","0.025415637860082406","0","0.7968750000000002","parsed","https://textage.cc/score/25/hattrick.html?DAA00","0.4296044211517855","0.02866608507888143","0.08408999200815086","0.17110091743119157","0.1354057297561487","2451.9591632903675","0.3924566768603466","83","10.6","false"
"HEARTACHE","ANOTHER","10","9.6","89","5.8310546875","左MIRROR","9.339622641509434","10","0.0591621477937268","0.1746411483253588","0.003572567783094285","0","0.8802083333333333","parsed","https://textage.cc/score/29/heartach.html?DAA00","0.4604314882772241","0.024809171234126102","0.06899561867982054","0.16524861878453137","0.1058234276682219","2375.9683638880047","0.31933701657458563","38.1","11.4","true"
"heaven above","ANOTHER","9","9.3","4.4","3.474609375","FLIP + 両RANDOM","7.733587786259542","9","0.06711183496199784","0.04049452176488015","0","0","0.7838541666666665","parsed","https://textage.cc/score/14/hvnabove.html?DA900","0.5098305634153938","0.029635920651025795","0.07883552138893415","0.13720379146919254","0.11291174360045159","1131.4324668599027","0.26540284360189575","2.6","8.5","false"
"Heavenly Sun (IIDX VERSION)","ANOTHER","10","10.5","19.6","4.0947265625","FLIP + 左MIRROR","9.431895961670088","10","0.0668584905660377","0.005551523947750395","0","0","0.6822916666666666","parsed","https://textage.cc/score/13/hvnlysun.html?DAA00","0.48984056830257483","0.02626243218644275","0.07650614720054726","0.1319018404907961","0.12968430506274484","512.9788793650895","0.25869120654396727","14","9.5","false"
"HEISEI","HYPER","10","10","15","3.970703125","左MIRROR + 右MIRROR","8.840990990990992","10","0.07461379732001816","0.007324094359810416","0","0","0.6458333333333333","parsed","https://textage.cc/score/26/heisei.html?DHA00","0.4445641193787699","0.030048401176724134","0.09008729212599788","0.19801762114537325","0.11972069436326002","459.33043409202105","0.31718061674008813","14","9.3","false"
"HEISEI","ANOTHER","11","11.2","60","4.962890625","FLIP + 左MIRROR","11.322972972972973","12","0.0783123483311447","0.006882285077773778","0","0","0.7812499999999999","parsed","https://textage.cc/score/26/heisei.html?DAB00","0.46866226388745","0.02940066335856874","0.08832842863421052","0.21737588652482265","0.15561120147999538","577.8909200122675","0.24911347517730498","67.6","10.5","false"
"HELL SCAPER -Last Escape Remix-","ANOTHER","11","11","96.8","6.3271484375","右MIRROR","11.280927835051546","21","0.08541809458533187","0.11017820424948598","0.042348640621430386","0","0.6770833333333334","parsed","https://textage.cc/score/22/helsca_t.html?DAB00","0.278084412621939","0.033956348614360726","0.09142875964848893","0.18372287145242025","0.1574683401758179","1974.0836426695682","0.6494156928213689","99.7","11.9","true"
"Hella Deep","ANOTHER","10","10.5","37.2","4.466796875","左MIRROR + 右MIRROR","8.042030900589552","14","0.06466631908237742","0.27944196922299125","0.012007457262931667","0","0.6718749999999999","parsed","https://textage.cc/score/25/helladep.html?DAA00","0.3744455393970915","0.027262356321718768","0.06895375848799344","0.12429963459195904","0.08701116561343158","2926.881681892327","0.4457978075517661","33","10","false"
"Hello Happiness","ANOTHER","11","11.2","93.6","6.0791015625","FLIP + 左MIRROR + 右MIRROR","11.31513157894737","13","0.06375511173130198","0.1324737872356921","0.008521425664282723","0","0.9062499999999999","parsed","https://textage.cc/score/22/hellohap.html?DAB00","0.3558142929354311","0.02431216575853292","0.06285902459844353","0.15823643410852634","0.14324439727688376","1596.185691095215","0.4437984496124031","72.1","11.6","true"
"Here We Are","ANOTHER","10","10.2","75","5.3349609375","左MIRROR + 右MIRROR","10.044475655430713","12","0.0772978326730364","0.10143323234677232","0.006543929154043748","0","0.6484375","parsed","https://textage.cc/score/28/herweare.html?DAA00","0.4094273853959654","0.029161420091745893","0.08267815435263305","0.18577235772357675","0.129870011753309","2170.5994874806","0.3404471544715447","72.1","10.9","false"
"Here We Go Now","HYPER","10","10","25.1","4.21875","左MIRROR + 右MIRROR","9.015946502057615","12","0.07031494265989614","0.07616819763793013","0.005532036286871999","0","0.7083333333333334","parsed","https://textage.cc/score/32/here_now.html?DHA00","0.4163039666855707","0.03340079060296743","0.09553564212785319","0.13380062305295773","0.11663968131170667","1944.6071127602868","0.32710280373831774","14","9.7","false"
"HEROES","HYPER","10","10.2","65.3","5.0869140625","右MIRROR","9.06934386657889","11","0.061801035592441135","0.13139683999128934","0.01555130779839831","0","0.609375","parsed","https://textage.cc/score/33/heroes.html?DHA00","0.40212190737297493","0.028717937188426298","0.08003632834224234","0.10925581395348642","0.11310859446955576","1889.0546646467653","0.4474418604651163","33","10.6","false"
"HIGH","ANOTHER","10","10.2","43.9","4.5908203125","正規","11.532346063912705","17","0.08372803460394632","0.010070289267369482","0.035642065423087246","0","0.7057291666666666","parsed","https://textage.cc/score/10/high.html?DAA00","0.3677831266861634","0.02946502463054194","0.08969877835497411","0.23699507389162386","0.15070932241988327","453.99130444995126","0.38029556650246304","91.1","10.1","false"
"HIGH","LEGGENDARIA","11","11.8","86.1","5.70703125","正規","14.038971161340607","14","0.09074505884965545","0.04063957361758825","0.016664445924938962","0","0.7552083333333331","parsed","https://textage.cc/score/10/high.html?DXB00","0.4294905076643191","0.03154917643841363","0.09184063643670326","0.25443262411347617","0.1779948293403082","1087.8477130377562","0.27570921985815605","97.6","11.3","true"
"Highcharge Divolt","HYPER","10","10","11.3","3.8466796875","両RANDOM","8.103286384976526","10","0.06462340672074166","0.05648899188876024","0.01762456546929302","0.002607184241019699","0.8880208333333334","parsed","https://textage.cc/score/23/hicharge.html?DHA00","0.4071778357941702","0.028224062703703864","0.08204486833700285","0.1337514934289111","0.10876941571311076","1056.0330696216733","0.3823178016726404","7.9","9.2","false"
"High School Love","ANOTHER","9","9.3","11.3","3.8466796875","FLIP + 右MIRROR","10.049217002237137","14","0.08409171861086318","0.08667260314633428","0.024933214603740164","0","0.6432291666666666","parsed","https://textage.cc/score/14/hs_love.html?DA900","0.42412930433895996","0.02347602295021885","0.06913820227270144","0.1515037593984943","0.12582104377447598","1772.3609533222793","0.3684210526315789","63.1","9.2","false"
"HIGH VOLTAGE","ANOTHER","10","10","55.2","4.8388671875","両RANDOM","9.98944805194805","14","0.07506879553641531","0.0741854229300396","0.005520977221635434","0.0011335012594458438","0.9401041666666669","parsed","https://textage.cc/score/28/highvolt.html?DAA00","0.4011452270202309","0.030358611216322492","0.0883825843997745","0.15354679802955637","0.12580182099775797","1786.756249505601","0.43448275862068964","72.1","10.4","false"
"HIGHER","ANOTHER","7","8","0.2","2.3583984375","FLIP + 左MIRROR + 右MIRROR","6.223148148148148","9","0.07387888707037643","0.1201458116351735","0.0029995536378515696","0","0.44270833333333337","parsed","https://textage.cc/score/4/higher.html?DA700","0.3793064228495772","0.025031434644232024","0.06206345518931065","0.1582329317269067","0.08028838793356341","1136.314971550778","0.44176706827309237","0.9","6.3","true"
"Hitch Hiker2","ANOTHER","9","9.3","19.6","4.0947265625","FLIP","8.886486486486486","11","0.062097864287645216","0.0681603135982697","0.0022364152473642973","0","0.8411458333333334","parsed","https://textage.cc/score/4/hitch228.html?DA900","0.41129662102701414","0.024387740583779294","0.07072265655162134","0.18198959687906194","0.11385200201120178","1024.7468651776917","0.39011703511053314","14","9.5","false"
"Hitch Hiker2","LEGGENDARIA","10","10","43.9","4.5908203125","FLIP + 左MIRROR + 右MIRROR","10.028153153153154","11","0.06299378626239939","0.09180984465655981","0.003963615946097837","0","0.8567708333333335","parsed","https://textage.cc/score/4/hitch228.html?DXA00","0.4218936534541596","0.026090326158763725","0.07143531437278657","0.18586698337291996","0.1250211166958382","1348.5389436534974","0.34441805225653205","33","10.1","false"
"Hold My Hand","ANOTHER","10","10.2","37.2","4.466796875","両RANDOM","10.689511257550796","12","0.08189554907118153","0.0714028850895939","0","0","0.8828124999999999","parsed","https://textage.cc/score/27/holdhand.html?DAA00","0.44421569844945213","0.03338431680407209","0.0925222592906517","0.17527472527472518","0.13467101178383034","2521.0655444676127","0.26673326673326675","49","10","false"
"Holic","HYPER","10","10.7","37.2","4.466796875","FLIP + 左MIRROR","10.538073038073039","12","0.08034433179723513","0.05424884792626735","0.005966451612903208","0","0.7994791666666667","parsed","https://textage.cc/score/3/holic.html?DHA00","0.4202971018427482","0.029757006548657733","0.08976275848564887","0.22212903225806271","0.13650799879881892","588.3137761352617","0.3006451612903226","49","10","false"
"Honey Trap","ANOTHER","11","11.2","78.9","5.458984375","左MIRROR + 右MIRROR","10.852320675105485","13","0.06718361197511609","0.1005661936236392","0.0034564541213063767","0","0.5000000000000001","parsed","https://textage.cc/score/24/honeytrp.html?DAB00","0.42070295279774067","0.02565918232549006","0.06839549414941737","0.17378426171529565","0.13200677998427862","1823.0793421789667","0.3819628647214854","58.5","11","false"
"hora de verdad","HYPER","10","10.5","43.9","4.5908203125","FLIP + 左MIRROR","9.704761904761904","11","0.07312491237908299","0.05011916444693673","0.0011103322585167652","0","0.7343750000000001","parsed","https://textage.cc/score/32/horadeve.html?DHA00","0.45554168760794805","0.03279962457006637","0.09330073465459306","0.13469273743016574","0.13147792578000764","1648.1610170246224","0.3474860335195531","43.5","10.1","false"
"HORIZON","ANOTHER","9","9","3.1","3.3505859375","左MIRROR","8.520960698689956","11","0.07520046464749967","0.07037615948342123","0.008393720425698765","0","0.8151041666666669","parsed","https://textage.cc/score/11/horizon.html?DA900","0.3683384295050114","0.04062234955659281","0.08532590885935729","0.1755367231638414","0.11313330072925279","1253.1832203083532","0.4632768361581921","7.9","8.3","false"
"HORIZON BEATZ","ANOTHER","10","10","25.1","4.21875","両RANDOM","10.751219512195123","11","0.0735312563016734","0.04100877192982462","0","0","0.875","parsed","https://textage.cc/score/33/hrzbeatz.html?DAA00","0.38830637299973386","0.027443878488249817","0.0822527420762077","0.18424528301886797","0.13742052043293804","1496.5133265856127","0.39245283018867927","49","9.7","false"
"Howling","ANOTHER","10","10","19.6","4.0947265625","左MIRROR","9.779761904761905","11","0.06458490566037728","0.11914181375532555","0.0027875836883750485","0","0.5807291666666667","parsed","https://textage.cc/score/20/howling.html?DAA00","0.4217691726321635","0.025085754297866122","0.07166404373361629","0.12866108786610644","0.11751221265924323","1602.885130544942","0.3776150627615063","43.5","9.5","false"
"Howling","LEGGENDARIA","11","11.2","91.5","5.955078125","FLIP + 右MIRROR","13.16577380952381","13","0.07053733300178539","0.10589551732712427","0.0010253859891042054","0","0.9557291666666666","parsed","https://textage.cc/score/20/howling.html?DXB00","0.37322170963810936","0.02662805839514387","0.07835659560306667","0.18502454991816755","0.1635837928646249","1920.134604718414","0.35433715220949263","89.1","11.5","true"
"Hurry Hurry","ANOTHER","9","9.3","11.3","3.8466796875","FLIP + 両RANDOM","9.489655172413793","11","0.07436531007751902","0.06907097868217055","0.002441860465116281","0","0.9348958333333333","parsed","https://textage.cc/score/26/huryhury.html?DA900","0.37078638163241034","0.029922015056158987","0.08811829406959942","0.21071428571428513","0.12147113067356609","1718.278876576529","0.45714285714285713","27.9","9.2","false"
"Hydrogen Blueback","ANOTHER","10","10.5","25.1","4.21875","右MIRROR","10.846028645833334","11","0.08050733815540617","0.044296047300339154","0.016947927608871823","0","0.9270833333333333","parsed","https://textage.cc/score/17/hydrblue.html?DAA00","0.39061314175150325","0.033714373641835695","0.10089609258070441","0.21646646646646545","0.14179818869037816","971.2946032216659","0.35935935935935936","43.5","9.7","false"
"Hydrogen Blueback","LEGGENDARIA","11","11.6","93.6","6.0791015625","両RANDOM","11.553580729166667","11","0.05540692989524582","0.3117100466012634","0","0","0.8880208333333334","parsed","https://textage.cc/score/17/hydrblue.html?DXB00","0.34978964509615146","0.025018305956183172","0.06642063420871384","0.10751879699247978","0.10557871199509426","2412.029891976779","0.5206766917293233","58.5","11.6","true"
"HYENA","ANOTHER","11","11.8","91.5","5.955078125","右MIRROR","12.358236434108527","13","0.07011867144436468","0.08513999858864486","0.022164548327151843","0","0.7812500000000001","parsed","https://textage.cc/score/21/hyena.html?DAB00","0.377535094867576","0.03037543537573634","0.08072253406463997","0.15908402725208046","0.16152321675530962","2312.141209232394","0.4579863739591219","79.6","11.5","true"
"HYPE THE CORE","HYPER","10","9.3","25.1","4.21875","正規","9.799802761341223","13","0.05983445707960138","0.09399215054845506","0.017300996276542156","0","0.796875","parsed","https://textage.cc/score/25/hypecr25.html?DHA00","0.40168821388084675","0.025614847724219094","0.05892679214104103","0.11360655737704743","0.12245697743806454","1844.7652088200812","0.43387978142076505","33","9.7","false"
"HYPER BOUNDARY GATE","ANOTHER","10","10","11.3","3.8466796875","FLIP + 両RANDOM","9.816391543585288","9","0.07319105499173925","0.004642140665565268","0.0006551805522775603","0","0.7708333333333335","parsed","https://textage.cc/score/8/hbgate25.html?DAA00","0.4233510791408414","0.03106467661691553","0.09471951608275468","0.09746268656716245","0.13054464691709436","436.5584754009984","0.3701492537313433","14","9.2","false"
"Hyper Drive feat. ぷにぷに電機","ANOTHER","9","9.3","3.1","3.3505859375","FLIP + 左MIRROR + 右MIRROR","8.632138114209829","9","0.06496000000000005","0.01911538461538467","0","0","0.6744791666666666","parsed","https://textage.cc/score/27/hypdrive.html?DA900","0.3505602604014308","0.028619732695495816","0.083201175279412","0.1608079748163682","0.11400568875188077","738.3427634621528","0.4564533053515215","1.7","8.3","false"
"HYPERION","ANOTHER","11","11.2","89","5.8310546875","FLIP + 左MIRROR + 右MIRROR","11.748310810810812","12","0.07307332854061756","0.008626887131560037","0","0","0.8046875","parsed","https://textage.cc/score/16/hyperion.html?DAB00","0.38217473287341375","0.03052388289676436","0.09307057828420669","0.15408320493066108","0.15841367220197525","709.5334850872918","0.4306625577812018","79.6","11.4","true"
"Hypersonik","ANOTHER","11","10.7","30.9","4.3427734375","FLIP + 左MIRROR + 右MIRROR","10.374053030303031","13","0.0719876768598807","0.04689639434048386","0.010953902327703907","0","0.578125","parsed","https://textage.cc/score/21/hypsonik.html?DAB00","0.4152320470073209","0.030448193857767397","0.08275154406460523","0.20096491228070196","0.13590962417892724","1539.3266217367354","0.38333333333333336","22.9","9.8","false"
"HyperTwist","HYPER","10","10.5","91.5","5.955078125","左MIRROR","10.654954321855236","13","0.06401486171569257","0.07749637251022308","0.016522006771314292","0","0.6718750000000001","parsed","https://textage.cc/score/33/hyptwist.html?DHA00","0.3636432139010835","0.027988117819692335","0.07342255575397753","0.14602220166512336","0.13599902623368035","2077.7619317249364","0.49861239592969475","83","11.5","true"
"I","HYPER","10","10.2","70.6","5.2109375","両RANDOM","9.699438202247192","13","0.07136451394922262","0.040423786079737345","0.008278791389130291","0.003909643788010427","0.8098958333333334","parsed","https://textage.cc/score/30/i_chroma.html?DHA00","0.448407011887109","0.028414186754999488","0.08199941481819736","0.10557749259624713","0.13318642627004573","1616.0608670180884","0.3543928923988154","53.9","10.8","false"
"I FIGHT ME","ANOTHER","10","10","15","3.970703125","FLIP + 左MIRROR + 右MIRROR","10.188772975658221","14","0.0762262311067771","0.008837152608483712","0.015085324232081133","0","0.7317708333333333","parsed","https://textage.cc/score/18/ifightme.html?DAA00","0.41657431012634594","0.026838012420823794","0.08140639905541719","0.22664974619289124","0.1397291788311408","584.6688100747145","0.2751269035532995","49","9.3","false"
"I know You know","ANOTHER","9","8.5","6.2","3.5986328125","FLIP + 左MIRROR + 右MIRROR","8.476117496807152","10","0.07235113307618125","0.09783329315332709","0.0028158148505304107","0","0.8307291666666667","parsed","https://textage.cc/score/20/ikwyoukw.html?DA900","0.4524146504526169","0.028404843219709767","0.08289190273351818","0.1631764705882338","0.10376341653637157","2250.7885909407496","0.3235294117647059","5.4","8.8","false"
"I Love You","ANOTHER","11","11.2","89","5.8310546875","左MIRROR","11.786324786324787","12","0.06640596340058826","0.06136160047775459","0.013029049183124891","0","0.5390625","parsed","https://textage.cc/score/25/iloveyou.html?DAB00","0.330604627482801","0.02762468316458662","0.07869826418077089","0.18391634980988675","0.1571283289727882","1899.7040817626976","0.4403041825095057","76.1","11.4","true"
"I Was The One (80's EUROBEAT STYLE)","ANOTHER","8","8.5","1.2","2.978515625","正規","7.395833333333333","12","0.04835988343856249","0.0835551238465275","0","0","0.7526041666666666","parsed","https://textage.cc/score/9/iwas_r.html?DA800","0.34176898661395183","0.016509286210874715","0.0494640350749815","0.16841317365269257","0.09517724389578591","1100.7596450210042","0.46706586826347307","0.9","7.5","false"
"I will be back -オレは帰ってきた-","HYPER","10","10.2","37.2","4.466796875","右MIRROR","10.342857142857143","12","0.0783164161206044","0.067026425114566","0.017076534326951866","0","0.8151041666666667","parsed","https://textage.cc/score/21/iwilback.html?DHA00","0.3735798634517027","0.030217328992407515","0.08995524822869357","0.15033039647576998","0.1319336207750593","1034.1642295602915","0.5099118942731278","58.5","10","false"
"i-ii","ANOTHER","11","11.6","89","5.8310546875","FLIP","12.341880341880342","17","0.06605475382003355","0.15267849164507202","0","0.005297783933518007","0.6015625","parsed","https://textage.cc/score/31/i_ii.html?DAB00","0.41913342120330555","0.029299408711330563","0.076608485260164","0.12423076923076767","0.14427487607128736","3044.155746959544","0.3646153846153846","92.7","11.4","true"
"I'm Screaming LOVE","ANOTHER","9","9.6","6.2","3.5986328125","正規","8.276965772432932","10","0.06300109529025182","0.03481458300735396","0.0015414533831056775","0","0.8151041666666667","parsed","https://textage.cc/score/16/imscream.html?DA900","0.4662460568239381","0.020150305706015677","0.05617510255920667","0.16514324693042126","0.11237046335808891","974.0366369364305","0.31377899045020463","18.4","8.8","false"
"I'm so Happy","ANOTHER","11","12","93.6","6.0791015625","FLIP + 左MIRROR + 右MIRROR","12.982440476190476","14","0.08383849522019185","0.05095023039361783","0.004669677448935099","0","0.8932291666666666","parsed","https://textage.cc/score/19/im_happy.html?DAB00","0.433837842562598","0.029470228067635697","0.08496919964970538","0.212424849699399","0.17346137938899459","1529.6131231682098","0.2695390781563126","97.6","11.6","true"
"ICARUS","HYPER","10","10.5","50","4.71484375","左MIRROR","8.425448024497136","12","0.06837133794461235","0.10153144208915714","0.023049656242004064","0","0.5989583333333334","parsed","https://textage.cc/score/15/icarus.html?DHA00","0.3570311529759855","0.031636792370003414","0.0852512530749164","0.12151515151514956","0.12384170879337285","1453.4283802264547","0.46464646464646464","33","10.3","false"
"IDC feat.REVERBEE  (Mo'Cuts Ver)","HYPER","10","9.3","37.2","4.466796875","両RANDOM","6.865596474661631","9","0.06498074454428766","0.3857051164496604","0","0","0.875","parsed","https://textage.cc/score/26/idc.html?DHA00","0.2560759509342104","0.030089662728274406","0.08780378513954427","0.10389972144846608","0.058774872437418156","2072.2150329514366","0.7103064066852368","1.7","10","false"
"IDC feat.REVERBEE  (Mo'Cuts Ver)","ANOTHER","11","11.4","91.5","5.955078125","FLIP + 右MIRROR","8.963172804532578","10","0.06451046495294288","0.35289366484056733","0.0013035538699254876","0","0.7057291666666666","parsed","https://textage.cc/score/26/idc.html?DAB00","0.3426034641963303","0.02394546057413891","0.0666515117285419","0.09433849821215515","0.08014609138556489","2498.3877135984476","0.5744934445768772","43.5","11.5","true"
"IDOL syndrome.","ANOTHER","10","10","25.1","4.21875","FLIP","9.435368536853685","12","0.07272728597662251","0.05990031188970181","0","0.001521555367709214","0.8098958333333333","parsed","https://textage.cc/score/26/idolsynd.html?DAA00","0.42114783991317917","0.032394583814554345","0.08622077033748388","0.14901574803149484","0.12911781288405227","1783.8820787210248","0.3612204724409449","27.9","9.7","false"
"IDOL syndrome.","LEGGENDARIA","11","11.8","82.6","5.5830078125","正規","12.49807480748075","14","0.08038861870915169","0.055773166384261406","0","0.002871729419272495","0.8723958333333333","parsed","https://textage.cc/score/26/idolsynd.html?DXB00","0.4681307698431333","0.03069381062515889","0.08744446768342884","0.1988464598249792","0.17357221311661197","2115.213373766214","0.1869530628480509","86.5","11.1","true"
"Idola","HYPER","10","10.2","37.2","4.466796875","左MIRROR","10.033777239709442","11","0.06848522142722072","0.011293572557584005","0.011594734492452526","0","0.734375","parsed","https://textage.cc/score/21/idola.html?DHA00","0.4386224765745309","0.02823582815494278","0.08382707181311456","0.2049421193232405","0.13414478187139456","976.9956583749722","0.346393588601959","22.9","10","false"
"If","ANOTHER","10","10.5","43.9","4.5908203125","FLIP + 両RANDOM","9.532986111111112","11","0.06965064044193514","0.037090997389667965","0.001340375159351494","0.0009287925696594428","0.6927083333333333","parsed","https://textage.cc/score/27/ifpaslam.html?DAA00","0.4349181441767998","0.03181000345624362","0.08585129921189615","0.20365044247787545","0.1340286735977856","1360.8599576889178","0.35951327433628316","22.9","10.1","false"
"Ignis†Ir&aelig;","HYPER","10","","25.1","4.21875","FLIP + 両RANDOM","9.92288991657599","11","0.06476005995816646","0.05189860369627489","0.01862834407829","0.00110746513535685","0.8854166666666665","parsed","https://textage.cc/score/28/ignisira.html?DHA00","0.47175877052036186","0.030387619443851092","0.07403296744431434","0.08286093888396649","0.11772960902580859","1854.326746325437","0.3153232949512843","22.9","9.7","false"
"Ignited Night","ANOTHER","11","11.2","60","4.962890625","正規","12.631673881673882","15","0.08772434670855299","0.11902327573896894","0.009731143795516333","0","0.6458333333333333","parsed","https://textage.cc/score/33/ignitedn.html?DAB00","0.4258894831443856","0.02743980113358374","0.08065982292949647","0.15423280423280197","0.14952677408027093","2147.1907883664785","0.3968253968253968","91.1","10.5","false"
"IIDX RED Ending  (Ryu☆Remix)","ANOTHER","10","10.5","43.9","4.5908203125","FLIP","9.318289085545722","13","0.08257336414574676","0.033191933901041366","0","0.007948969578017665","0.9166666666666666","parsed","https://textage.cc/score/28/iiredryu.html?DAA00","0.45364255499450684","0.034544968503009296","0.0964309446715658","0.13723404255319013","0.13676476921228448","1141.2157603747276","0.34167709637046306","58.5","10.1","false"
"ILIAS","ANOTHER","10","11","65.3","5.0869140625","FLIP + 左MIRROR + 右MIRROR","11.808082767539606","11","0.07153336034871713","0.04476157098109664","0","0","0.5234375","parsed","https://textage.cc/score/20/ilias.html?DAA00","0.41567593029482586","0.030160804627108965","0.08708975913343116","0.19377758164165873","0.15303306822115328","1599.4337576318833","0.3380406001765225","58.5","10.6","false"
"Illegal Function Call","HYPER","10","10.2","19.6","4.0947265625","FLIP + 両RANDOM","9.819059884095301","10","0.06103449406518449","0.03924847530985641","0.0008551380418388912","0","0.9348958333333334","parsed","https://textage.cc/score/20/illegal.html?DHA00","0.352007467853907","0.027890825738179293","0.08255485791621744","0.14741379310344782","0.1287864029782118","1206.379574584411","0.5103448275862069","10.6","9.5","false"
"Illegal Function Call","ANOTHER","11","12","70.6","5.2109375","FLIP + 両RANDOM","13.410173857050872","11","0.07945404782483347","0.018912657255353984","0.028176318063958577","0","0.7604166666666667","parsed","https://textage.cc/score/20/illegal.html?DAB00","0.3126524597055099","0.031744246047516654","0.08764438967467224","0.18228882833787596","0.1769274472102707","893.3198909782055","0.444141689373297","63.1","10.8","false"
"illuminate","ANOTHER","11","11","78.9","5.458984375","正規","10.570518389805967","11","0.06937194520547915","0.09334794520547952","0.008857424657534103","0","0.8932291666666665","parsed","https://textage.cc/score/22/illumint.html?DAB00","0.31235348859845746","0.023549743218645957","0.06762130706512615","0.12206654991243386","0.13880873855761847","1499.3968500070496","0.5770577933450087","49","11","false"
"Illusionary Waterlily","HYPER","10","10.2","70.6","5.2109375","両RANDOM","10.44034090909091","13","0.07716326530612203","0.05775510204081642","0.006247619047619084","0","0.9270833333333334","parsed","https://textage.cc/score/25/illuswtr.html?DHA00","0.4281883763215401","0.029946127119919057","0.08907649210210372","0.14445958219800073","0.13553352340315847","1262.078589818213","0.3923705722070845","53.9","10.8","false"
"IMPLANTATION","ANOTHER","11","11.4","78.9","5.458984375","FLIP + 両RANDOM","12.915025106218616","11","0.06437105601579039","0.0008673026886383347","0.02894757304782147","0","0.8072916666666669","parsed","https://textage.cc/score/22/implant.html?DAB00","0.3349686426649142","0.024108197953832046","0.0687413341109065","0.24457567804024477","0.17503707472110436","389.32051164399286","0.42082239720035","63.1","11","false"
"IN BETWEEN","ANOTHER","11","10.7","43.9","4.5908203125","FLIP + 右MIRROR","10.621004566210045","11","0.06623602751504706","0.07456470335339639","0.0016337059329320737","0.0015477214101461737","0.7708333333333334","parsed","https://textage.cc/score/32/inbetwen.html?DAB00","0.4637257569813905","0.0289413817187659","0.08030063050457613","0.2013861386138608","0.13728769011969738","2119.7718734407763","0.30297029702970296","33","10.1","false"
"In Heaven","ANOTHER","9","9.3","11.3","3.8466796875","両RANDOM","9.561913043478262","8","0.06607046070460687","0.056734750792698116","0","0","0.9114583333333333","parsed","https://textage.cc/score/20/inheaven.html?DA900","0.42990012353608764","0.025643482665624766","0.07625341715750938","0.14393627954778893","0.12031515254158887","1708.8868260558913","0.31243576567317577","5.4","9.2","false"
"in motion","ANOTHER","8","9","1.5","3.1025390625","左MIRROR + 右MIRROR","6.802237136465324","11","0.05356015260146032","0.05515358810761034","0.0009840163125697902","0","0.8307291666666667","parsed","https://textage.cc/score/12/inmotion.html?DA800","0.44198542202815017","0.018920201970913375","0.05174635799774712","0.12601957585644277","0.09179545057723841","1015.3898413452303","0.3360522022838499","1.7","7.8","false"
"in my eyes","ANOTHER","10","10.5","37.2","4.466796875","両RANDOM","9.735290280495759","13","0.09690341860870223","0.006130981895176964","0.005779606277053381","0","0.8645833333333334","parsed","https://textage.cc/score/5/inmyeyes.html?DAA00","0.3810149836570364","0.03312011161908198","0.10020092578766582","0.17406738868832589","0.13935421952318966","328.9800846604093","0.3910950661853189","67.6","10","false"
"In the Blackest Den","ANOTHER","11","11.6","98.3","6.5751953125","FLIP + 左MIRROR","13.537480314960629","15","0.06427635533116927","0.05233259270461326","0.007546812776039249","0","0.7760416666666666","parsed","https://textage.cc/score/19/in_black.html?DAB00","0.4285814318913485","0.022443164713366714","0.06572088930148959","0.15717557251908368","0.1670699879383509","941.0068293015116","0.33129770992366414","83","12.1","true"
"In The Breeze","ANOTHER","10","10.5","30.9","4.3427734375","FLIP + 両RANDOM","9.989340040310772","12","0.07745347587533226","0.022636319927597667","0.0028225578369819484","0","0.8072916666666667","parsed","https://textage.cc/score/22/inbreeze.html?DAA00","0.49974497028492776","0.040252488499582094","0.0858626007324461","0.19077201447527017","0.13242009434236035","765.4503388499538","0.3039806996381182","27.9","9.8","false"
"IN THE NAME OF LOVE","ANOTHER","10","10.2","25.1","4.21875","正規","9.605079365079366","11","0.06612622289793746","0.10136832363828668","0","0","0.4557291666666667","parsed","https://textage.cc/score/17/inthname.html?DAA00","0.4227005696909628","0.03166742568765698","0.0670171354202971","0.1279428571428555","0.12248655538613842","2061.478155218607","0.39885714285714285","18.4","9.7","false"
"in the Sky","HYPER","10","10.7","15","3.970703125","両RANDOM","9.176470588235295","13","0.08365865384615394","0.07155448717948729","0.007179487179487144","0","0.7890625","parsed","https://textage.cc/score/15/inthesky.html?DHA00","0.4367944143310267","0.033386142928276206","0.07975932553547306","0.14389610389610202","0.12671845140168184","1308.9209631856238","0.35584415584415585","76.1","9.3","false"
"in the Sky","ANOTHER","11","11.6","78.9","5.458984375","両RANDOM","10.950000000000001","18","0.0971474617244155","0.06359118990061785","0.023464947622884914","0","0.5807291666666666","parsed","https://textage.cc/score/15/inthesky.html?DAB00","0.4347075942395185","0.0404766114480259","0.09258052081341331","0.17795321637426825","0.15848030882334965","1267.4681834935973","0.3192982456140351","99","11","false"
"INFERNO","ANOTHER","10","10.5","55.2","4.8388671875","左MIRROR + 右MIRROR","9.475806451612904","12","0.0657665878644598","0.04392434988179658","0.0010742316784869788","0","0.5572916666666667","parsed","https://textage.cc/score/13/inferno.html?DAA00","0.3810016417305895","0.021558935361216797","0.06502415288749387","0.16996197718631154","0.12893261905588008","1227.4912913363485","0.3659695817490494","49","10.4","false"
"Infinite cave","HYPER","10","10.2","30.9","4.3427734375","両RANDOM","9.891483516483516","11","0.0779956487524878","0.06279220478637207","0.008358098412257521","0","0.7291666666666665","parsed","https://textage.cc/score/19/inf_cave.html?DHA00","0.43556283344324276","0.03260034946555222","0.09344546117464718","0.1929591836734693","0.13201285501156054","1137.1777098214102","0.37755102040816324","49","9.8","false"
"Infinity Mirror","ANOTHER","10","10.7","55.2","4.8388671875","両RANDOM","10.598735916460566","11","0.06907116633133492","0.0034224554562236943","0","0","0.8802083333333335","parsed","https://textage.cc/score/27/infmiror.html?DAA00","0.4369127921776156","0.024943902775534654","0.07555063697607022","0.1715502555366281","0.14633977501552456","514.6607785824465","0.28449744463373083","58.5","10.4","false"
"INHERITANCE","ANOTHER","11","11.2","86.1","5.70703125","両RANDOM","12.47129909365559","14","0.07154675387596837","0.06062257751937976","0.006175710594315262","0.001308139534883721","0.9010416666666669","parsed","https://textage.cc/score/31/inherita.html?DAB00","0.43224827324000464","0.030155267580338246","0.08373914693005044","0.150394321766562","0.15788339573661622","1883.5877719164728","0.31703470031545744","83","11.3","true"
"Initiation","HYPER","10","10.5","65.3","5.0869140625","FLIP","11.012345679012345","15","0.06934744020926717","0.005815582959641256","0.0068180119581464655","0","0.8203125000000001","parsed","https://textage.cc/score/25/initiatn.html?DHA00","0.3997251282114074","0.02370017146653596","0.0712143807486597","0.18872832369942186","0.1544341852385677","598.5547201213918","0.2939719240297275","76.1","10.6","false"
"Inner Spirit","ANOTHER","11","11.6","82.6","5.5830078125","左MIRROR","13.050749711649365","14","0.07086208572691045","0.10527839151568709","0.01754060980998661","0","0.9427083333333334","parsed","https://textage.cc/score/23/inspirit.html?DAB00","0.4210840585578503","0.02900754140249232","0.07879588177959317","0.15426829268292647","0.15941485534612332","2839.628524469903","0.36814024390243905","83","11.1","true"
"innocent revolver","HYPER","10","10","25.1","4.21875","右MIRROR","10.003143006809848","12","0.06567134478424763","0.04904168412232929","0.014528697109342209","0","0.7317708333333334","parsed","https://textage.cc/score/28/inorevol.html?DHA00","0.47941949165430664","0.02960354810971721","0.0839337762719731","0.12484554280670679","0.12556354511036233","2003.8987589013861","0.3265666372462489","18.4","9.7","false"
"Innocent Walls","HYPER","10","11","70.6","5.2109375","正規","9.6875","16","0.05550806451612909","0.13728070175438561","0.04906621392190167","0","0.7552083333333335","parsed","https://textage.cc/score/10/innocent.html?DHA00","0.4060428104419749","0.03680893917828291","0.06696220628250053","0.13707052441229725","0.12454734316127998","2279.6617102137798","0.3589511754068716","67.6","10.8","false"
"Insane Techniques","ANOTHER","10","10.7","82.6","5.5830078125","FLIP","10.284121621621622","12","0.052107081458121124","0.17175574608806093","0.0011160386759086255","0","0.7057291666666666","parsed","https://textage.cc/score/21/insanetc.html?DAA00","0.3931864077339876","0.019966490459054874","0.05547096487361426","0.13563968668407203","0.1203894887352125","2149.5541093224433","0.3968668407310705","49","11.1","true"
"into the battlefield","ANOTHER","10","10.2","37.2","4.466796875","右MIRROR","10.385964912280702","15","0.07136402027027022","0.03929710960960973","0.025818318318317695","0","0.5572916666666667","parsed","https://textage.cc/score/21/intobtlf.html?DAA00","0.44317069819770616","0.02604832048444472","0.07275509840900947","0.1627703398558189","0.13632265289214354","1386.037351334753","0.3635427394438723","83","10","false"
"Into The Madness","ANOTHER","11","11.6","70.6","5.2109375","正規","11.288812785388128","13","0.0759377844069163","0.1139966123976135","0.005351400546061245","0.003526645768025079","0.6536458333333334","parsed","https://textage.cc/score/27/into_mad.html?DAB00","0.3820862144162501","0.03605572070851532","0.0875341093196764","0.18214596003475209","0.1428713906955939","2625.1443419485554","0.3805386620330148","72.1","10.8","false"
"INVISIBLE STRIX","HYPER","10","10.5","43.9","4.5908203125","正規","8.816666666666666","11","0.06618951856171813","0.18484796685838387","0.017355910388931122","0","0.7786458333333335","parsed","https://textage.cc/score/24/invstrix.html?DHA00","0.43026202076929293","0.03523220576347836","0.07677250223522619","0.12635814889335792","0.11169557988472631","3699.4404463079204","0.40543259557344064","27.9","10.1","false"
"INVISIBLE STRIX","ANOTHER","11","11.6","91.5","5.955078125","FLIP + 右MIRROR","11.279787234042553","14","0.07011286113992836","0.15813527617969733","0.013098179760445009","0","0.7812499999999999","parsed","https://textage.cc/score/24/invstrix.html?DAB00","0.4487396456964687","0.03634689025046351","0.0772892948399011","0.15194489465154024","0.1399737047257521","3961.10260326426","0.33144246353322526","79.6","11.5","true"
"invoker","HYPER","10","10.2","75","5.3349609375","正規","10.09125","12","0.049951690821255966","0.1031215161649943","0.009315000619348535","0","0.6380208333333334","parsed","https://textage.cc/score/21/invoker.html?DHA00","0.3720089411937334","0.017014234387081356","0.04724301431161885","0.17439236111111123","0.13478672505363487","2133.8391791625195","0.4435763888888889","58.5","10.9","false"
"Iridescent Memories","HYPER","10","10","19.6","4.0947265625","左MIRROR","9.534843581445523","12","0.06762705344616902","0.062248268995791355","0.014354889804045928","0.0023215821152192608","0.59375","parsed","https://textage.cc/score/33/iridesnt.html?DHA00","0.4607196226482287","0.04155532730270403","0.08512562720659314","0.15276717557251795","0.12253218240298935","2336.8462440540825","0.32156488549618323","18.4","9.5","false"
"Iris","ANOTHER","10","9.6","11.3","3.8466796875","正規","10.644201768070722","12","0.08649417650277438","0.0374276948331118","0.01102477917611196","0","0.859375","parsed","https://textage.cc/score/31/iris.html?DAA00","0.45951129462162926","0.03316735730569389","0.09848327962589912","0.19375634517766563","0.13395918722986394","1414.1564397919808","0.3187817258883249","22.9","9.2","false"
"IXION","ANOTHER","11","11.2","86.1","5.70703125","両RANDOM","9.891666666666667","12","0.07797809604043773","0.08424599831508008","0","0","0.46614583333333337","parsed","https://textage.cc/score/22/ixion.html?DAB00","0.30384583746440436","0.029148217353059398","0.08447636037584856","0.1779002876318308","0.15958068942878031","1011.9439881108968","0.3844678811121764","76.1","11.3","true"
"Jack","ANOTHER","11","11","50","4.71484375","FLIP + 両RANDOM","12.476975945017182","13","0.08902996584774646","0.015182604384708552","0.03490139914068525","0","0.7343749999999999","parsed","https://textage.cc/score/16/jack.html?DAB00","0.40690261056232163","0.03621477097286946","0.10780695630459941","0.21735496558505213","0.1664488371453793","683.0526151080304","0.38446411012782694","86.5","10.3","false"
"JOMANDA","HYPER","10","10.5","70.6","5.2109375","FLIP + 左MIRROR","10.919984158368","12","0.06879547899265961","0.07384596631129531","0.00978373570092693","0","0.8411458333333333","parsed","https://textage.cc/score/20/jomanda.html?DHA00","0.4022159515076954","0.029532646548957174","0.0841464556359673","0.16476456504389586","0.14129751028607576","1905.275581440642","0.2681564245810056","49","10.8","false"
"Journey","ANOTHER","9","9.6","6.2","3.5986328125","右MIRROR","8.882606988614056","9","0.06426653111739773","0.005737270155587048","0.004885431400282948","0","0.7057291666666666","parsed","https://textage.cc/score/23/journeko.html?DA900","0.4140434861221667","0.027235901380513163","0.08224787684266445","0.18602484472049546","0.1186127707540327","475.6164133853356","0.3695652173913043","2.6","8.8","false"
"Journey","LEGGENDARIA","11","12","82.6","5.5830078125","FLIP + 両RANDOM","13.684491558696504","13","0.08882844059860427","0.005732418288652249","0.023351083363936733","0","0.8541666666666666","parsed","https://textage.cc/score/23/journeko.html?DXB00","0.47124519205578486","0.03142595208677156","0.09363115339368695","0.2520569620253187","0.1780132761210513","777.6483997742243","0.22626582278481014","83","11.1","true"
"Jumper","ANOTHER","10","10.2","60","4.962890625","正規","10.2315625","12","0.07787758467975928","0.1106245482219033","0.004236889526892756","0.0007971656333038087","0.8515625","parsed","https://textage.cc/score/31/jumper.html?DAA00","0.4434345271683885","0.0381289163059623","0.0881219102745659","0.14197465681098043","0.13028608954943885","2618.710596574418","0.3326293558606125","53.9","10.5","false"
"Jungle Eater","ANOTHER","11","11.8","91.5","5.955078125","FLIP + 左MIRROR + 右MIRROR","13.178148148148148","14","0.0759346280318141","0.1112461707090863","0.005994210393187378","0","0.7838541666666667","parsed","https://textage.cc/score/28/jungleat.html?DAB00","0.43124000422767167","0.02974320886542184","0.08047142826142","0.1867223065250378","0.15908694931135914","2398.1103293551673","0.3133535660091047","93.8","11.5","true"
"Just a Little Smile","ANOTHER","11","11.2","93.6","6.0791015625","FLIP + 左MIRROR + 右MIRROR","10.965939968404424","12","0.05899283145860204","0.21133943389267928","0.00549695740365095","0","0.59375","parsed","https://textage.cc/score/16/jalsmile.html?DAB00","0.3736769029773223","0.027120912432140255","0.07009781298054718","0.1446040034812898","0.11898966751315376","1985.9824931117173","0.4247171453437772","53.9","11.6","true"
"Just Gimme","ANOTHER","11","11","50","4.71484375","FLIP","11.866666666666667","12","0.07014303561765883","0.07526180093579904","0.02079192793710426","0","0.7343750000000001","parsed","https://textage.cc/score/31/justgime.html?DAB00","0.4186704847029957","0.030916609990184713","0.07980300839818362","0.2018021793797152","0.1476543545651555","2368.5808679233282","0.3696563285834032","49","10.3","false"
"JUST SYNC ft.Kanae Asaba","ANOTHER","9","9.3","8.4","3.72265625","左MIRROR + 右MIRROR","9.043654822335025","11","0.0726526717557251","0.045801526717557356","0","0.0025763358778625955","0.7630208333333333","parsed","https://textage.cc/score/33/justsync.html?DA900","0.4798926579280422","0.026252604784254355","0.07539414255964336","0.1748218527315892","0.11587235733046168","1613.6083275721153","0.2648456057007126","22.9","9","false"
"JUSTICE/GUILTY  feat. Nana Takahashi & 709sec.","HYPER","10","10.2","50","4.71484375","FLIP","9.920280612244898","12","0.05728676738454937","0.10378013500482185","0.004742912246865938","0","0.8567708333333333","parsed","https://textage.cc/score/31/justiceg.html?DHA00","0.38161029936897506","0.025853561674033132","0.07290857445495573","0.17118027485853018","0.1185754115733307","1967.2520669537469","0.36782538399353276","27.9","10.3","false"
"KAISER PHOENIX","HYPER","10","10.7","96.8","6.3271484375","右MIRROR","12.385714285714286","14","0.05696222606689685","0.039095540176855195","0.02423683198769713","0","0.6484374999999999","parsed","https://textage.cc/score/21/kaiserph.html?DHA00","0.28320386911610135","0.016960504350712193","0.048658565418052684","0.20480072463768073","0.16557536022032263","805.0907178867693","0.6557971014492754","93.8","11.9","true"
"KAISER PHOENIX","ANOTHER","11","11.8","98.3","6.5751953125","右MIRROR","14.905357142857145","14","0.09511680843416707","0.007367916616748549","0.019912942773851028","0","0.45833333333333337","parsed","https://textage.cc/score/21/kaiserph.html?DAB00","0.31596706605750324","0.03378149928380245","0.08933618738651444","0.236011191047163","0.19909305983665598","626.6412597864329","0.5211830535571543","97.3","12.1","true"
"KAMAITACHI","HYPER","10","10.5","91.5","5.955078125","左MIRROR + 右MIRROR","11.919642857142858","12","0.05621212121212098","0.10444898422426523","0.00845670184996049","0","0.6041666666666666","parsed","https://textage.cc/score/14/kmitachi.html?DHA00","0.37994234402916705","0.025057598415845185","0.06893247111033023","0.12071029529129927","0.14519384150159165","1867.363485146448","0.41500399042298486","67.6","11.5","true"
"KAMIKAZE","ANOTHER","10","10.7","19.6","4.0947265625","右MIRROR","11.206562266964951","11","0.16577854671280295","0.002328985892999741","0.04079318605270164","0","0.9192708333333335","parsed","https://textage.cc/score/4/kamikaze.html?DAA00","0.44924851630175644","0.06570512091434154","0.19863371310815017","0.20290322580645004","0.15199029660715646","83.16639439213466","0.22580645161290322","83","9.5","false"
"Karma","HYPER","11","11","43.9","4.5908203125","正規","10.362941738299904","11","0.05252534562211975","0.04573732718894019","0.012092165898617618","0","0.5052083333333333","parsed","https://textage.cc/score/9/karma.html?DHB00","0.4349673169372506","0.01667010309278355","0.05063605504801546","0.24659793814432768","0.14701005713021917","1043.5943823452108","0.1824742268041237","53.9","10.1","false"
"Keep it -秋葉工房mix-","ANOTHER","11","11.6","93.6","6.0791015625","左MIRROR","11.566203703703703","13","0.0597710443101307","0.030575791538246008","0.01659928751551052","0","0.6614583333333334","parsed","https://textage.cc/score/17/keep_it.html?DAB00","0.38405021099391645","0.0262544285995818","0.07120632114780201","0.1965136804942628","0.16452110793543667","1100.1017686250607","0.3662842012356575","86.5","11.6","true"
"KEY","ANOTHER","11","11.2","55.2","4.8388671875","FLIP + 左MIRROR + 右MIRROR","11.805887032617342","15","0.08445464959568678","0.0485714285714285","0.035190296495957396","0","0.6302083333333334","parsed","https://textage.cc/score/11/key.html?DAB00","0.3702442009194781","0.03415845812525828","0.09011386753295882","0.2429083665338661","0.14939474018757587","1715.6323020795232","0.4358565737051793","79.6","10.4","false"
"KHAMEN BREAK","ANOTHER","10","10","30.9","4.3427734375","FLIP + 左MIRROR + 右MIRROR","9.110526315789473","12","0.07151502021952594","0.09557336799537829","0.011484690930099056","0","0.7265625000000001","parsed","https://textage.cc/score/21/khamenbr.html?DAA00","0.4562993065116422","0.03266738206438716","0.08354507134791037","0.0760299625468149","0.11465776596741875","2582.305136661869","0.42134831460674155","38.1","9.8","false"
"Kick Out 仮面","ANOTHER","10","10.2","43.9","4.5908203125","右MIRROR","11.282371294851794","14","0.10789730825958704","0.06494284660766962","0.007197640117994099","0","0.9140625","parsed","https://textage.cc/score/15/kickout.html?DAA00","0.498788143775387","0.04105820636059397","0.12131009036838394","0.20327004219409248","0.14527554171640833","2061.133302607317","0.2858649789029536","83","10.1","false"
"Kick The Rainbow","ANOTHER","11","11","65.3","5.0869140625","FLIP + 左MIRROR","12.217136150234742","13","0.06938322605437568","0.12436353155922752","0.011989624363531359","0.004841963685272362","0.8906250000000001","parsed","https://textage.cc/score/33/kick_rbw.html?DAB00","0.4072130166048494","0.03663459018024669","0.08252512969080979","0.18424354243542526","0.14209860694956106","3441.555305069657","0.3682656826568266","49","10.6","false"
"KILL EACH OTHER","HYPER","10","10","37.2","4.466796875","左MIRROR + 右MIRROR","9.795348837209302","10","0.0651568930041153","0.07403450459006003","0.0024271921494146117","0","0.8072916666666665","parsed","https://textage.cc/score/26/killeach.html?DHA00","0.4194973546273265","0.033095709472077475","0.08984780866796352","0.09927038626609268","0.13035488980649768","2407.187406623572","0.4669527896995708","27.9","10","false"
"KING","ANOTHER","11","11.2","82.6","5.5830078125","左MIRROR","12.405861498463718","14","0.07307728065963988","0.06816640375543918","0.001830776616904253","0","0.8359375","parsed","https://textage.cc/score/30/king.html?DAB00","0.39747072232429087","0.027366181915622307","0.0773655545013069","0.18975720789074296","0.15538666048422645","2148.823667318715","0.37708649468892264","79.6","11.1","true"
"King of Tribe","HYPER","10","10.2","19.6","4.0947265625","右MIRROR","9.133722186217327","10","0.06263954588457882","0.07970671712393605","0.03057710501419074","0","0.8723958333333335","parsed","https://textage.cc/score/33/kingtrib.html?DHA00","0.38139860712136486","0.022795811518324674","0.06842942075455787","0.18267015706806133","0.1158808901016823","1248.6597347052102","0.4722513089005236","18.4","9.5","false"
"Konzert V","HYPER","10","10","6.2","3.5986328125","左MIRROR + 右MIRROR","9.552742616033756","12","0.06428445229681985","0.02255410777385159","0.003498233215547706","0","0.9348958333333333","parsed","https://textage.cc/score/23/konzertv.html?DHA00","0.42497684234282423","0.02755459070882035","0.08019974957110175","0.06290650406503948","0.1234353898526477","874.0726055031306","0.508130081300813","22.9","8.8","false"
"Konzert V","ANOTHER","11","11.6","96.8","6.3271484375","左MIRROR + 右MIRROR","13.156118143459915","12","0.06511896648492556","0.04291613213598461","0.006856959589480421","0","0.8749999999999999","parsed","https://textage.cc/score/23/konzertv.html?DAB00","0.33434081176957126","0.026219011704468862","0.07129244108391732","0.17289156626505847","0.16862258074195108","1438.610760049686","0.5690999291282778","89.1","11.9","true"
"kors k's How to make OTOGE CORE","ANOTHER","11","11.6","89","5.8310546875","FLIP + 右MIRROR","9.748821761929555","15","0.09705483898891949","0.05175074418059151","0.00823753462603903","0","0.7473958333333333","parsed","https://textage.cc/score/29/korskhow.html?DAB00","0.46913891809996394","0.03618734577226813","0.09368266048416883","0.25108813928182666","0.14814524997459727","1502.1563128022547","0.27856365614798695","97.6","11.4","true"
"kors k's How to make OTOGE CORE 「LONG」","HYPER","10","10","30.9","4.3427734375","FLIP + 左MIRROR","9.747895622895623","9","0.06871724018824732","0.10716290315616747","0.00842796079616616","0.0029532403609516","0.7109375","parsed","https://textage.cc/score/30/korsklng.html?DHA00","0.41983277434834004","0.030059231816729825","0.08147825333326641","0.15566873339238296","0.12431843452301639","2835.133129558847","0.3569530558015943","18.4","9.8","false"
"kors k's Let's make an Image Song!","ANOTHER","11","11","65.3","5.0869140625","両RANDOM","11.351044277360067","13","0.07095526882443948","0.10431456496871015","0.0017360877464503261","0.005662472242783125","0.9427083333333334","parsed","https://textage.cc/score/33/korskimg.html?DAB00","0.4758816723791603","0.02708444235530024","0.07598657463563535","0.1745055889939809","0.13968829104701966","2886.0253658371876","0.24247635425623387","63.1","10.6","false"
"KOTONOHA ft. Kotoha","ANOTHER","10","10","8.4","3.72265625","左MIRROR","9.243832472748135","11","0.09233862959284941","0.0331740317775571","0.00011916583912611728","0","0.8072916666666666","parsed","https://textage.cc/score/32/kotonoha.html?DAA00","0.4491920611683693","0.034278564554114585","0.10260766465649855","0.18742478941034854","0.12346795395613712","1292.7014910125997","0.3297232250300842","18.4","9","false"
"Kung-fu Empire","HYPER","10","10","11.3","3.8466796875","左MIRROR + 右MIRROR","10.207313829787235","12","0.0832713862000977","0.0166951106710614","0.00883596711786244","0","0.6796875","parsed","https://textage.cc/score/16/kung_fu.html?DHA00","0.48456507852113695","0.03035822102831022","0.08946625390997327","0.1380692167577404","0.1330806254029982","966.313839763436","0.38160291438979965","22.9","9.2","false"
"Kung-fu Empire","ANOTHER","11","11.4","60","4.962890625","左MIRROR","13.016090425531916","13","0.09473399672391264","0.020530031364616244","0.007225917185153432","0","0.5286458333333335","parsed","https://textage.cc/score/16/kung_fu.html?DAB00","0.5158212362241816","0.03119331872298184","0.09127268311331906","0.1931870669745956","0.16960293706607604","1349.5962401372808","0.2617397998460354","86.5","10.5","false"
"KYAMISAMA ONEGAI!","ANOTHER","9","9.3","19.6","4.0947265625","左MIRROR","9.35036496350365","11","0.05772053083528503","0.09531941191777228","0","0","0.6953125000000001","parsed","https://textage.cc/score/19/kyamsama.html?DA900","0.43505435037049006","0.026805162925319488","0.07257642215907431","0.1271203155818523","0.11594686724862668","2329.1338610020493","0.363905325443787","14","9.5","false"
"L'amour et la libert&eacute;","ANOTHER","10","","60","4.962890625","両RANDOM","11.11302936402538","12","0.07602976909696829","0.018774979087275608","0.016781874753805857","0","0.8802083333333334","parsed","https://textage.cc/score/6/lamour31.html?DAA00","0.43342130717655447","0.029601677414527634","0.08297769813467164","0.186560247167867","0.14831403453296005","747.1805856008457","0.345005149330587","58.5","10.5","false"
"La dolce primavera","ANOTHER","11","11.2","60","4.962890625","左MIRROR","12.137606837606839","12","0.09185805577071979","0.017111471023167357","0.0016449545806632867","0","0.7213541666666667","parsed","https://textage.cc/score/23/la_dolce.html?DAB00","0.5588597403151354","0.03421198726058718","0.09428256983978127","0.2292415169660664","0.16162514993210317","965.9954546572401","0.2125748502994012","67.6","10.5","false"
"LAB","HYPER","10","10.5","30.9","4.3427734375","FLIP + 右MIRROR","9.396138996138998","13","0.07333826429980267","0.03385930309007233","0.03058514135437214","0","0.7135416666666666","parsed","https://textage.cc/score/8/lab.html?DHA00","0.4521203114165619","0.03210369135932598","0.08851720095794345","0.13106312292358596","0.12356244243387075","691.4025143144353","0.3842746400885936","38.1","9.8","false"
"LAB","ANOTHER","11","11","65.3","5.0869140625","FLIP + 左MIRROR + 右MIRROR","11.62934362934363","12","0.07084727755644052","0.07423638778220451","0.01918725099601602","0","0.8307291666666666","parsed","https://textage.cc/score/8/lab.html?DAB00","0.38931376278508245","0.030709753580519715","0.08610865366284184","0.18263707571801616","0.1454613158857692","1701.7695721033679","0.40992167101827676","58.5","10.6","false"
"LADS","ANOTHER","10","10.5","60","4.962890625","正規","11.928330424665504","13","0.06933615543677547","0.07536284187117168","0.0017759744059927499","0","0.36458333333333326","parsed","https://textage.cc/score/30/lads.html?DAA00","0.4500350457740552","0.03137940036249958","0.08332893203487396","0.1838209982788294","0.14863390595399234","2751.309643839308","0.3270223752151463","72.1","10.5","false"
"LADYBIRD","ANOTHER","11","11.6","82.6","5.5830078125","左MIRROR + 右MIRROR","12.25297619047619","14","0.08658350393837294","0.04599396231652722","0.0019514903362362074","0","0.6770833333333334","parsed","https://textage.cc/score/26/ladybird.html?DAB00","0.4702620230090561","0.0366882172267169","0.09623420104579027","0.18273542600896864","0.15724618365643278","1410.3541441290986","0.368609865470852","72.1","11.1","true"
"LASER CRUSTER","HYPER","11","10.7","70.6","5.2109375","両RANDOM","11.040139009556908","12","0.07082368001343023","0.10340856627213983","0.0014908083606144501","0","0.9166666666666667","parsed","https://textage.cc/score/14/lcruster.html?DHB00","0.3846476945068148","0.04063417534456162","0.08789025255106546","0.11994773519163664","0.14398004050396282","2183.3865790170303","0.28222996515679444","63.1","10.8","false"
"Last Burning","ANOTHER","9","9.6","6.2","3.5986328125","FLIP + 左MIRROR + 右MIRROR","8.998039215686275","9","0.06097515798648919","0.08874482458051866","0","0","0.6614583333333334","parsed","https://textage.cc/score/17/lastburn.html?DA900","0.4982235953179902","0.025390073901257987","0.07091948475998244","0.10082815734989463","0.11141085598836949","2163.364386636431","0.2619047619047619","5.4","8.8","false"
"Last Card","ANOTHER","11","11.6","95.4","6.203125","FLIP + 両RANDOM","12.779601990049752","13","0.06576497839373957","0.023825281270681613","0.002435473196558552","0.0023825281270681673","0.7864583333333334","parsed","https://textage.cc/score/33/lastcard.html?DAB00","0.39695685690764654","0.02715281170361048","0.0775133572420439","0.18770609318996495","0.16708310164423015","1417.7601867072788","0.37060931899641575","89.1","11.8","true"
"Last Dance","HYPER","10","10.5","60","4.962890625","両RANDOM","10.053050397877984","11","0.048003518029903304","0.05650835532102023","0","0","0.9140625","parsed","https://textage.cc/score/21/lstdance.html?DHA00","0.4136020749777377","0.01912037037037043","0.05786698789099841","0.10703703703703507","0.13630703822598522","1460.4086571596583","0.3685185185185185","49","10.5","false"
"LAST DAY","ANOTHER","11","11.6","91.5","5.955078125","左MIRROR + 右MIRROR","13.298519736842106","14","0.07094333477624479","0.04341722837177688","0.0022694123224702716","0","0.8541666666666667","parsed","https://textage.cc/score/28/lastday.html?DAB00","0.4201229543196015","0.02898237182143326","0.07980446018541969","0.21648044692737692","0.1727876428275143","2034.8704650325853","0.2723463687150838","76.1","11.5","true"
"Last Message","HYPER","10","10.2","15","3.970703125","FLIP + 両RANDOM","8.068197633959638","11","0.0626263584612733","0.0716965671899259","0.02193548387096803","0","0.8255208333333334","parsed","https://textage.cc/score/7/lastmsg.html?DHA00","0.33876089087476874","0.02803076590119646","0.06577892936699344","0.16117917304747162","0.10690815538852455","898.4125347595855","0.5604900459418071","14","9.3","false"
"Last Message","ANOTHER","11","11.4","70.6","5.2109375","FLIP + 左MIRROR + 右MIRROR","11.983646485734168","12","0.06679480851310932","0.08372288841787405","0.04430533375918253","0","0.7083333333333335","parsed","https://textage.cc/score/7/lastmsg.html?DAB00","0.37367487375176334","0.027144950995028817","0.0640368282109672","0.19325529542920675","0.1505361158763172","1203.1465237100404","0.4738015607580825","76.1","10.8","false"
"Lawes's Parotia","ANOTHER","11","11","70.6","5.2109375","左MIRROR","11.613231552162851","11","0.06643350131463614","0.05899430324276953","0.008387379491673558","0","0.78125","parsed","https://textage.cc/score/29/lparotia.html?DAB00","0.4381172192596951","0.02760660220285066","0.07703467224548272","0.20534644995722742","0.14562719003515123","1974.8813372353166","0.3669803250641574","53.9","10.8","false"
"LAX5 feat.Ryota Yoshinari","ANOTHER","10","10.7","70.6","5.2109375","正規","13.169921436588105","12","0.0887087537496586","0.043393782383419816","0.02661576220343648","0","0.6302083333333333","parsed","https://textage.cc/score/19/lax5.html?DAA00","0.4506007739562844","0.036350836776622264","0.09806512274667423","0.2045977011494239","0.1708228567520835","1380.2089382059303","0.27011494252873564","86.5","10.8","false"
"LEADING CYBER","ANOTHER","6","7","0.6","2.73046875","FLIP + 左MIRROR + 右MIRROR","6.839872746553553","8","0.052217054263565904","0.08372093023255814","0.03125581395348824","0","0.6692708333333334","parsed","https://textage.cc/score/3/leading.html?DA600","0.42319048436638446","0.025412140666530914","0.07167249158827933","0.0607309486780715","0.08659735081228025","1454.928591841065","0.4401244167962675","0.1","7","false"
"Leaving…","ANOTHER","10","10.5","43.9","4.5908203125","FLIP + 左MIRROR + 右MIRROR","10.332637439109256","12","0.08118702855603413","0.062314789870689676","0.04057112068965452","0","0.9635416666666666","parsed","https://textage.cc/score/13/leavingt.html?DAA00","0.37634170693817304","0.03660839041956727","0.0990425606304089","0.21197183098591357","0.13265021989270379","1397.3160907769177","0.45422535211267606","76.1","10.1","false"
"LEMON MELON COOKIE","ANOTHER","9","8.5","11.3","3.8466796875","左MIRROR","8.536","11","0.055582630427991296","0.04988024575653442","0.004373633239612586","0","0.7968750000000001","parsed","https://textage.cc/score/33/lemonmel.html?DA900","0.44685517398979335","0.02415505705731244","0.0702688537459869","0.20287009063444045","0.1083895892015162","1844.2097905929245","0.324269889224572","5.4","9.2","false"
"LESSON 5","ANOTHER","11","11.2","78.9","5.458984375","右MIRROR","12.258333333333333","14","0.07876355146874592","0.04383430534187256","0","0","0.8723958333333334","parsed","https://textage.cc/score/12/lesson5.html?DAB00","0.4522969927505381","0.03019944644108632","0.08598374852259068","0.21938775510204053","0.16192046272061553","1454.6660445016278","0.24653061224489795","79.6","11","false"
"Let me be your cure","ANOTHER","10","10.5","37.2","4.466796875","左MIRROR","10.845556946182729","12","0.07714457163958591","0.024522248892171344","0.0025923190546528804","0","0.7369791666666667","parsed","https://textage.cc/score/26/ltmecure.html?DAA00","0.3630615988737492","0.03288380584350364","0.092852012336946","0.17901929260450142","0.14116454295342806","1423.4534546097243","0.4340836012861736","38.1","10","false"
"Let The Track Flow","ANOTHER","11","11.4","96.8","6.3271484375","右MIRROR","12.578125","13","0.0687003105590055","0.03343685300207054","0.007859213250517196","0","0.7473958333333334","parsed","https://textage.cc/score/18/lettrack.html?DAB00","0.31567680608935617","0.0287850094479498","0.08075620241220892","0.18898305084745673","0.17251851738363339","994.2981488318876","0.5716486902927581","83","11.9","true"
"LETHEBOLG ～双神威に斬り咲けり～","ANOTHER","10","10.2","25.1","4.21875","右MIRROR","9.463734567901234","13","0.06712963717896435","0.04851202609050139","0.0032417448022824978","0","0.7161458333333334","parsed","https://textage.cc/score/19/lethbolg.html?DAA00","0.4409438435280336","0.024835193172757408","0.07338154227546173","0.16793814432989523","0.1252737915715042","1431.3293801642487","0.31649484536082473","22.9","9.7","false"
"Level 2","HYPER","10","9.6","50","4.71484375","両RANDOM","7.853535353535354","10","0.05028403001071819","0.3027867095391211","0.0009717756341550636","0","0.7864583333333334","parsed","https://textage.cc/score/27/level2.html?DHA00","0.3371814730937612","0.025248654816534388","0.07357088422552928","0.0974890829694306","0.07952830255005186","2201.088922401961","0.5589519650655022","7.9","10.3","false"
"Level 3","HYPER","10","10.2","100","9.3037109375","FLIP","10.156250000000002","12","0.05212698412698403","0.2644688644688644","0.006915750915751099","0","0.6640625","parsed","https://textage.cc/score/28/level3.html?DHA00","0.3843251434262278","0.023052666763740265","0.06519275589818538","0.08755912961210806","0.0996591715713134","3147.7808113274814","0.45695364238410596","72.1","14.9","true"
"Level 4","HYPER","10","10.2","96.8","6.3271484375","左MIRROR","8.625457078182135","13","0.0459899870801034","0.33306416881998263","0.014832041343669167","0","0.7994791666666666","parsed","https://textage.cc/score/30/level4.html?DHA00","0.35251114359098645","0.01954039220537455","0.05413468447528218","0.08485952133194467","0.07967516815739568","3455.3737223232233","0.5244536940686785","33","11.9","true"
"Level 5","HYPER","10","10.5","65.3","5.0869140625","正規","10.142543859649123","13","0.05927729729729715","0.250908108108108","0.0156782702702702","0","0.7656250000000001","parsed","https://textage.cc/score/31/level5.html?DHA00","0.4161770214793832","0.02511253651827575","0.0722939087094274","0.11356807511736874","0.10414654701578782","3925.7473463004158","0.38685446009389673","49","10.6","false"
"Level One","HYPER","10","9.6","60","4.962890625","FLIP","9.306039325842697","11","0.04452622788350776","0.3125512508992487","0.015057275238080509","0.000391644908616188","0.7005208333333333","parsed","https://textage.cc/score/26/levelone.html?DHA00","0.31660325179625715","0.018776754500749882","0.05219607075576775","0.10892691951896191","0.08588053871558644","2598.6892765513007","0.5485661424606846","14","10.5","false"
"Liberation","HYPER","10","10","55.2","4.8388671875","正規","10.22187004754358","12","0.06163178294573618","0.04612403100775194","0","0","0.8958333333333334","parsed","https://textage.cc/score/20/liberatn.html?DHA00","0.4152628233004564","0.027840138233939573","0.08090553733171112","0.1660292921074058","0.12965249862121175","1495.9796260285584","0.38974776240846215","38.1","10.4","false"
"Lift Us High","ANOTHER","10","10","55.2","4.8388671875","正規","10.245499181669395","12","0.06774760383386562","0.08087060702875418","0","0","0.6666666666666666","parsed","https://textage.cc/score/26/lifthigh.html?DAA00","0.4290785621979484","0.02885584258698148","0.08382811544505188","0.13147482014388423","0.12884789623459936","2252.694484820645","0.3534172661870504","43.5","10.4","false"
"Life Is A Game ft.DD""ナカタ""Metal","HYPER","10","10.2","37.2","4.466796875","左MIRROR + 右MIRROR","9.691964285714286","11","0.07088866223596735","0.02622228071329863","0.029546182360552977","0","0.7786458333333333","parsed","https://textage.cc/score/25/lifegame.html?DHA00","0.37326641845409153","0.03068957830034181","0.08947544293670784","0.1639853747714819","0.13006547991615938","891.7590746292582","0.443327239488117","33","10","false"
"Light and Cyber…","ANOTHER","11","12","97.7","6.451171875","右MIRROR","12.799529190207156","14","0.05553442555414105","0.04544033369871489","0.006200793049414994","0","0.4244791666666667","parsed","https://textage.cc/score/20/lt_cyber.html?DAB00","0.36677821122192267","0.02098390139121273","0.057637144108819836","0.17433004231311672","0.1731430940856445","1552.4102549426707","0.3215796897038082","92.7","12","true"
"Light Shine","ANOTHER","11","11.4","78.9","5.458984375","FLIP + 右MIRROR","13.688218390804597","14","0.11956150939435234","0.07183531017109271","0","0.00033063923585598825","0.6458333333333333","parsed","https://textage.cc/score/17/litshine.html?DAB00","0.43983145733124046","0.04330347403635729","0.10773722985703206","0.22483146067415619","0.15394293966092684","896.2281782279574","0.3404494382022472","96.9","11","false"
"Lighting Shower","ANOTHER","11","11.6","89","5.8310546875","両RANDOM","13.135410764872521","19","0.08905912123303387","0.03115654474350127","0.010381105743423944","0","0.7057291666666667","parsed","https://textage.cc/score/21/ltshower.html?DAB00","0.4512098621416625","0.027585392022711187","0.07721350653474467","0.14470529470529378","0.17021312793622162","969.198199582205","0.3596403596403596","96.9","11.4","true"
"lights","ANOTHER","10","10.5","43.9","4.5908203125","正規","8.219313554392087","13","0.06289475546747832","0.03763889871894699","0.004123150966098034","0","0.7057291666666667","parsed","https://textage.cc/score/9/lightscs.html?DAA00","0.47660596865239924","0.025439730981122365","0.0725864803246429","0.16074113856068636","0.11939758031810434","1045.3165866349668","0.35123523093447906","27.9","10.1","false"
"Lightspeed","HYPER","10","9.6","19.6","4.0947265625","FLIP + 右MIRROR","9.64102564102564","11","0.0656153288201161","0.11016078336557081","0.012707930367504812","0","0.7161458333333335","parsed","https://textage.cc/score/32/lightspd.html?DHA00","0.38819340277832726","0.02544360568903749","0.07140602299210229","0.15105042016806736","0.1142535903556493","1925.0771396898265","0.46638655462184875","33","9.5","false"
"Like+it!","ANOTHER","11","11.4","91.5","5.955078125","FLIP + 左MIRROR + 右MIRROR","11.6875","13","0.06044096426449372","0.11858076563958943","0.003544690603514184","0","0.7604166666666665","parsed","https://textage.cc/score/27/like_it.html?DAB00","0.3459621816941265","0.0276426669153418","0.07753283785248412","0.19666011787819168","0.14128344194462214","2080.6830701819786","0.4223968565815324","79.6","11.5","true"
"Limelight","HYPER","10","10.2","19.6","4.0947265625","左MIRROR","8.591065292096221","11","0.06185071428571448","0.1067142857142856","0.004605714285714138","0","0.7369791666666667","parsed","https://textage.cc/score/33/limlight.html?DHA00","0.4903763986937913","0.031247196182089144","0.08040198216071127","0.12849576271186244","0.10863199240085376","2303.1888119545074","0.3252118644067797","14","9.5","false"
"Line 4 Ruin","ANOTHER","11","11","70.6","5.2109375","右MIRROR","11.668339768339766","11","0.06534619966248606","0.03798683034975684","0","0","0.7057291666666665","parsed","https://textage.cc/score/22/lineruin.html?DAB00","0.39490746512331404","0.022528122736631427","0.06825294317263636","0.1912861136999054","0.1598757792726969","1014.0117803908782","0.2982292637465051","72.1","10.8","false"
"Linus","ANOTHER","11","11.8","65.3","5.0869140625","両RANDOM","11.429577302592948","16","0.0914218620132467","0.03140310223123022","0.011112899401195064","0","0.8177083333333334","parsed","https://textage.cc/score/6/linus.html?DAB00","0.3877446143760683","0.03630329554672208","0.10340413087743484","0.253643336529241","0.1495645353311069","1015.4952415409173","0.4477468839884947","91.1","10.6","false"
"Liquid Crystal Girl feat. echo","ANOTHER","9","9.3","11.3","3.8466796875","両RANDOM","9.88753836709638","9","0.05798265328929377","0.04089577073037473","0","0","0.9114583333333333","parsed","https://textage.cc/score/19/lcrystal.html?DA900","0.4019478374589112","0.023573598814243285","0.06985560259905857","0.2347884788478844","0.12618553164394458","1216.9418178732233","0.41944194419441944","7.9","9.2","false"
"Lisa-RICCIA","HYPER","10","10.2","30.9","4.3427734375","FLIP + 右MIRROR","9.845962495216225","11","0.0685906131571272","0.07720338159556886","0.01614148284909185","0","0.8125","parsed","https://textage.cc/score/33/lisa_ric.html?DHA00","0.48290098340067106","0.03103153264469939","0.08512412627683676","0.13639575971731308","0.12060207695618591","2695.40013679958","0.24823321554770317","27.9","9.8","false"
"Little Little Princess","HYPER","10","9.6","25.1","4.21875","右MIRROR","9.741994558392634","11","0.06411654286773107","0.06845866297149655","0.013913603918598553","0","0.39322916666666663","parsed","https://textage.cc/score/12/littlepr.html?DHA00","0.35357452115519267","0.029529919785174254","0.07789896568234746","0.18171577123050245","0.1274359299931054","1542.2115790380883","0.4904679376083189","14","9.7","false"
"Little Little Princess","ANOTHER","11","11.4","78.9","5.458984375","右MIRROR","13.39420259522813","13","0.07858023750927728","0.030853744286886253","0.014456814719324827","0","0.5598958333333334","parsed","https://textage.cc/score/12/littlepr.html?DAB00","0.3530316868291477","0.029424292113951023","0.08258191291727456","0.24011748445059103","0.17283909473812453","1557.0816342657947","0.4063579820317899","76.1","11","false"
"LIVE DRIVING!! feat. 花たん","HYPER","10","10","37.2","4.466796875","FLIP","10.972294372294373","12","0.06766255030379519","0.08168941844867061","0.02271916673242385","0","0.9531249999999999","parsed","https://textage.cc/score/29/livedriv.html?DHA00","0.40207210767333906","0.028396161271479144","0.07688564062817027","0.20592783505154608","0.1352827608539711","2319.119309402802","0.4269759450171821","33","10","false"
"LOCUS OF THE TRAVEL","HYPER","10","10.2","93.6","6.0791015625","FLIP + 両RANDOM","10.835740740740741","12","0.062051638097516605","0.207128116828739","0.008140413241501651","0","0.8541666666666667","parsed","https://textage.cc/score/28/locustrv.html?DHA00","0.40788361258221356","0.026353084871958383","0.06939214705718609","0.11035653650254479","0.1097783750862084","2881.5278585510496","0.4380305602716469","53.9","11.6","true"
"Lords Of The Roundtable","HYPER","10","9.3","60","4.962890625","右MIRROR","7.0851311953352765","10","0.0356248456917126","0.48516582997284163","0.009569582750390802","0","0.8281249999999999","parsed","https://textage.cc/score/27/lords_rt.html?DHA00","0.33430146609507927","0.014551384264450365","0.039414942202219375","0.05599201065246314","0.050134161675513926","3297.092944746581","0.5752330226364847","5.4","10.5","false"
"Lost Souls","ANOTHER","11","11.2","82.6","5.5830078125","FLIP + 左MIRROR","12.333333333333334","11","0.05741701858108096","0.06187711148648648","0.0034797297297296482","0","0.7916666666666667","parsed","https://textage.cc/score/27/lostsoul.html?DAB00","0.4055760504676046","0.0266019809411772","0.07478471407203365","0.19730158730158562","0.157907381145631","2123.1100886681525","0.24841269841269842","58.5","11.1","true"
"Lost wing at.0","ANOTHER","11","11.4","65.3","5.0869140625","FLIP + 左MIRROR + 右MIRROR","10.759865470852018","13","0.07995644835274701","0.021775823626247696","0.0006868240638479622","0","0.6927083333333333","parsed","https://textage.cc/score/24/lostwing.html?DAB00","0.4260557642390811","0.03351696466446679","0.09638828414077479","0.15821214713430334","0.14069267165108007","1216.8876017971409","0.4542343883661249","58.5","10.6","false"
"LOUDER ROLLING THUNDER","HYPER","10","10","43.9","4.5908203125","FLIP","9.384146341463415","11","0.06842917478882395","0.09521875676846438","0.011825860948667706","0","0.734375","parsed","https://textage.cc/score/30/louderrt.html?DHA00","0.4761417589630583","0.029747356952115358","0.07893352860024423","0.11749999999999847","0.11636004056581431","2326.072560173592","0.31521739130434784","33","10.1","false"
"LOVE B.B.B","ANOTHER","10","10.5","43.9","4.5908203125","FLIP + 左MIRROR","10.60815160955348","11","0.07600830588361933","0.014984362228541492","0.009214881089309294","0","0.6901041666666665","parsed","https://textage.cc/score/19/love_bbb.html?DAA00","0.4008545766240594","0.02823221118514437","0.08334205267993369","0.20437616387336904","0.1464446952009794","796.0215714326863","0.41527001862197394","43.5","10.1","false"
"Love Is Eternity","HYPER","10","9.6","15","3.970703125","FLIP + 左MIRROR + 右MIRROR","8.673231871083258","10","0.05527250206440972","0.04374827965868436","0","0","0.8411458333333333","parsed","https://textage.cc/score/10/loveter.html?DHA00","0.3881801231789971","0.02533295743004219","0.0637752421312966","0.08154158215010028","0.1202301709287984","1139.159010905766","0.41683569979716023","7.9","9.3","false"
"LOVE IS ORANGE","ANOTHER","9","9.6","25.1","4.21875","左MIRROR","10.220757825370676","12","0.06189071566731153","0.008059316569954822","0.01960025789813004","0","0.5598958333333333","parsed","https://textage.cc/score/8/lvorange.html?DA900","0.41038147207656783","0.019807255294022625","0.060036284742119396","0.22001102535832365","0.1370778964249427","486.9878432976029","0.3263506063947078","27.9","9.7","false"
"LOVE IS ORANGE","LEGGENDARIA","11","11.4","70.6","5.2109375","FLIP","12.28665568369028","13","0.07444086886564741","0.015017430946634427","0.018857602574416845","0","0.7604166666666667","parsed","https://textage.cc/score/8/lvorange.html?DXB00","0.4441014537460935","0.0265813390831024","0.0799360268094025","0.26434071222329136","0.16442980676898672","846.0083678730871","0.273339749759384","79.6","10.8","false"
"LOVE&hearts;SHINE","ANOTHER","9","","8.4","3.72265625","FLIP + 左MIRROR + 右MIRROR","10.150537634408602","11","0.07561352401129938","0.10394597457627076","0.017261299435028184","0","0.8541666666666666","parsed","https://textage.cc/score/9/lvshine.html?DA900","0.32309142482198994","0.029874923979209503","0.08314028018862944","0.20954653937947318","0.12370690327010136","1760.1034422208552","0.4892601431980907","27.9","9","false"
"LOVE WILL…","ANOTHER","8","","2.2","3.2265625","FLIP + 右MIRROR","8.39710843373494","9","0.05958677685950418","0.048238062442608025","0","0","0.8593750000000001","parsed","https://textage.cc/score/4/lovewill.html?DA800","0.39325454965914647","0.025055242017008858","0.0679701724319854","0.2348142164781886","0.11192857251472799","912.8805897751232","0.3877221324717286","2.6","8","false"
"Lovely Howdy Cowboy!!","ANOTHER","11","11","78.9","5.458984375","両RANDOM","12.052670080468179","21","0.08600631221170127","0.13214675892206826","0.015498907501820728","0","0.8802083333333333","parsed","https://textage.cc/score/28/lhcowboy.html?DAB00","0.4174736030516419","0.031041230186060087","0.07349404463792696","0.12551942186088483","0.14579456620099804","3196.347984859988","0.3866305329719964","96.9","11","false"
"LOVELY STORM","HYPER","10","10","25.1","4.21875","左MIRROR + 右MIRROR","10.292685185185185","10","0.07466494543949716","0.04433659286980152","0.009484621404989318","0","0.8281250000000001","parsed","https://textage.cc/score/15/lvlystrm.html?DHA00","0.3642168937653235","0.03194924910907384","0.08787746531790767","0.1822232223222294","0.1393641798497177","1381.6351691656691","0.4158415841584158","22.9","9.7","false"
"LOVELY STORM","ANOTHER","11","10.7","55.2","4.8388671875","正規","11.685370370370372","11","0.07242238633302087","0.0974905310533905","0.016646328901285038","0","0.6536458333333333","parsed","https://textage.cc/score/15/lvlystrm.html?DAB00","0.33739715938877096","0.029172000424059433","0.07427714539391637","0.22478329393223198","0.15356158784329693","1506.5172689985843","0.47596532702915684","49","10.4","false"
"lower world","HYPER","10","10.5","43.9","4.5908203125","左MIRROR","8.019778481012658","14","0.05403899904639754","0.047022458978659074","0.0007602512248856387","0","0.6119791666666667","parsed","https://textage.cc/score/9/loworld.html?DHA00","0.39511165787107777","0.02383433153242262","0.050504767178740285","0.13903365906623058","0.12848186614917786","1097.3121435556743","0.30618892508143325","33","10.1","false"
"lowercase lifetime","ANOTHER","11","11.6","55.2","4.8388671875","左MIRROR + 右MIRROR","12.073723228995059","14","0.07651330376940112","0.034231622036499786","0.04030018761726176","0","0.6328125","parsed","https://textage.cc/score/32/lowercas.html?DAB00","0.39399552928718606","0.0350778095381761","0.09313331560063179","0.21244796003330385","0.15840716883688136","1473.9734957982444","0.3522064945878435","79.6","10.4","false"
"Lucky Days","ANOTHER","10","10.2","50","4.71484375","FLIP + 左MIRROR + 右MIRROR","9.495726495726496","11","0.061814243924392345","0.028352835283528353","0.0005940594059405946","0","0.6796875","parsed","https://textage.cc/score/19/luckyday.html?DAA00","0.43258791949359227","0.02412975706318427","0.07269966179410144","0.16533066132264357","0.12974941216368974","1147.4188497542282","0.33266533066132264","43.5","10.3","false"
"Lucy","HYPER","10","10.5","6.2","3.5986328125","左MIRROR","7.975675675675675","12","0.06787190782785492","0.03390799728905459","0.04382243307353463","0","0.4765625000000001","parsed","https://textage.cc/score/10/lucy.html?DHA00","0.40782857803694555","0.02556483041566621","0.07487776759702629","0.1691037735849039","0.10730721483731086","865.5444927147995","0.43042452830188677","7.9","8.8","false"
"Luv 2 Feel Your Body","ANOTHER","10","10.5","37.2","4.466796875","FLIP + 左MIRROR","9.256578947368421","13","0.06739145542130616","0.025862749743346944","0.00612177209192125","0","0.7942708333333334","parsed","https://textage.cc/score/8/luv2feel.html?DAA00","0.5562937576442059","0.023661488684263928","0.06886172543615551","0.2029055690072627","0.12780701859435833","783.3731604813769","0.22397094430992737","53.9","10","false"
"LUV CAN SAVE U","ANOTHER","10","10.5","43.9","4.5908203125","FLIP + 左MIRROR + 右MIRROR","11.971014492753625","12","0.05929681194511682","0.027340597255851473","0.03276836158192138","0","0.9375","parsed","https://textage.cc/score/20/luvsaveu.html?DAA00","0.4056706736361976","0.018451058589930663","0.055783301187234784","0.20996488147497727","0.15515495708647234","1088.7650982767398","0.4363476733977173","67.6","10.1","false"
"LUV CAN SAVE U","LEGGENDARIA","11","11.2","82.6","5.5830078125","FLIP + 左MIRROR + 右MIRROR","13.898550724637682","14","0.07431786583246382","0.0378649635036496","0.016127911018422036","0","0.890625","parsed","https://textage.cc/score/20/luvsaveu.html?DXB00","0.4290886329359285","0.025312202803267233","0.07650925938601968","0.22204724409448925","0.18126157795940157","1855.3947583667436","0.30078740157480316","86.5","11.1","true"
"LUV DRIVE","ANOTHER","10","10","30.9","4.3427734375","左MIRROR + 右MIRROR","9.417075386012716","12","0.063572413726587","0.07758337995023243","0.012578461063636977","0.0048957388939256585","0.84375","parsed","https://textage.cc/score/25/luvdrive.html?DAA00","0.4255762481102178","0.03026594337100391","0.07774815359250188","0.16501014198782862","0.12284964647623868","1994.782637022276","0.385395537525355","38.1","9.8","false"
"Lycoris","ANOTHER","10","10.5","25.1","4.21875","左MIRROR","10.026797385620915","12","0.08207613584512095","0.013835473567564061","0.0018616778567239068","0","0.7682291666666665","parsed","https://textage.cc/score/32/lycoris.html?DAA00","0.4963215675395515","0.030603699800780013","0.09114651964372777","0.22748049052396782","0.13667305688353296","1007.4373922993648","0.23076923076923078","38.1","9.7","false"
"M.D.Injection","ANOTHER","11","11.2","65.3","5.0869140625","右MIRROR","10.819740480748777","12","0.07312270464536494","0","0.01186231411068011","0","0.6927083333333335","parsed","https://textage.cc/score/21/mdinject.html?DAB00","0.4615824511913955","0.025965233488178422","0.07438915306458399","0.14416058394160722","0.15161119688226846","600.5818110968767","0.3312043795620438","63.1","10.6","false"
"m1dy Deluxe","ANOTHER","11","11.4","96.8","6.3271484375","FLIP","11.3775","12","0.05612466124661238","0.09750604262799384","0.06950120852559896","0","0.8385416666666665","parsed","https://textage.cc/score/21/m1dy_dx.html?DAB00","0.36330943615319194","0.020407116960193362","0.05905307035329287","0.13508557457212644","0.1419590039099578","1656.6837565213839","0.4792176039119804","72.1","11.9","true"
"M4K3 1T B0UNC3","HYPER","10","10","25.1","4.21875","FLIP + 右MIRROR","9.250871080139373","10","0.05625235404896423","0.0613622096672946","0.011751412429378525","0","0.8880208333333331","parsed","https://textage.cc/score/23/m4k3_1t.html?DHA00","0.4445029980549688","0.023999729335364983","0.06696836141109466","0.1337398373983721","0.1134329578354124","2124.9182164059243","0.38414634146341464","18.4","9.7","false"
"Macho Gang","HYPER","11","11.8","97.7","6.451171875","右MIRROR","8.908780903665814","13","0.06086722488038269","0.3308612440191385","0.06468899521531163","0","0.5364583333333334","parsed","https://textage.cc/score/s/macho.html?DHB00","0.36931218468291827","0.13887818528499368","0.06034257646307996","0.13947368421052436","0.11389726652286411","2600.6344701817943","0.49122807017543857","67.6","12","true"
"Macho Gang","ANOTHER","11","11.8","98.7","6.69921875","右MIRROR","9.0153452685422","14","0.06222813238770678","0.3327423167848697","0.06392434988179731","0","0.5859374999999999","parsed","https://textage.cc/score/s/macho.html?DAB00","0.3725826111223835","0.14793885587629899","0.06153365125275231","0.14220430107526685","0.11531959773921432","2632.927542169408","0.48655913978494625","67.6","12.3","true"
"M&auml;ch&ouml; M&ouml;nky","HYPER","10","","78.9","5.458984375","FLIP + 左MIRROR + 右MIRROR","9.33786078098472","12","0.059354545454545535","0.20606060606060597","0.009127272727272994","0","0.7760416666666667","parsed","https://textage.cc/score/26/machomnk.html?DHA00","0.3314944536690242","0.029525003617387958","0.08180744603177831","0.10633232016210517","0.10173256446990371","2198.5898515197355","0.6180344478216818","49","11","false"
"Macuilxochitl","HYPER","10","9.6","4.4","3.474609375","右MIRROR","9.847765006385696","11","0.07226124396949715","0.019576438242465133","0.00816724594075868","0","0.5338541666666667","parsed","https://textage.cc/score/24/macuil.html?DHA00","0.44695356483078935","0.030413531107259133","0.08919339738765901","0.13528464017185624","0.12653931002216792","818.3622448397954","0.4038668098818475","14","8.5","false"
"Macuilxochitl","ANOTHER","11","11.6","86.1","5.70703125","両RANDOM","14.610983397190294","15","0.0767174006153623","0.014155973567357765","0.005963427852173162","0","0.7968749999999999","parsed","https://textage.cc/score/24/macuil.html?DAB00","0.40849654707849253","0.02908035478771402","0.08483058686323293","0.22902757619739006","0.18905111628392157","1101.7667404747854","0.3033381712626996","83","11.3","true"
"MAD ATTACK","ANOTHER","10","10","19.6","4.0947265625","FLIP + 左MIRROR + 右MIRROR","11.137254901960784","18","0.09611229879275614","0.08787097585513066","0.005975855130784623","0","0.7682291666666667","parsed","https://textage.cc/score/21/madatack.html?DAA00","0.41042865983293114","0.04312755506781942","0.11218392849929867","0.16799544419134177","0.13642901730984308","1777.0775208847647","0.42369020501138954","96.9","9.5","false"
"MAD ATTACK","LEGGENDARIA","11","11.6","99","6.8232421875","左MIRROR + 右MIRROR","11.696078431372548","13","0.05065980122141062","0.4203987546401627","0.005690336486648129","0","0.5807291666666666","parsed","https://textage.cc/score/21/madatack.html?DXB00","0.34735734155760495","0.02604518392185569","0.05473143814558255","0.0556179775280889","0.10040186435062336","4516.433695780949","0.49846782431052095","72.1","12.4","true"
"madrugada","ANOTHER","10","11","43.9","4.5908203125","FLIP","8.194154488517746","12","0.06425690021231427","0.025159235668789873","0","0","0.8072916666666666","parsed","https://textage.cc/score/15/mdrugd25.html?DAA00","0.44343728631623364","0.02381135881744732","0.06869902484007792","0.17547619047618873","0.12213895212600367","912.490850601074","0.33690476190476193","38.1","10.1","false"
"MAGIC & LOVE","ANOTHER","11","11.6","91.5","5.955078125","左MIRROR","14.42432950191571","15","0.09376336410120165","0.03214854904044095","0.02309449498638697","0","0.828125","parsed","https://textage.cc/score/21/magic_lv.html?DAB00","0.4156163028280591","0.0336764955060128","0.09690395671350956","0.215885206143897","0.19249943921298768","1302.5011740470434","0.34438156831042843","98.1","11.5","true"
"Magical","ANOTHER","10","10","6.2","3.5986328125","右MIRROR","8.38004216444132","9","0.06807409767878678","0.05429021870387758","0.0015054340534013046","0","0.7526041666666666","parsed","https://textage.cc/score/24/magical.html?DAA00","0.4679429959376635","0.028324834306405172","0.07701202985599681","0.11896551724137724","0.1080649533985227","1872.2116294784453","0.3949843260188088","2.6","8.8","false"
"Make A Difference","ANOTHER","10","10.7","65.3","5.0869140625","FLIP + 左MIRROR","10.438209752839011","13","0.08054076539101476","0.06130807628311771","0.000240624600025602","0","0.734375","parsed","https://textage.cc/score/9/mad_emp.html?DAA00","0.4600205872914084","0.02972279574785857","0.07853768340198189","0.19879518072289049","0.1395551554558817","1516.4114946966624","0.3825301204819277","67.6","10.6","false"
"Make Me Your Own","ANOTHER","11","11.4","70.6","5.2109375","FLIP + 右MIRROR","9.682698730794923","16","0.07648775439806815","0.14729216971369452","0.012313211452224856","0","0.7369791666666666","parsed","https://textage.cc/score/14/make_myo.html?DAB00","0.41200304654948733","0.037849937375323287","0.08095623655318016","0.16778017241379256","0.11624532230125931","2234.6525554429013","0.39978448275862066","72.1","10.8","false"
"Makin' It","HYPER","10","10.7","99.7","7.5673828125","左MIRROR + 右MIRROR","6.732192846034215","12","0.028538163001293654","0.5697883940121972","0","0","0.6875","parsed","https://textage.cc/score/33/makin_it.html?DHA00","0.2572123223385171","0.010856208989218265","0.030322545129328984","0.05190217391304341","0.03460657570942888","2245.9257458222655","0.7146739130434783","38.1","13.1","true"
"Mare Nectaris","HYPER","10","10.7","50","4.71484375","FLIP + 両RANDOM","8.938501291989665","13","0.07043499942183158","0.022508817067530065","0.018859851988899157","0","0.9661458333333333","parsed","https://textage.cc/score/24/marenect.html?DHA00","0.4312155147926332","0.030883609726506566","0.08922442253747094","0.1528028028028015","0.1242352530271292","976.7681666074642","0.45845845845845845","38.1","10.3","false"
"MARIA (I believe...)","ANOTHER","9","9.6","19.6","4.0947265625","FLIP + 右MIRROR","8.782244840260107","13","0.06303488417013263","0","0.003153353850908684","0","0.8411458333333333","parsed","https://textage.cc/score/9/maria.html?DA900","0.4035399570244815","0.01981423168220318","0.059218189523680125","0.20171192443919594","0.11968372109131376","271.4924676671523","0.44155844155844154","22.9","9.5","false"
"Marie Antoinette","ANOTHER","11","12","65.3","5.0869140625","左MIRROR + 右MIRROR","11.186933434895142","17","0.08935886707874839","0.010110149488591793","0.03327514312319351","0","0.8411458333333334","parsed","https://textage.cc/score/16/marieant.html?DAB00","0.3857245104740564","0.028813131313131412","0.0875393590966668","0.22053872053871978","0.14397908881395555","805.722568066265","0.45875420875420875","94.9","10.6","false"
"Marie Antoinette","LEGGENDARIA","11","12","89","5.8310546875","左MIRROR + 右MIRROR","12.11581238436297","18","0.1017070704261428","0.056860776169652336","0.04342190132899093","0","0.8125","parsed","https://textage.cc/score/16/marieant.html?DXB00","0.38115025792601237","0.03527344134168529","0.09746020470204834","0.2067774936061377","0.16488223383686101","2077.4369713552114","0.4236999147485081","98.7","11.4","true"
"MARLIN","HYPER","10","10.2","43.9","4.5908203125","左MIRROR + 右MIRROR","10.072488262910799","11","0.061730926989335376","0.10653292564695346","0.010542173167275466","0","0.8072916666666667","parsed","https://textage.cc/score/32/marlin.html?DHA00","0.47652771334356203","0.03251409066538765","0.08409910688417717","0.10793573515092308","0.12151176379219591","2977.9682430769385","0.37195715676728336","33","10.1","false"
"MA・TSU・RI","ANOTHER","11","11.2","60","4.962890625","正規","11.323503902862099","12","0.07209099264705857","0.12479575163398693","0.0011437908496732033","0","0.6197916666666666","parsed","https://textage.cc/score/28/matsuri.html?DAB00","0.3994358694129518","0.03293421407970573","0.08941319064046528","0.18562717770034726","0.13520157142410602","2766.7668601345536","0.39547038327526135","43.5","10.5","false"
"MAX 300","HYPER","10","10.5","43.9","4.5908203125","FLIP + 左MIRROR + 右MIRROR","11.216258349298709","18","0.10696028513238245","0.14748811948404672","0.01504412763068621","0","0.5833333333333333","parsed","https://textage.cc/score/7/max_300.html?DHA00","0.3090556890701847","0.05080257006467651","0.11540268286067866","0.14778645833333143","0.14085853621586816","1197.8226953893095","0.59375","94.9","10.1","false"
"MAX 360","HYPER","10","10.2","25.1","4.21875","FLIP","10.235708952827856","11","0.08594584500466798","0.058193277310924454","0.036526610644257475","0","0.5989583333333333","parsed","https://textage.cc/score/30/max_360.html?DHA00","0.34081143625472127","0.03984589598410159","0.11103366377812769","0.11941066417212146","0.1312595980604954","1535.7491425738547","0.5425631431244153","43.5","9.7","false"
"MAX LOVE","ANOTHER","10","10.7","86.1","5.70703125","左MIRROR","11.804755944931163","13","0.07212821600226116","0.08775091885778917","0.00451229855809965","0","0.49479166666666663","parsed","https://textage.cc/score/15/maxlove.html?DAA00","0.37800040592077705","0.027721399533442985","0.07323265400375326","0.21510067114094134","0.15305655970546758","2309.8016544296465","0.3542132736763609","83","11.3","true"
"MAXIMUM CHEAT GIRL","HYPER","10","10.2","43.9","4.5908203125","正規","9.44675925925926","11","0.05894572408723346","0.15461896593972013","0.0051752021563342375","0","0.7369791666666666","parsed","https://textage.cc/score/31/maxcheat.html?DHA00","0.4736992150483853","0.03295793354371064","0.07508153074864356","0.10967002749770648","0.10991618463598261","3407.7698368092306","0.28689275893675525","22.9","10.1","false"
"MAXIVCORD","ANOTHER","11","11.4","86.1","5.70703125","FLIP + 右MIRROR","13.140885984023239","14","0.06644117159436295","0.011323570046974324","0","0","0.8098958333333333","parsed","https://textage.cc/score/25/maxivcrd.html?DAB00","0.40795695226176865","0.024378150746423723","0.07174292483784217","0.22386468952733787","0.17403792764965764","467.0155972563758","0.30213160333642264","76.1","11.3","true"
"Medicine of love","ANOTHER","9","8.5","2.2","3.2265625","FLIP + 左MIRROR","9.067951070336392","11","0.08729645692393802","0.051490277281281","0.005265309150754335","0","0.6927083333333334","parsed","https://textage.cc/score/18/medilove.html?DA900","0.4102882728993194","0.03152455436437271","0.0942554188338596","0.2202781844802323","0.12002700075954204","1054.1356695895054","0.3762811127379209","14","8","false"
"Medicine of love","LEGGENDARIA","11","11.6","25.1","4.21875","FLIP","11.533333333333333","12","0.08609012568277014","0.12107705361404249","0.006331441904862875","0.025183486238532095","0.7864583333333334","parsed","https://textage.cc/score/18/medilove.html?DXB00","0.49582646490873356","0.031400443936025264","0.08606766805862817","0.17328106151990302","0.14026290395953528","2978.5746717178927","0.17852834740651388","67.6","9.7","false"
"MEGAERA","HYPER","10","10.2","19.6","4.0947265625","正規","8.96200980392157","14","0.0712959113906741","0.06888645790601206","0.03232891198322642","0","0.8880208333333334","parsed","https://textage.cc/score/28/megaera.html?DHA00","0.3547279299069958","0.03316401184919136","0.09672772633566191","0.12860746720484173","0.11971406334668205","1489.458063549553","0.5368314833501514","53.9","9.5","false"
"Megalara Garuda","HYPER","10","10.2","30.9","4.3427734375","左MIRROR + 右MIRROR","9.07481662591687","14","0.05991216725940307","0.01293242806336892","0.011225347559004286","0","0.7161458333333333","parsed","https://textage.cc/score/27/megalara.html?DHA00","0.4348362399377665","0.023204340194151202","0.06917022526196395","0.16631419939576983","0.12444739350543563","609.5406707174698","0.35246727089627394","38.1","9.8","false"
"Mel","ANOTHER","9","9","8.4","3.72265625","FLIP","8.659459459459459","10","0.0497006483124166","0.034567536193793","0.012717436537661296","0","0.9609375000000002","parsed","https://textage.cc/score/27/mel.html?DA900","0.39858238313747146","0.022851166965721394","0.06398400250354208","0.19539078156312428","0.11768280325937419","1130.5269224968977","0.33867735470941884","3.8","9","false"
"Mel","LEGGENDARIA","10","10.5","70.6","5.2109375","左MIRROR + 右MIRROR","11.419345661450924","13","0.06730719084514612","0.07698663809927177","0.01370437728892122","0.0013303769401330377","0.7812500000000001","parsed","https://textage.cc/score/27/mel.html?DXA00","0.49275109997819017","0.026094350108348683","0.07352041885197072","0.19184397163120562","0.14675880954477685","2283.521051867785","0.22783687943262412","63.1","10.8","false"
"Mellow Diary","ANOTHER","10","","","","","","","","","","","","unparsed","https://textage.cc/score/34/mlwdiary.html?DAA00","","","","","","","","","",""
"Memoria Obscura","HYPER","10","10.2","25.1","4.21875","正規","9.594841483073616","11","0.0701831939466346","0.007168458781362007","0.0105057745917961","0","0.7109375000000002","parsed","https://textage.cc/score/33/memoriao.html?DHA00","0.5151185156111089","0.029021798893742293","0.08583778042741315","0.10452736318407777","0.12740791034833418","874.2695964968389","0.28258706467661693","22.9","9.7","false"
"memories","HYPER","10","10.2","30.9","4.3427734375","FLIP + 左MIRROR + 右MIRROR","9.738504155124653","11","0.07240961713505459","0.04650699738309251","0.025890317442257574","0","0.8229166666666666","parsed","https://textage.cc/score/8/memories.html?DHA00","0.35506930707153395","0.03036928048054323","0.08197642137739453","0.14981238273921202","0.1278829390975641","1193.4038518707073","0.48686679174484054","22.9","9.8","false"
"memories","ANOTHER","11","11.6","70.6","5.2109375","FLIP + 左MIRROR + 右MIRROR","11.057802400738689","15","0.08197180099535688","0.05839686529276194","0.029416146163867264","0","0.6067708333333335","parsed","https://textage.cc/score/8/memories.html?DAB00","0.417350771977918","0.03442448852373395","0.08659482457705907","0.16496282527881062","0.14676641488804454","1455.3132624834677","0.39219330855018586","98.5","10.8","false"
"Memorylust","ANOTHER","11","","","","","","","","","","","","unparsed","https://textage.cc/score/34/memolust.html?DAB00","","","","","","","","","",""
"MENDES","HYPER","10","10.5","60","4.962890625","右MIRROR","11.338157894736842","15","0.08330412749990279","0.05837298363699666","0.010249506788905618","0","0.8203124999999999","parsed","https://textage.cc/score/15/mendes.html?DHA00","0.375388230371541","0.0342121192300813","0.09331332506313335","0.1075931232091677","0.1525121102345761","1666.1003850547677","0.4804202483285578","79.6","10.5","false"
"MENTAL MELTDOWN","ANOTHER","11","11.6","78.9","5.458984375","正規","11.861213235294118","33","0.07438189332300092","0.209531189461449","0.022002841275990774","0","0.5729166666666666","parsed","https://textage.cc/score/15/meltdown.html?DAB00","0.4501583530855208","0.04465672237707582","0.08418977477543639","0.0987318840579694","0.13870995959627672","4562.924685509064","0.2617753623188406","100","11","false"
"Mermaid girl","ANOTHER","10","10.5","30.9","4.3427734375","左MIRROR","11.534591194968554","15","0.07223991275899647","0.04075790621592157","0.0040479825517991475","0","0.7473958333333335","parsed","https://textage.cc/score/18/mermaid.html?DAA00","0.4400104796831465","0.02732976271050379","0.0822839265500775","0.25608943862987565","0.14504780261178382","1363.1113410207358","0.34157944814462415","76.1","9.8","false"
"Mermaid girl -秋葉工房 MIX-","ANOTHER","9","9.3","15","3.970703125","FLIP + 左MIRROR + 右MIRROR","8.63255033557047","10","0.05448979591836735","0.024295432458697738","0.0013994169096210797","0","0.8515624999999999","parsed","https://textage.cc/score/19/mermaidr.html?DA900","0.4057441243680382","0.019833333333333387","0.059499559299759315","0.1736458333333329","0.11378656122989979","1035.6113060237926","0.4239583333333333","7.9","9.3","false"
"Meteor☆Shower","ANOTHER","11","11","75","5.3349609375","両RANDOM","12.612926136363637","14","0.08032135818458176","0.05307168196407434","0.01095917562925854","0","0.8880208333333333","parsed","https://textage.cc/score/33/meteorsw.html?DAB00","0.43676350963202276","0.03206571283152745","0.08905499131954356","0.21212832550860772","0.15480827383024615","2085.087877460458","0.3145539906103286","83","10.9","false"
"Miami Sunset Drive","ANOTHER","10","10.5","6.2","3.5986328125","右MIRROR","8.22885101010101","10","0.05952637231961322","0.036767808508189996","0","0.016733668341708537","0.875","parsed","https://textage.cc/score/19/miamisun.html?DAA00","0.45107294094659645","0.019719416386083106","0.05795442195461954","0.15269360269360077","0.11026683310054264","962.6278098822412","0.3176206509539843","7.9","8.8","false"
"Mid-Corner  (Magic Maker)","HYPER","10","10.2","37.2","4.466796875","左MIRROR","9.138065522620904","11","0.0678457817612748","0.08654147104851327","0.005139849196187222","0","0.7526041666666667","parsed","https://textage.cc/score/32/mid_crnr.html?DHA00","0.44808256668585367","0.033118583436640446","0.08987814899891515","0.11355421686746825","0.11961537296892856","1889.901467513241","0.3825301204819277","22.9","10","false"
"Midnight Drive","ANOTHER","10","10","89","5.8310546875","FLIP + 右MIRROR","8.34156550134875","11","0.04862305910343099","0.28853171621766655","0.010658652642123529","0","0.6953124999999999","parsed","https://textage.cc/score/28/middrive.html?DAA00","0.34138279871631944","0.020713970460452737","0.06150607886845072","0.12814498933901738","0.08494526749348932","2067.918633692239","0.5426439232409381","14","11.4","true"
"Midnight Lady","ANOTHER","9","9","4.4","3.474609375","右MIRROR","8.492307692307692","10","0.08233612620772925","0.03819633152173913","0","0.0013043478260869566","0.7734374999999999","parsed","https://textage.cc/score/25/mid_lady.html?DA900","0.5157533889664582","0.033055555555555664","0.09981552672063304","0.16192129629629462","0.10980869642991695","1400.7326228749907","0.22916666666666666","7.9","8.5","false"
"Mighty Beat Monsterz","HYPER","10","9.6","25.1","4.21875","右MIRROR","9.5464333781965","9","0.06493455989473196","0.08064288735372946","0.0013459279101461221","0","0.9036458333333331","parsed","https://textage.cc/score/33/mightybt.html?DHA00","0.4299487775012379","0.03017400177992567","0.08594183074568827","0.1789583333333326","0.12483077226110635","1829.5842814430644","0.3770833333333333","14","9.7","false"
"Mighty Cutie","ANOTHER","10","10.7","50","4.71484375","両RANDOM","11.15611111111111","11","0.06520514831598674","0.10494995269159886","0.00427070365021666","0","0.7786458333333333","parsed","https://textage.cc/score/32/mightyct.html?DAA00","0.42440143934349256","0.030249370532536003","0.08073755458024827","0.19692737430167578","0.13761467950151304","3106.2252089550557","0.27773343974461295","43.5","10.3","false"
"Million Dollar","HYPER","10","10.2","15","3.970703125","FLIP + 右MIRROR","8.617021276595745","10","0.06247141706924336","0.040660225442834055","0.004689210950080524","0.0026086956521739132","0.4375","parsed","https://textage.cc/score/31/mldollar.html?DHA00","0.4389225887875961","0.027214337924534884","0.07939877608057157","0.12777777777777566","0.11257393647037034","1187.9696690653307","0.30275229357798167","7.9","9.3","false"
"Mind Mapping","ANOTHER","8","9","4.4","3.474609375","FLIP + 右MIRROR","8.616091954022988","10","0.06726153948772669","0.05357023745997865","0.004973319103521879","0","0.7343750000000001","parsed","https://textage.cc/score/16/mmapping.html?DA800","0.37213607958130307","0.02582672964961377","0.07389051929840955","0.2124844720496879","0.11150767755348885","825.1405792463834","0.4583850931677019","18.4","8.5","false"
"Mind Mapping","LEGGENDARIA","11","11.8","60","4.962890625","FLIP + 左MIRROR + 右MIRROR","11.908045977011493","12","0.08440793918918874","0.11782094594594594","0.005397683397683398","0","0.7369791666666667","parsed","https://textage.cc/score/16/mmapping.html?DXB00","0.44678351432275176","0.04637651069776036","0.0944120851686812","0.22755102040816363","0.14714645364911963","1927.4246310639626","0.25918367346938775","67.6","10.5","false"
"mind the gap","ANOTHER","9","10.2","19.6","4.0947265625","右MIRROR","8.188189360663738","13","0.06988029674486636","0.015127312607285897","0.004701506770932547","0","0.7343749999999999","parsed","https://textage.cc/score/12/mindgp29.html?DA900","0.49177312128696365","0.027515488704222837","0.08282985155439042","0.15994832041343462","0.11772592396826558","668.80266643621","0.2622739018087855","14","9.5","false"
"MINT","HYPER","10","10.2","37.2","4.466796875","正規","10.111607142857144","12","0.07497240618101521","0.0424944812362032","0","0","0.859375","parsed","https://textage.cc/score/13/mint.html?DHA00","0.3576898454319889","0.030538458927530075","0.08108781342431151","0.16368038740919943","0.1298359288756613","814.465605683322","0.5290556900726392","33","10","false"
"Miracle 5ympho X","ANOTHER","11","11.4","93.6","6.0791015625","右MIRROR","12.437947494033413","15","0.08163580543029766","0.06504845054207054","0.007406696728389073","0","0.8619791666666665","parsed","https://textage.cc/score/21/miracle5.html?DAB00","0.38842949967613927","0.03293453987090742","0.08894017503525686","0.1999602227525845","0.16780517699226744","1730.3043605738965","0.4017501988862371","92.7","11.6","true"
"MIRACLE MEETS","ANOTHER","10","10","19.6","4.0947265625","FLIP + 左MIRROR + 右MIRROR","8.984705803780138","22","0.05917697431018078","0.06669243577545195","0.0010846812559467183","0.01455756422454804","0.7161458333333333","parsed","https://textage.cc/score/17/miraclem.html?DAA00","0.35965003590203687","0.01945278969957087","0.05891216679526601","0.182296137339054","0.117224151496535","1249.5919622538133","0.44635193133047213","92.7","9.5","false"
"mnemoniq","ANOTHER","9","9.3","4.4","3.474609375","左MIRROR","8.033423913043478","11","0.054265128708182495","0.028075635084396176","0.00019664219914547167","0","0.8020833333333334","parsed","https://textage.cc/score/20/mnemoniq.html?DA900","0.4726573561051271","0.018271896492225978","0.04803185600993327","0.19663805436337428","0.10990266474858043","888.0081921355838","0.37339055793991416","5.4","8.5","false"
"MOCHIMOCHI DREAMIN!!","ANOTHER","11","11.6","91.5","5.955078125","FLIP + 左MIRROR","13.510162601626016","13","0.06754325259515535","0.13758086354746488","0.004636678200692312","0","0.9218750000000001","parsed","https://textage.cc/score/33/mochidrm.html?DAB00","0.4194451383675321","0.026636780848264215","0.07200345136183754","0.20276752767527825","0.15435754944349256","2811.1122925671793","0.3284132841328413","89.1","11.5","true"
"Modular Technology","HYPER","10","10","11.3","3.8466796875","左MIRROR + 右MIRROR","9.212475633528266","11","0.0684740946738408","0.08291518046067332","0.006181004776010901","0","0.7552083333333334","parsed","https://textage.cc/score/24/modulart.html?DHA00","0.46893423000053214","0.031073551638632898","0.08925662930590558","0.07406593406593312","0.1149324272227338","1829.3183351951764","0.34395604395604396","7.9","9.2","false"
"Modular Technology","ANOTHER","11","11.6","95.4","6.203125","正規","12.923976608187136","13","0.07074186597715987","0.10840336134453775","0.004723120017237739","0","0.8281250000000002","parsed","https://textage.cc/score/24/modulart.html?DAB00","0.4333261057428393","0.03609240648821634","0.08426080016392637","0.13797113071371248","0.156049590390626","2255.029666635131","0.35525260625501204","72.1","11.8","true"
"Monkey Business","ANOTHER","11","11.6","78.9","5.458984375","正規","11.353135313531354","12","0.06787839147286781","0.06226986434108527","0.0013255813953488376","0.0038372093023255824","0.765625","parsed","https://textage.cc/score/31/monkeybs.html?DAB00","0.4524855844643972","0.029178401788122015","0.07908731380185541","0.16931438127090195","0.14821839962376596","2170.5398770051115","0.2633779264214047","67.6","11","false"
"Monkey Dance","ANOTHER","9","10","37.2","4.466796875","正規","8.938707729468598","13","0.07198868434386073","0.059094747508866834","0.0023428474919777757","0","0.8046874999999998","parsed","https://textage.cc/score/8/monkey.html?DA900","0.3960983819391499","0.02763935754173269","0.07668668991909643","0.15841346153845937","0.12199878899032798","976.4818768856778","0.4375","38.1","10","false"
"Monkey Dance '09","ANOTHER","11","11.4","78.9","5.458984375","左MIRROR","10.806156405990018","13","0.06770331305976786","0.03351553878923183","0","0","0.7604166666666665","parsed","https://textage.cc/score/16/monkey09.html?DAB00","0.3642501299161529","0.028428021467408988","0.07842763506034262","0.19904513888888775","0.14733361943702425","1300.3105671991798","0.46875","67.6","11","false"
"Monopole.","ANOTHER","11","11.4","70.6","5.2109375","正規","11.897522816166884","12","0.08303723672386883","0.07301232457389988","0.02132304702624872","0","0.7916666666666669","parsed","https://textage.cc/score/22/monopole.html?DAB00","0.38146997602320554","0.035077510846569016","0.09263742944397792","0.1574638844301778","0.14809597235112898","2901.0984813859113","0.40770465489566615","58.5","10.8","false"
"MOON","HYPER","10","10.2","37.2","4.466796875","正規","8.977924217462933","11","0.06549618320610667","0.07712492660011745","0","0","0.8619791666666667","parsed","https://textage.cc/score/13/moon.html?DHA00","0.32900682813667864","0.022317110021107815","0.0638304655108209","0.16058700209643526","0.12342831500891845","1406.4155419333367","0.44339622641509435","27.9","10","false"
"MOON RACE","HYPER","10","10.7","1.2","2.978515625","右MIRROR","5.390112669579214","10","0.0701933883921463","0.035492457852706306","0","0","0.84375","parsed","https://textage.cc/score/12/moonrace.html?DHA00","0.4063575387739647","0.02970037365578977","0.08339257349543203","0.055201342281879576","0.08378643708036687","689.0248525262932","0.4513422818791946","0.5","7.5","false"
"moon_child","HYPER","11","11","50","4.71484375","FLIP + 左MIRROR + 右MIRROR","9.111586649738678","12","0.07164436560164796","0.07161582459485225","0.00622497616777883","0","0.5703125","parsed","https://textage.cc/score/9/m_child.html?DHB00","0.3561009629872504","0.032610052423407004","0.08004995051457668","0.1495145631067957","0.12906046065216967","1266.2910789776945","0.5495145631067961","33","10.3","false"
"mosaic","ANOTHER","11","11.4","70.6","5.2109375","両RANDOM","13.581136120042872","15","0.09908887871709052","0.03006818612286129","0.03557169013195354","0","0.8359375","parsed","https://textage.cc/score/17/mosaic.html?DAB00","0.44953391225620964","0.03520805482768138","0.09931076307797838","0.2606339468302639","0.17658590873607863","1251.424859620689","0.2934560327198364","96.2","10.8","false"
"MOVE!  (We Keep It Movin')","ANOTHER","10","10.2","25.1","4.21875","正規","9.407394156231366","10","0.06132604809776742","0.06727855884179959","0.015056097159011548","0.00040504050405040505","0.8281250000000001","parsed","https://textage.cc/score/28/movewekp.html?DAA00","0.40740786401132334","0.023379174852652326","0.07052461118665794","0.164145383104124","0.113969168609207","1005.5350571892773","0.39587426326129665","14","9.7","false"
"Moving on","ANOTHER","11","11.4","89","5.8310546875","左MIRROR","12.590492076730609","13","0.06256061208267039","0.04680047694753581","0","0","0.7395833333333335","parsed","https://textage.cc/score/27/movingon.html?DAB00","0.41242511916601365","0.024887725959111325","0.07116334013450169","0.1868731563421823","0.16143964316015125","2146.2734173391764","0.3089970501474926","79.6","11.4","true"
"Mr.T. (take me higher)","ANOTHER","10","10.2","6.2","3.5986328125","右MIRROR","9.033492822966506","10","0.09350776836158169","0.03716454802259887","0.026663841807909597","0","0.7526041666666666","parsed","https://textage.cc/score/4/mr_t.html?DAA00","0.471158747208825","0.04344919293989744","0.09315256793679798","0.1923271500843151","0.11996181794377334","903.2596199517776","0.30016863406408095","27.9","8.8","false"
"Mukade","ANOTHER","11","11.8","93.6","6.0791015625","両RANDOM","13.213675213675213","12","0.06745694534281965","0.05175654915912031","0.004314359637774903","0.004366106080206987","0.953125","parsed","https://textage.cc/score/31/mukade.html?DAB00","0.41502628212853365","0.026622297041789946","0.07267704575944095","0.16430594900849957","0.17927218232311087","2179.8193643655914","0.24858356940509915","86.5","11.6","true"
"murmur twins","HYPER","10","10.2","8.4","3.72265625","左MIRROR","8.347663551401869","12","0.07101321092700408","0.12660471712195873","0.01364382743693054","0","0.5833333333333333","parsed","https://textage.cc/score/8/murmur.html?DHA00","0.4203773850617586","0.03356526610212422","0.07699860643308286","0.10694282380396612","0.10321373322164436","1846.1514655993003","0.4352392065344224","7.9","9","false"
"Music is The Answer","ANOTHER","10","10.2","30.9","4.3427734375","FLIP + 両RANDOM","9.980616740088106","11","0.08259533898305023","0.11598472810734463","0","0","0.8593750000000002","parsed","https://textage.cc/score/24/msanswer.html?DAA00","0.3835002220944908","0.03654626097854562","0.1014132477241497","0.16128364389233865","0.12621110464376056","2312.162155367357","0.453416149068323","27.9","9.8","false"
"MUSIC TO YOUR HEAD","ANOTHER","9","8.5","3.1","3.3505859375","FLIP + 右MIRROR","7.602985074626866","9","0.05005251276011006","0.04375245386729486","0.04367491166077702","0","0.8697916666666666","parsed","https://textage.cc/score/8/musicto.html?DA900","0.3837962575344973","0.01797338080956592","0.05314572477525387","0.14078624078623886","0.10696511433946487","718.1265701100759","0.5405405405405406","2.6","8.3","false"
"Musik LoverZ","ANOTHER","10","10","50","4.71484375","左MIRROR","10.008665511265164","13","0.04129004329004333","0.08614718614718626","0","0","0.8255208333333334","parsed","https://textage.cc/score/23/msloverz.html?DAA00","0.3561857990110316","0.017636308541198215","0.0432270190876226","0.1641323792486582","0.1257404991039658","1861.8115475701313","0.48389982110912344","27.9","10.3","false"
"MVP","ANOTHER","11","11.2","43.9","4.5908203125","FLIP + 右MIRROR","11.44927536231884","13","0.08016613924050606","0.10719936708860803","0.024303797468354527","0","0.7864583333333333","parsed","https://textage.cc/score/32/mvp.html?DAB00","0.4681059835098275","0.028786219951421114","0.08492282988255424","0.18827160493827055","0.1374658466667407","2410.062557061897","0.3065843621399177","79.6","10.1","false"
"My Sweet Bird?","ANOTHER","9","9","15","3.970703125","FLIP + 左MIRROR","9.31826467371491","9","0.07147417840375575","0.10036515388628067","0.01069170579029726","0","0.7005208333333333","parsed","https://textage.cc/score/31/myswbird.html?DA900","0.479674946662999","0.029198004251129926","0.08409284976819169","0.16784582893347294","0.11258801767334521","2874.1685058418475","0.29989440337909185","14","9.3","false"
"n'pa pa BBQ","ANOTHER","11","11.6","86.1","5.70703125","FLIP","12.352430555555557","15","0.09092410400562086","0.028592761770906534","0.009529163738580475","0","0.9010416666666667","parsed","https://textage.cc/score/25/npapabbq.html?DAB00","0.4145886171283213","0.0350283879217332","0.10259789776721681","0.20338409475465333","0.15877616773716735","1366.1834694382342","0.39086294416243655","89.1","11.3","true"
"N.O.","ANOTHER","10","10.2","37.2","4.466796875","FLIP + 左MIRROR + 右MIRROR","9.068398619849807","11","0.051602506714413666","0.03372127723067743","0","0.0008057296329453895","0.7708333333333333","parsed","https://textage.cc/score/29/n_o_.html?DAA00","0.3919134587250682","0.019813609715088196","0.05923908135618243","0.1371388630009304","0.1229245694045346","934.8211355293478","0.45013979496738116","22.9","10","false"
"n/a","HYPER","10","9.3","19.6","4.0947265625","左MIRROR","8.735976456553288","10","0.06568107400130997","0.0981080870500977","0.007340806656650804","0","0.8958333333333335","parsed","https://textage.cc/score/29/n_a.html?DHA00","0.44308541762672843","0.028529127045146846","0.08047716365706759","0.10786578657865585","0.11131923163986425","2239.6151362771193","0.3432343234323432","14","9.5","false"
"NΦ CRIME","ANOTHER","9","9.3","50","4.71484375","FLIP + 左MIRROR","10.37948717948718","11","0.06806818181818176","0.047955780632411064","0.00021739130434782628","0","0.8880208333333334","parsed","https://textage.cc/score/16/no_crime.html?DA900","0.3880001568681724","0.031000605619429158","0.08913233028496077","0.20606217616580316","0.13969369638832924","1224.2835512874287","0.3616580310880829","27.9","10.3","false"
"NΦ CRIME","LEGGENDARIA","11","11.4","75","5.3349609375","左MIRROR","13.179487179487179","13","0.08186721789883239","0.060870622568093384","0.0004357976653696502","0","0.7395833333333334","parsed","https://textage.cc/score/16/no_crime.html?DXB00","0.4652658287618132","0.029999241506782622","0.08579223581474488","0.22203703703703628","0.17127761846746678","1870.7929306644323","0.19537037037037036","86.5","10.9","false"
"NANAIRO","ANOTHER","10","11","60","4.962890625","正規","11.408695652173913","15","0.08201563729346942","0.06768784421715185","0.05374508261211643","0","0.9166666666666669","parsed","https://textage.cc/score/23/nanairo.html?DAA00","0.317594073723216","0.03196568604050091","0.0856055033823362","0.17970106075217043","0.1493882982291557","1890.2056122012114","0.5660559305689489","96.9","10.5","false"
"Narcissus At Oasis","HYPER","10","10.7","82.6","5.5830078125","正規","6.78416149068323","13","0.06961242084382391","0.03955901426718552","0.016498054474707795","0","0.6432291666666666","parsed","https://textage.cc/score/10/narciss.html?DHA00","0.3869196556635287","0.02746073432901102","0.08001750058919614","0.12863247863247748","0.11767558763866434","821.4784655903877","0.5071225071225072","76.1","11.1","true"
"Narcissus At Oasis","ANOTHER","11","11.2","89","5.8310546875","左MIRROR + 右MIRROR","7.303312629399587","14","0.07225761871013477","0.02615166548547132","0.015002126151665062","0","0.7838541666666666","parsed","https://textage.cc/score/10/narciss.html?DAB00","0.40499341510535064","0.026714783063075984","0.07778937478689815","0.14671232876712162","0.12899256740429124","800.6458111343362","0.5123287671232877","86.5","11.4","true"
"Nasty Techniques","ANOTHER","11","11.4","78.9","5.458984375","左MIRROR + 右MIRROR","10.591133004926107","12","0.08152325581395273","0.04005167958656331","0.00009302325581396011","0.002790697674418605","0.7526041666666666","parsed","https://textage.cc/score/27/nastytec.html?DAB00","0.43803216818661944","0.03141068406853835","0.08838726843489648","0.17946817785527316","0.14271799547682273","1517.362212415215","0.26503923278116825","63.1","11","false"
"naughty girl@Queen's Palace","ANOTHER","10","10","95.4","6.203125","正規","7.64904143475572","10","0.04672494643651211","0.40204956138577935","0","0","0.8125","parsed","https://textage.cc/score/16/naughty.html?DAA00","0.3642821008229491","0.023819195251135274","0.05575347957815414","0.08570536828963679","0.06338622619092221","3178.3505418357577","0.48314606741573035","10.6","11.8","true"
"naughty girl@Queen's Palace","LEGGENDARIA","11","11.8","99","6.8232421875","正規","11.442176870748298","11","0.05667144092530515","0.28313155334558465","0","0","0.9453125","parsed","https://textage.cc/score/16/naughty.html?DXB00","0.39449420886205244","0.03470715954589679","0.05721278990787497","0.1539704524469089","0.11920072025610609","3277.4719305316057","0.4090489381348107","58.5","12.4","true"
"NEBULA GRASPER","ANOTHER","11","11.4","55.2","4.8388671875","正規","10.086472602739725","12","0.07057821916645399","0.11864018334606567","0.003184789067142045","0","0.21875","parsed","https://textage.cc/score/11/nebula_g.html?DAB00","0.4029180729168136","0.03839889293116745","0.0795026697837499","0.09380952380952212","0.14488693419417473","1560.3347342250902","0.3952380952380952","49","10.4","false"
"NEEDLESS MY LOVE FOR YOU","ANOTHER","10","10.5","43.9","4.5908203125","左MIRROR","11.323864179818269","11","0.08089622521982216","0.025403113412337048","0.008356040577408788","0","0.8307291666666667","parsed","https://textage.cc/score/31/ndlsmlfy.html?DAA00","0.42109557662678615","0.02923803931501489","0.08832209899483703","0.23137996219281526","0.14583443356424405","1355.659267965232","0.3270321361058601","58.5","10.1","false"
"NEMESIS","HYPER","10","11","65.3","5.0869140625","FLIP + 右MIRROR","8.345208333333334","12","0.06233080360486309","0.13754774446413845","0.008841401003570126","0","0.6432291666666666","parsed","https://textage.cc/score/6/nemesis.html?DHA00","0.3939346630308085","0.04276875680776902","0.07304961792817456","0.16314606741573018","0.14591491605034518","1517.689288145185","0.3752808988764045","58.5","10.6","false"
"Nemophila","ANOTHER","11","11.2","70.6","5.2109375","左MIRROR + 右MIRROR","12.559366754617415","12","0.06372549019607822","0.027931172468987724","0.02140296118447404","0.0003061224489795918","0.7630208333333335","parsed","https://textage.cc/score/33/nemophla.html?DAB00","0.44300455074762735","0.027283013968519648","0.0738922717892319","0.1950437317784264","0.15540314836803598","1579.9222926238301","0.27988338192419826","53.9","10.8","false"
"NEO GENERATOR SEVEN","HYPER","10","10","43.9","4.5908203125","FLIP","9.619756554307116","15","0.0774722841374743","0.05093975997430398","0.025142545673989377","0","0.8151041666666665","parsed","https://textage.cc/score/22/neogene7.html?DHA00","0.3526886959385985","0.027789277079427254","0.08153523523708765","0.18050847457626987","0.13629150836424367","1122.9382794376575","0.5254237288135594","72.1","10.1","false"
"NEO GENERATOR SEVEN","ANOTHER","11","11.8","99","6.8232421875","両RANDOM","12.985393258426967","18","0.06939383778950668","0.09308932537278998","0.01988751406074242","0","0.8255208333333334","parsed","https://textage.cc/score/22/neogene7.html?DAB00","0.3388694307159199","0.02323898755925737","0.06385793816640772","0.1884858044164035","0.17707286569411376","1623.1338524350235","0.501577287066246","98.3","12.4","true"
"Neo Heritage","ANOTHER","11","11.2","82.6","5.5830078125","左MIRROR + 右MIRROR","12.395833333333332","16","0.07791666666666629","0.09488795518207291","0","0","0.8098958333333335","parsed","https://textage.cc/score/28/neoherit.html?DAB00","0.4461899496891899","0.02519524617996613","0.07618773879096201","0.14354838709677326","0.1516763070893061","1794.8357609674424","0.32767402376910015","95.6","11.1","true"
"neogenesis","ANOTHER","9","10","37.2","4.466796875","FLIP + 左MIRROR + 右MIRROR","9.277124183006535","11","0.0630754352030947","0.04750726939680004","0","0","0.6145833333333334","parsed","https://textage.cc/score/16/neogenes.html?DA900","0.4596802200849742","0.020289299315975146","0.06011804107430713","0.1512528473804077","0.12187162187092844","942.0580155814706","0.2972665148063781","27.9","10","false"
"neogenesis","LEGGENDARIA","11","12.1","91.5","5.955078125","FLIP + 両RANDOM","12.471182412358884","15","0.07752746676830702","0.04050693220258231","0.006261565581971539","0","0.7395833333333334","parsed","https://textage.cc/score/16/neogenes.html?DXB00","0.4758666132600895","0.02875572480187142","0.07966781379879832","0.1890331244404648","0.1686779887207952","1389.8078832520698","0.2802148612354521","96.9","11.5","true"
"Neonlights","HYPER","10","10","55.2","4.8388671875","左MIRROR + 右MIRROR","8.877176321620766","10","0.05870359804585811","0.06629105302571053","0.000716043219341707","0","0.7838541666666667","parsed","https://textage.cc/score/20/neonlits.html?DHA00","0.371625897822565","0.02863026915360285","0.08114593431253832","0.15916754478398182","0.13405680135809284","1087.1983156957858","0.4657534246575342","33","10.4","false"
"Neonlights","ANOTHER","11","11.2","75","5.3349609375","FLIP + 両RANDOM","10.194104735026654","11","0.055428650527546294","0.14371404841736127","0","0","0.8645833333333333","parsed","https://textage.cc/score/20/neonlits.html?DAB00","0.39408120591458257","0.024818431807785066","0.06613479359792047","0.14866412213740332","0.13605829653718318","2272.4108447800045","0.3683206106870229","58.5","10.9","false"
"neu","HYPER","10","9.6","6.2","3.5986328125","FLIP + 左MIRROR + 右MIRROR","7.907756563245823","12","0.07244329756892585","0.058835217126674486","0.026714151337265835","0","0.6744791666666665","parsed","https://textage.cc/score/20/neu.html?DHA00","0.3895599922462082","0.030059224761874552","0.08847774103855667","0.1642250530785543","0.11144535595786496","1485.3082166459205","0.40552016985138006","7.9","8.8","false"
"Never Fade Away","ANOTHER","11","11.6","95.4","6.203125","左MIRROR","13.64782717910073","14","0.06819461827284055","0.07542516380770055","0.004493852609880055","0","0.8776041666666669","parsed","https://textage.cc/score/18/nvrfade.html?DAB00","0.40311665759873533","0.028011612782261542","0.0712025368840117","0.2086036671368141","0.1805477881923488","2434.955246193991","0.3314527503526093","91.1","11.8","true"
"New Castle Legions","HYPER","10","9.6","19.6","4.0947265625","左MIRROR","8.446321776588182","11","0.06029892057833229","0.055377302436125896","0.004476133887898543","0","0.6901041666666665","parsed","https://textage.cc/score/18/nwcasl26.html?DHA00","0.41392240641997236","0.02632054331069943","0.07336652974386679","0.13368869936033936","0.10964057986847311","1616.2737309937686","0.39872068230277186","14","9.5","false"
"New Decade  IIDX Edition","ANOTHER","11","11.6","93.6","6.0791015625","FLIP + 左MIRROR + 右MIRROR","13.091397849462366","13","0.07478952772073846","0.10574948665297772","0.015496235455167708","0","0.7682291666666665","parsed","https://textage.cc/score/20/nwdecade.html?DAB00","0.3955269238516978","0.03390569862822696","0.08722174257191133","0.16474793077502004","0.15823369987914954","2539.082160643876","0.3378480060195636","76.1","11.6","true"
"NEW GENERATION -もう、お前しか見えない-","ANOTHER","11","11.8","96.8","6.3271484375","左MIRROR","10.97423887587822","14","0.07614596670934635","0.13505951534120536","0.0034827144686297145","0","0.8333333333333334","parsed","https://textage.cc/score/15/new_gene.html?DAB00","0.3499833704595005","0.03274591578126964","0.08724598525350333","0.11913996627318564","0.1442590893669463","2188.3036510076427","0.47386172006745364","86.5","11.9","true"
"New Lights","ANOTHER","10","10.2","50","4.71484375","FLIP","10.821496212121213","12","0.0742135200175009","0.050043754101947016","0.015130168453292623","0","0.8307291666666667","parsed","https://textage.cc/score/20/newlight.html?DAA00","0.3957935363033447","0.02806714465775806","0.08009833304015072","0.21290773532152676","0.14287826035146867","1466.2124731942395","0.42684063373718545","58.5","10.3","false"
"NEW SENSATION -もう、あなたしか見えない-","ANOTHER","11","11.4","70.6","5.2109375","両RANDOM","13.40144742443593","14","0.08661332592121913","0.01238881829733164","0.011385006353240343","0","0.9505208333333334","parsed","https://textage.cc/score/17/new_sens.html?DAB00","0.3987590254974992","0.02958201981526886","0.08431389934483025","0.20826287471176044","0.1667744101564642","727.4861039972407","0.377401998462721","83","10.8","false"
"NEWALONE","ANOTHER","9","9","8.4","3.72265625","正規","8.550465992464803","10","0.07013450834879405","0.033627087198515745","0","0","0.8359375000000001","parsed","https://textage.cc/score/27/newalone.html?DA900","0.43694459310530037","0.02867827666392325","0.08365450425237876","0.17429577464788573","0.11252719297057504","1268.8585599154446","0.34976525821596244","10.6","9","false"
"Next Level","ANOTHER","10","9.6","30.9","4.3427734375","FLIP + 右MIRROR","10.050381679389313","13","0.06277867233783983","0.08898678414096929","0.01893969314902106","0","0.7916666666666666","parsed","https://textage.cc/score/30/nextlevl.html?DAA00","0.39121500100274165","0.021724707809238263","0.06288638448828739","0.18812807881773297","0.11678812020723159","1652.4914560073669","0.3832512315270936","43.5","9.8","false"
"Next Tales 2 Oath (IIDX 20th Anniv ""Ring"" Theme)","ANOTHER","11","11.4","95.4","6.203125","右MIRROR","12.34235871342904","15","0.07893757361601848","0.12514723203769137","0.01015783274440534","0","0.7994791666666667","parsed","https://textage.cc/score/26/nexttale.html?DAB00","0.41221955112657316","0.03492389158912954","0.09469897437548522","0.11025641025640817","0.16463898330234644","2424.839108508515","0.3094017094017094","96.2","11.8","true"
"Nightmare before oversleep","HYPER","10","10.2","30.9","4.3427734375","FLIP + 左MIRROR","8.412806539509537","12","0.04159055330634277","0.01713900134952768","0.0010537112010794748","0","0.75","parsed","https://textage.cc/score/23/nightbfr.html?DHA00","0.3722145982975791","0.011460315971210819","0.03398448377309996","0.16212121212121353","0.12706486805585543","660.1155123866369","0.41883116883116883","18.4","9.8","false"
"NITROUS CANNON","HYPER","10","9.6","11.3","3.8466796875","左MIRROR + 右MIRROR","8.731666666666667","11","0.07386257480659732","0.10652571775035657","0.014981305368110124","0","0.8255208333333335","parsed","https://textage.cc/score/25/nitrous.html?DHA00","0.38258500914962507","0.028988227960450596","0.08499771845243997","0.05458015267175509","0.11331561995059139","2226.0191332244076","0.44929116684841874","18.4","9.2","false"
"NNRT","HYPER","10","10.5","50","4.71484375","FLIP + 右MIRROR","10.72545871559633","11","0.06770619934563586","0.003941862868792223","0.011468896349678223","0","0.7265625","parsed","https://textage.cc/score/19/nnrt.html?DHA00","0.34252188674427075","0.027628550055294947","0.08082431316719944","0.26058911260253903","0.14969957128510536","680.9635454914859","0.459358687546607","38.1","10.3","false"
"No Border","HYPER","10","10","11.3","3.8466796875","左MIRROR","8.958333333333334","10","0.07125426356589136","0.02232558139534888","0.00883100775193804","0","0.8411458333333334","parsed","https://textage.cc/score/30/noborder.html?DHA00","0.4211914325951376","0.02974502908001402","0.08879865782355442","0.11915983606557203","0.11812435127257499","1025.298289102933","0.45901639344262296","10.6","9.2","false"
"No Day But Today!","ANOTHER","10","10","55.2","4.8388671875","左MIRROR + 右MIRROR","11.582278481012658","14","0.06502125075895553","0.09836065573770515","0.016381299332118997","0","0.7656249999999999","parsed","https://textage.cc/score/29/nodaybut.html?DAA00","0.4683016755787861","0.023322264650476928","0.06608606980312261","0.15145089285714125","0.14117675933617554","2476.9831031410986","0.34933035714285715","72.1","10.4","false"
"NO LIMIT -オレ達に限界は無い-","ANOTHER","10","10.2","37.2","4.466796875","正規","8.828125","14","0.07007866273353001","0.2359882005899708","0.007132087840052502","0","0.8072916666666667","parsed","https://textage.cc/score/23/nolimit.html?DAA00","0.322101188775409","0.026039248192503802","0.07767074204821127","0.14489559164733004","0.09849571068159538","1521.9831276012299","0.6078886310904872","53.9","10","false"
"No Limit 2 dAnce feat. 大山愛未","ANOTHER","11","11.2","89","5.8310546875","左MIRROR","9.859722222222222","11","0.06021834061135373","0.15065502183406118","0.000865474010423957","0","0.8098958333333333","parsed","https://textage.cc/score/25/no2dance.html?DAB00","0.35305710444524624","0.027549126237227935","0.07567117678028663","0.15067178502879205","0.11650781620387289","1659.6189581795254","0.5297504798464492","33","11.4","true"
"No Tears","ANOTHER","10","10.5","25.1","4.21875","FLIP + 左MIRROR","10.193293885601578","11","0.06398630998451967","0.033789667182662506","0.015936532507739774","0","0.5729166666666666","parsed","https://textage.cc/score/22/notears.html?DAA00","0.4436126512147202","0.019918841175709887","0.054368152729114445","0.1937810945273628","0.13611344131763636","1085.7352415182336","0.3383084577114428","43.5","9.7","false"
"No.13","HYPER","10","10.2","37.2","4.466796875","左MIRROR","10.388379204892967","11","0.05819114905308602","0.10622608183691472","0.00852045922873115","0","0.6744791666666665","parsed","https://textage.cc/score/10/no13.html?DHA00","0.36181648589459847","0.03488850888022847","0.07316910429530786","0.11217391304347614","0.12975536878752517","2231.158855116426","0.3791304347826087","22.9","10","false"
"Nocturnal 2097","ANOTHER","11","11.6","86.1","5.70703125","左MIRROR + 右MIRROR","12.621069692058347","14","0.06372928224094196","0.011388346688583002","0.004039449352784076","0.005745967741935485","0.5546875","parsed","https://textage.cc/score/29/noct2097.html?DAB00","0.4659197965432173","0.02169183387773022","0.06466872948173417","0.18897515527950248","0.16880612424696076","1079.95261926381","0.19332298136645962","79.6","11.3","true"
"NOIXIA","HYPER","10","10.2","25.1","4.21875","FLIP","10.35897435897436","12","0.07612923792379199","0.07097584758475858","0.017437743774377564","0","0.7473958333333333","parsed","https://textage.cc/score/32/noixia.html?DHA00","0.4577972308209249","0.029226267755250637","0.07792780772060809","0.10178399228543691","0.11998035396788996","1816.661825128141","0.3799421407907425","53.9","9.7","false"
"NOMAD (feat. らっぷびと)","ANOTHER","10","","","","","","","","","","","","unparsed","https://textage.cc/score/34/nomad.html?DAA00","","","","","","","","","",""
"Non Stop Rock","ANOTHER","10","10.5","82.6","5.5830078125","正規","8.358125","13","0.05007515142451203","0.22756829681696925","0.0021376405194546413","0.007234726688102896","0.7369791666666666","parsed","https://textage.cc/score/29/nstprock.html?DAA00","0.35195032644280677","0.01809596994599762","0.050991097166958585","0.12736289381563398","0.11231770520357197","2098.6291474463596","0.4294049008168028","67.6","11.1","true"
"NoN-Fiction Story!","ANOTHER","9","9.3","25.1","4.21875","両RANDOM","9.676876876876877","11","0.0774993793445878","0.04524577954319762","0.0030188679245283048","0","0.5989583333333334","parsed","https://textage.cc/score/17/nfiction.html?DA900","0.39226821878281243","0.03422993997702438","0.09907862896467776","0.1938461538461529","0.1257708698919977","1401.986896305479","0.4021978021978022","27.9","9.7","false"
"nostos","ANOTHER","11","11.6","70.6","5.2109375","FLIP","10.068121996078279","21","0.06993376159245068","0.004024263595166163","0.024375629405840607","0","0.8203124999999999","parsed","https://textage.cc/score/24/nostos.html?DAB00","0.39372844961949216","0.02434931678590336","0.07116773196171437","0.22531172069825456","0.14548890924782645","645.7950263733633","0.4197838736492103","99.3","10.8","false"
"Nothing but Theory","ANOTHER","11","11.2","78.9","5.458984375","FLIP + 左MIRROR + 右MIRROR","11.60539979231568","13","0.07349006800286263","0.03923586256263421","0.005755189692197558","0","0.7994791666666666","parsed","https://textage.cc/score/25/nbtheory.html?DAB00","0.37104556549348655","0.02791786157890738","0.07955166889809163","0.18460291734197753","0.1510727647120565","1591.4104946799996","0.42301458670988656","67.6","11","false"
"Nowhere","ANOTHER","11","11","70.6","5.2109375","FLIP","10.41409691629956","12","0.04525864152767706","0.047377326565143714","0.008411892675852134","0","0.8098958333333331","parsed","https://textage.cc/score/23/nowhere.html?DAB00","0.3833010199387776","0.01800738881507798","0.04783438951231057","0.1762037037037031","0.14351819663102514","1690.5794485473396","0.40185185185185185","53.9","10.8","false"
"NPC World","ANOTHER","10","10.5","55.2","4.8388671875","右MIRROR","10.34775641025641","12","0.0740510298900414","0.03902741211088736","0.005839657219555006","0","0.6588541666666667","parsed","https://textage.cc/score/21/npcworld.html?DAA00","0.3737657770913524","0.02966072838694701","0.0802864730253173","0.14851439182915485","0.13316078655502883","868.6970883108744","0.42246982358402974","49","10.4","false"
"Nyan Nyan University","ANOTHER","10","10","30.9","4.3427734375","FLIP + 左MIRROR","11.423542354235424","11","0.06682588597842803","0.025050558551617873","0.0011248073959938376","0","0.6223958333333333","parsed","https://textage.cc/score/33/nyanuniv.html?DAA00","0.4736340923085606","0.026414706277075945","0.07952392034424663","0.1866159355416286","0.14506850022591114","1316.0130545981908","0.26320501342882724","38.1","9.8","false"
"NZM","HYPER","10","10.5","37.2","4.466796875","FLIP + 右MIRROR","9.227086183310533","10","0.06844922164566344","0.03298739807264653","0.007086730911786415","0.0063380281690140865","0.84375","parsed","https://textage.cc/score/23/nzm.html?DHA00","0.41870408709148943","0.02772700395958432","0.08178347434216786","0.1351992409867159","0.11869718252304372","1217.0023199395018","0.3064516129032258","18.4","10","false"
"O/D*20","HYPER","10","10.5","43.9","4.5908203125","両RANDOM","9.086516203703704","11","0.05836130306021709","0.020427984587459785","0","0","0.7421875000000001","parsed","https://textage.cc/score/25/o_d_20.html?DHA00","0.40036327371623515","0.020058915452921502","0.060119366402313516","0.18910323253388767","0.1307358939315525","680.7578198962244","0.32533889468196037","27.9","10.1","false"
"O/D*20","ANOTHER","11","11.6","82.6","5.5830078125","FLIP + 右MIRROR","11.17650462962963","15","0.07845285558949877","0.029397297157355173","0.0035913633303992277","0","0.6380208333333334","parsed","https://textage.cc/score/25/o_d_20.html?DAB00","0.4309051036263796","0.02486508223903296","0.07334254573246395","0.19552529182879172","0.15754868396562446","767.4414771476353","0.2782101167315175","89.1","11.1","true"
"Ocean Blue feat. Luschel","ANOTHER","10","10.5","37.2","4.466796875","両RANDOM","10.513876716330705","11","0.07734168773791954","0.07427269443441047","0","0","0.9140625","parsed","https://textage.cc/score/28/ocanblue.html?DAA00","0.4954170030502087","0.03375808513406228","0.09332212262782685","0.16036168132942263","0.13246186481724495","2547.44196722307","0.2561094819159335","38.1","10","false"
"Odin","ANOTHER","10","10.5","37.2","4.466796875","FLIP + 右MIRROR","8.982392465551557","14","0.056605560553105914","0.09305555555555553","0.007793372319688595","0","0.9322916666666666","parsed","https://textage.cc/score/21/odin.html?DAA00","0.3463635318924925","0.02059628543499517","0.06188588826062618","0.21608015640273445","0.12370768102707372","1083.5332894309606","0.43304007820136853","53.9","10","false"
"of the first magnitude","ANOTHER","11","11.4","75","5.3349609375","FLIP + 右MIRROR","12.600885416666667","15","0.0732700661742515","0.02173706378106699","0","0.014308890330953913","0.7604166666666669","parsed","https://textage.cc/score/28/of_magni.html?DAB00","0.4390528906645167","0.02640069856214568","0.07752799277250333","0.1819508448540707","0.15715568249042222","1072.0942747410297","0.3141321044546851","83","10.9","false"
"OMEGA","HYPER","10","10.2","55.2","4.8388671875","FLIP + 右MIRROR","9.826219512195122","12","0.06500465404902245","0.07043127520943225","0.012929982418037066","0","0.8177083333333333","parsed","https://textage.cc/score/33/omega.html?DHA00","0.42090132269079933","0.03479241104017154","0.08575451664403097","0.14044943820224554","0.13348763845294756","1846.0738261665792","0.42228464419475653","49","10.4","false"
"On the FM","ANOTHER","11","11.4","78.9","5.458984375","FLIP + 左MIRROR + 右MIRROR","12.427860696517413","15","0.06833466773418728","0.14831865492393956","0.0033306645316253445","0.0003602882305844676","0.9166666666666666","parsed","https://textage.cc/score/23/onthefm.html?DAB00","0.3971538557395084","0.024995062991656495","0.06381090904420567","0.18382066276803052","0.1464291718926903","2562.6695589277856","0.4346978557504873","91.1","11","false"
"ONE AND ONLY","HYPER","10","10","11.3","3.8466796875","正規","8.223398328690807","10","0.05612729489871969","0.13575186866291825","0.004422464602668912","0","0.7994791666666666","parsed","https://textage.cc/score/30/one_only.html?DHA00","0.4142084040917463","0.030313823674570445","0.08000867190394018","0.10220883534136382","0.10250668418664285","2391.0601496250806","0.4307228915662651","3.8","9.2","false"
"One More Lovely","HYPER","10","10","8.4","3.72265625","FLIP","8.168680407486377","11","0.05428074245939671","0.09135730858468682","0.018932714617169305","0","0.671875","parsed","https://textage.cc/score/10/onemore.html?DHA00","0.329583071960967","0.024399254642479187","0.05962806433764078","0.16003811944091273","0.1170091706749985","1254.5598920306197","0.49428208386277","14","9","false"
"one or eight","ANOTHER","10","10.7","65.3","5.0869140625","左MIRROR","12.023060796645701","13","0.060611159546643215","0.1600261551874454","0.035145597210113275","0","0.6328125","parsed","https://textage.cc/score/9/oneeight.html?DAA00","0.3977422897559861","0.033312733702366405","0.06474575213952738","0.17737154150197504","0.14148832723010857","2143.4029525341357","0.36462450592885376","58.5","10.6","false"
"ONIGOROSHI","HYPER","10","10","25.1","4.21875","FLIP + 左MIRROR","9.534883720930232","12","0.07369467028003594","0.10060975609756133","0.04711833785004513","0","0.7942708333333333","parsed","https://textage.cc/score/26/onigoros.html?DHA00","0.4259718026440254","0.03729410422348356","0.10408244152933015","0.11502946954813155","0.11718053879451447","2266.3950802565346","0.3948919449901768","38.1","9.7","false"
"Only for now","ANOTHER","10","9.6","15","3.970703125","FLIP + 両RANDOM","9.60817717206133","11","0.08977836879432556","0.0328014184397164","0","0","0.9088541666666666","parsed","https://textage.cc/score/25/only4now.html?DAA00","0.43196757338294306","0.039368774659654555","0.11557617251977795","0.20146443514644272","0.1277182287583267","1257.5521664979924","0.3117154811715481","33","9.3","false"
"Onyx","ANOTHER","11","11.2","50","4.71484375","FLIP + 左MIRROR + 右MIRROR","11.843782837127844","13","0.08485605074821034","0.023096942094990126","0.019570592062459376","0","0.9505208333333334","parsed","https://textage.cc/score/29/onyx.html?DAB00","0.4293968718891809","0.02917436967809614","0.08774455091059905","0.2237983034872757","0.14992417013916587","1109.0507537648757","0.3016022620169651","72.1","10.3","false"
"OOO","ANOTHER","10","10","15","3.970703125","左MIRROR + 右MIRROR","9.460194174757282","10","0.05866858237547891","0.011357416529830347","0","0","0.78125","parsed","https://textage.cc/score/24/ooo.html?DAA00","0.427094716780898","0.021590909090909157","0.06563051625969044","0.2136363636363627","0.12707428645861796","762.8307635518728","0.3852813852813853","14","9.3","false"
"OOO","LEGGENDARIA","11","11.4","78.9","5.458984375","FLIP","13.864077669902914","12","0.08295518207282862","0.08720821661998122","0","0","0.8619791666666669","parsed","https://textage.cc/score/24/ooo.html?DXB00","0.5077571317903375","0.03070945497338105","0.0907664372900482","0.2307017543859649","0.17186744988032285","2602.3996277774713","0.17543859649122806","86.5","11","false"
"op.31 叙情","HYPER","11","10.7","4.4","3.474609375","FLIP + 左MIRROR","6.593990461285423","11","0.062356587146335005","0.05730097468851804","0.002117552903514225","0","0.671875","parsed","https://textage.cc/score/14/op31jojo.html?DHB00","0.4565719979961006","0.023245713507155225","0.06600793968336728","0.11717325227963435","0.09976845841856645","1220.2500389767238","0.3465045592705167","3.8","8.5","false"
"ORCA","HYPER","10","10.2","43.9","4.5908203125","正規","10.778434684684685","12","0.07270092725610512","0.06586130338252594","0.0003949327412825104","0","0.8463541666666667","parsed","https://textage.cc/score/27/orca.html?DHA00","0.4856184967533209","0.030919387925865502","0.09152563373823258","0.12383612662942131","0.13905462609807162","2021.15152397163","0.29329608938547486","49","10.1","false"
"OTENAMI Hurricane","HYPER","10","10.2","37.2","4.466796875","両RANDOM","9.806561996779388","11","0.06370881996756893","0.09350561382622806","0.027793673925983968","0","0.875","parsed","https://textage.cc/score/24/otenamih.html?DHA00","0.39099771268708855","0.027682302341687726","0.08069410583178799","0.1697718631178697","0.12360152735600789","2295.4304180348363","0.3773764258555133","22.9","10","false"
"Out of Control","HYPER","10","10.2","43.9","4.5908203125","左MIRROR","10.150891632373114","11","0.06400394144144114","0.045765765765765805","0.011861261261261115","0.004875000000000001","0.9739583333333334","parsed","https://textage.cc/score/31/outcntrl.html?DHA00","0.46577167420389426","0.032239291182745655","0.08515075120897567","0.14229406554472915","0.12983419620092507","2004.404049983101","0.2754650132860939","27.9","10.1","false"
"out of disk space","ANOTHER","11","10.7","65.3","5.0869140625","右MIRROR","11.975506756756756","14","0.0840289661137109","0.08172389857498671","0.02040096361928853","0","0.7890625","parsed","https://textage.cc/score/31/out_disk.html?DAB00","0.3972764973577544","0.033400093050744296","0.09568132719231658","0.20530516431924792","0.1450112870328857","1750.5206326102145","0.339906103286385","91.1","10.6","false"
"Outbreak","ANOTHER","11","11.4","65.3","5.0869140625","FLIP","13.1015625","14","0.09082811568276641","0.04723216060425366","0.012705227588948442","0","0.7187500000000001","parsed","https://textage.cc/score/23/outbreak.html?DAB00","0.42378104014417506","0.03498170413880432","0.09695815936732873","0.2440920938314517","0.1704343859184257","1892.3662839136628","0.30668983492615115","89.1","10.6","false"
"OUTER PLANETS","ANOTHER","10","10.2","30.9","4.3427734375","左MIRROR","9.813333333333333","11","0.06741330227743267","0.04813664596273288","0.0048033126293995565","0.004483695652173914","0.7604166666666666","parsed","https://textage.cc/score/27/oplanets.html?DAA00","0.48640221432151115","0.025575553837227923","0.07182653482058304","0.13779011099898883","0.12326104961284509","1852.4102422649662","0.19677093844601412","33","9.8","false"
"outer wall","ANOTHER","10","10.5","19.6","4.0947265625","FLIP + 左MIRROR + 右MIRROR","9.199041752224502","12","0.06633774312117748","0.20384603937558585","0.05070551645113765","0","0.8333333333333335","parsed","https://textage.cc/score/5/outwall.html?DAA00","0.3924781717531769","0.04373791318748276","0.08765036907500218","0.16262254901960574","0.10963081653483968","2390.9144582515187","0.4485294117647059","18.4","9.5","false"
"OVER TIME","ANOTHER","9","9","2.2","3.2265625","右MIRROR","7.967055496641924","10","0.05269339982607779","0.01579498464869485","0","0","0.8359375000000001","parsed","https://textage.cc/score/26/overtime.html?DA900","0.3643094653332764","0.019804432855280364","0.060263872709606994","0.22588005215123738","0.11310788879824868","535.1057203758799","0.4654498044328553","5.4","8","false"
"OVER TIME","LEGGENDARIA","10","10.2","8.4","3.72265625","右MIRROR","9.776458112407212","10","0.06492747020710403","0.018107138724979936","0","0","0.6848958333333333","parsed","https://textage.cc/score/26/overtime.html?DXA00","0.4066092159588992","0.02149383712543326","0.06305230419340653","0.25126874279123274","0.13526073829383264","676.25051222703","0.36101499423298733","27.9","9","false"
"OVER VOLTAGE","ANOTHER","11","11","86.1","5.70703125","FLIP + 左MIRROR + 右MIRROR","11.028657616892911","16","0.07005698395331851","0.17663885849744715","0.006947483588621396","0","0.7109375","parsed","https://textage.cc/score/30/overvolt.html?DAB00","0.3802054785011005","0.030245915831189078","0.08334510364079463","0.13263327948303652","0.1219298990611532","2531.805676106144","0.49596122778675283","79.6","11.3","true"
"Overload Frontier","ANOTHER","11","11","60","4.962890625","FLIP + 両RANDOM","10.423223652837388","14","0.05682603225437477","0.19752945213313486","0.02072515154981152","0","0.8046875000000001","parsed","https://textage.cc/score/21/overload.html?DAB00","0.3945127621561193","0.02583497971054462","0.0685271738165241","0.10881310894596807","0.11817358528877668","2856.9287213562584","0.48272807794508416","58.5","10.5","false"
"Override","ANOTHER","11","11.4","78.9","5.458984375","左MIRROR","12.395833333333334","14","0.07754572417202107","0.06831438457736036","0.008019772614928259","0","0.8125","parsed","https://textage.cc/score/27/override.html?DAB00","0.4401089908684308","0.03483590579839257","0.09180943354205977","0.14763406940063145","0.15789092452768363","2233.4776737762613","0.3217665615141956","67.6","11","false"
"Overslept","ANOTHER","11","11.6","78.9","5.458984375","両RANDOM","11.590104166666666","13","0.07051341392171791","0.040556329483665096","0.008103177099716505","0","0.8567708333333331","parsed","https://textage.cc/score/28/ovrslept.html?DAB00","0.42212168508358644","0.028691710704528826","0.08272952416618774","0.16929515418502167","0.15442978296767168","1167.8142194743334","0.360352422907489","76.1","11","false"
"P.O.W.E.R.","ANOTHER","10","10.2","37.2","4.466796875","左MIRROR + 右MIRROR","10.545257452574527","11","0.07625925164473651","0.04674650493421053","0.006167763157894734","0","0.8411458333333334","parsed","https://textage.cc/score/29/power_.html?DAA00","0.40733695081092963","0.03478515335695875","0.09447071012133178","0.16621621621621513","0.13695713185985006","1553.9732390912156","0.4555984555984556","43.5","10","false"
"Painful Fate","HYPER","10","10.2","19.6","4.0947265625","両RANDOM","9.266666666666667","11","0.07054237859712213","0.0044964028776978415","0.004268210431654676","0.0048561151079136704","0.9114583333333334","parsed","https://textage.cc/score/26/painfate.html?DHA00","0.4898819138538449","0.02615824594852249","0.07902078442920382","0.1423736892278346","0.12235325150699045","610.9001981067527","0.2888465204957102","10.6","9.5","false"
"PALETTE","ANOTHER","10","9.3","4.4","3.474609375","左MIRROR + 右MIRROR","7.926892950391644","10","0.07263735177865553","0.01717171717171717","0.008931049626702008","0","0.6901041666666667","parsed","https://textage.cc/score/33/palette.html?DAA00","0.45900385748936073","0.022999991758619217","0.06774024969966509","0.19420024420024246","0.10911361079497454","641.3928854935814","0.4139194139194139","14","8.5","false"
"pandora","ANOTHER","11","11.4","60","4.962890625","FLIP + 左MIRROR + 右MIRROR","9.161904761904763","11","0.06866761954261934","0.03647349272349277","0","0","0.7942708333333333","parsed","https://textage.cc/score/10/pandora.html?DAB00","0.4592847214406928","0.026511470009310624","0.07187749272414316","0.14582463465553053","0.13756869124957546","1105.2554065858353","0.2974947807933194","49","10.5","false"
"PAPAYAPA BASS","ANOTHER","11","10.7","50","4.71484375","両RANDOM","11.417964071856288","12","0.07451466930384427","0.037467409871437575","0.0025832359375468385","0","0.8567708333333334","parsed","https://textage.cc/score/24/ppypbass.html?DAB00","0.44090361239971454","0.029126695447167908","0.0836509806727373","0.17547254725472497","0.1485187823844253","1733.3928387498254","0.3627362736273627","58.5","10.3","false"
"Papilio ulysses","HYPER","10","10","99.2","6.947265625","正規","9.162857142857144","12","0.06274555659494861","0.20813844714686622","0.010302463361396876","0","0.7395833333333333","parsed","https://textage.cc/score/25/papilio.html?DHA00","0.4196315463955166","0.024985597184713697","0.07446397148623193","0.05379876796714498","0.11080061133053698","2102.367049131615","0.446611909650924","53.9","12.5","true"
"Para siempre","ANOTHER","11","11","78.9","5.458984375","左MIRROR","11.363265306122448","14","0.05574592911877379","0.11224856321839087","0.04481800766283558","0","0.7083333333333334","parsed","https://textage.cc/score/28/psiempre.html?DAB00","0.39172825928173144","0.0188676102944578","0.046665589306278066","0.12281303602058162","0.13798210846760944","1915.8431102979384","0.46569468267581476","94.9","11","false"
"PARADISE LOST","HYPER","10","9.3","25.1","4.21875","正規","8.90499194847021","11","0.06705244122965603","0.1393535262206157","0.026039783001807877","0","0.9166666666666664","parsed","https://textage.cc/score/18/paralost.html?DHA00","0.3460933470165235","0.02523478957091035","0.07103249700377644","0.10525812619502657","0.10823737092572537","2756.958274768646","0.44550669216061184","22.9","9.7","false"
"PARANOIA MAX ～DIRTY MIX～","ANOTHER","9","9.3","2.2","3.2265625","右MIRROR","6.268597387847813","9","0.06612872542802793","0.2147386538635749","0.03678594075550349","0","0.7447916666666666","parsed","https://textage.cc/score/s/paramax.html?DA900","0.4118462593123583","0.0387991329377991","0.09170150516881743","0.1303636363636357","0.08540154491054336","1384.0736903445518","0.3927272727272727","1.7","8","false"
"PARANOIA survivor MAX","ANOTHER","10","10.7","60","4.962890625","FLIP + 左MIRROR + 右MIRROR","11.958779914463532","12","0.06642450772780437","0.08402604380669403","0","0","0.8359375","parsed","https://textage.cc/score/9/parasv31.html?DAA00","0.504133337241642","0.04108001658678424","0.07566855036129874","0.12847533632286773","0.14716553793207401","2057.433556885677","0.27802690582959644","58.5","10.5","false"
"PARANOiA ～HADES～","HYPER","11","11.6","43.9","4.5908203125","FLIP + 右MIRROR","10.174897119341566","12","0.05900910010111233","0.02460397708122683","0.0014560161779576248","0","0.7916666666666666","parsed","https://textage.cc/score/15/pr_hades.html?DHB00","0.40996800527891936","0.020105074961464294","0.05775011038658599","0.16494382022471793","0.14060350485686376","717.1532997386637","0.42134831460674155","38.1","10.1","false"
"passionate fate","ANOTHER","11","11.4","37.2","4.466796875","FLIP + 右MIRROR","12.181502525252526","13","0.10272053069368474","0.016192894716384607","0","0","0.7916666666666666","parsed","https://textage.cc/score/18/passfate.html?DAB00","0.5114249684134098","0.034626937774733295","0.1041899159643288","0.2266884531590397","0.16244285481358195","772.8903751936704","0.19281045751633988","76.1","10","false"
"Peaktime Booster","HYPER","10","9.3","25.1","4.21875","両RANDOM","7.747159090909091","9","0.04542537587092055","0.32059039237257053","0.011705170517051776","0","0.7786458333333335","parsed","https://textage.cc/score/30/peaktime.html?DHA00","0.376341487186416","0.02739341228300879","0.06937932856192129","0.09161979752530769","0.07353416603829836","2704.3432594159735","0.48931383577052867","3.8","9.7","false"
"PENDUAL TALISMAN","ANOTHER","10","10.5","55.2","4.8388671875","左MIRROR + 右MIRROR","11.472602739726028","13","0.07772667910447695","0.02094216417910452","0.0044328358208955065","0","0.5963541666666666","parsed","https://textage.cc/score/22/pendualt.html?DAA00","0.3936804647984246","0.029395489975318212","0.08723618622419398","0.23418277680140656","0.15147512152288137","885.695376861755","0.37170474516695956","67.6","10.4","false"
"perditus†paradisus","HYPER","11","11.8","86.1","5.70703125","正規","10.798314606741574","17","0.07310025492950331","0.041627646844597126","0.023013717635225448","0.0020134228187919465","0.71875","parsed","https://textage.cc/score/18/perditus.html?DHB00","0.4232595462707966","0.03442190061875323","0.08116441734382127","0.07936689549961698","0.1525834942886863","1797.2642793282191","0.4111365369946606","83","11.3","true"
"PERFECT GREAT!!","HYPER","10","10.2","43.9","4.5908203125","正規","10.847145488029467","10","0.06777652801358203","0.03972835314091671","0.013877758913412593","0","0.6848958333333334","parsed","https://textage.cc/score/33/pergreat.html?DHA00","0.48158823335861056","0.029701924401427833","0.0825081041699704","0.15957923008057365","0.13691285131636","1670.463160134564","0.2900626678603402","27.9","10.1","false"
"PERFECT HUMAN","ANOTHER","10","10","25.1","4.21875","FLIP + 左MIRROR","9.31304347826087","13","0.06292250233426706","0.17693744164332417","0","0","0.7760416666666667","parsed","https://textage.cc/score/32/perhuman.html?DAA00","0.4010479782397659","0.028216873435626212","0.08023199911174551","0.14133192389006152","0.10605858880516437","2882.966113051393","0.40169133192389006","43.5","9.7","false"
"Perfect Plan","ANOTHER","11","11.2","70.6","5.2109375","両RANDOM","10.25943396226415","13","0.08011302681992295","0.042145593869731976","0.0022988505747126263","0.009999999999999995","0.796875","parsed","https://textage.cc/score/30/perfplan.html?DAB00","0.4932060537562678","0.028472609830628205","0.08094393889414304","0.14302528334786394","0.13409397627428712","1694.6513467190612","0.24934612031386225","67.6","10.8","false"
"Persephone","HYPER","10","10","25.1","4.21875","左MIRROR","9.64106753812636","10","0.06444918366194","0.05270888650358732","0","0","0.6744791666666667","parsed","https://textage.cc/score/25/prsphone.html?DHA00","0.4212596199895202","0.030126310812116246","0.08520309576344617","0.19412878787878685","0.12471539000789536","1805.178541864163","0.42329545454545453","18.4","9.7","false"
"Pharaoh","ANOTHER","9","9.3","8.4","3.72265625","右MIRROR","8.2279792746114","12","0.038581024349286265","0.1353904282115871","0.0009403862300587265","0","0.8593749999999999","parsed","https://textage.cc/score/21/pharaoh.html?DA900","0.5234770004273541","0.020748243386015053","0.04286655724883328","0.10175808720112432","0.10035355365137227","2337.8339304432943","0.25738396624472576","14","9","false"
"PHASE SHIFT MANEUVER","ANOTHER","11","11","70.6","5.2109375","右MIRROR","11.991093951093951","11","0.07178680444946196","0.03564206811576161","0.0015324973060229625","0","0.7552083333333333","parsed","https://textage.cc/score/27/phasesft.html?DAB00","0.40090032315745106","0.030543130978437232","0.08529281789903767","0.19690402476780156","0.15947335327968926","1354.1417463828434","0.34829721362229105","58.5","10.8","false"
"Phoenix","ANOTHER","11","11","70.6","5.2109375","FLIP + 両RANDOM","12.182500000000001","12","0.06282509063547383","0.0283449620357069","0.007882892126684374","0","0.9062500000000001","parsed","https://textage.cc/score/19/phoenix.html?DAB00","0.44755099324092895","0.02752266774438404","0.07516462879343445","0.180400628436762","0.15883440618488842","1199.8523519355779","0.27651217596229377","49","10.8","false"
"PHOTONGENIC","ANOTHER","11","11.6","70.6","5.2109375","正規","13.595614035087719","13","0.08053906703658233","0.04357135944254484","0.04561068456029455","0","0.6302083333333334","parsed","https://textage.cc/score/14/photon_g.html?DAB00","0.3737294699465921","0.03274455361703588","0.09293176660812195","0.24381974248927127","0.17909402776621786","783.6536094566634","0.32274678111587984","95.6","10.8","false"
"Piano Samurai","ANOTHER","10","10","43.9","4.5908203125","左MIRROR + 右MIRROR","10.399511002444987","13","0.07786359147975729","0.09209103305590834","0.008046268867259836","0","0.7213541666666667","parsed","https://textage.cc/score/24/pianosam.html?DAA00","0.4724084728373035","0.028988165590475647","0.08092215379183022","0.14611451942740125","0.13063235589035094","2747.6914856135663","0.2689161554192229","63.1","10.1","false"
"PILGRIM","ANOTHER","11","11.2","78.9","5.458984375","左MIRROR + 右MIRROR","11.796875","13","0.06687270051508408","0.040470934510669514","0.0021976943831248943","0","0.7499999999999999","parsed","https://textage.cc/score/31/pilgrim.html?DAB00","0.4720510890807983","0.028308337290647672","0.07788266958151605","0.1716398985629773","0.1564425415728805","1794.2625531589592","0.24936601859678784","67.6","11","false"
"Pink Rose","ANOTHER","8","8","0.4","2.6064453125","右MIRROR","7.411729079125994","10","0.07223376623376629","0.028357943426436483","0","0","0.7499999999999998","parsed","https://textage.cc/score/12/pinkr_ra.html?DA800","0.43755322338318026","0.02730421686746996","0.08311259683836526","0.1903614457831304","0.09316319075467933","728.5931235145491","0.3509036144578313","0.9","6.8","true"
"Pink Rose","LEGGENDARIA","10","10.2","15","3.970703125","FLIP + 右MIRROR","10.33791822205366","13","0.07572625698323998","0.015662865743220847","0","0.014664804469273733","0.9114583333333331","parsed","https://textage.cc/score/12/pinkr_ra.html?DXA00","0.5021282513279103","0.02708624708624717","0.08247983676584432","0.2144522144522129","0.1356435655955238","654.0400726243442","0.24592074592074592","38.1","9.3","false"
"Pinky Happy Crazy","HYPER","10","10","25.1","4.21875","右MIRROR","10.622596673147548","11","0.06504148702513576","0.037928089156430464","0.028806637924021994","0","0.4531249999999999","parsed","https://textage.cc/score/32/pinkycrz.html?DHA00","0.45908253822285466","0.025020594032790923","0.06965627947046696","0.14186046511627867","0.13824036921534616","1638.0600801799608","0.36493738819320215","22.9","9.7","false"
"pique","ANOTHER","11","11.2","75","5.3349609375","FLIP + 右MIRROR","11.809631728045327","14","0.07116528337491153","0.054342176805475546","0.0009230473997312769","0","0.8359374999999999","parsed","https://textage.cc/score/33/pique.html?DAB00","0.48839564901520904","0.03129565436910696","0.08468526947252453","0.1268382352941173","0.14933066232778702","2187.074512825713","0.2529411764705882","76.1","10.9","false"
"PIRATES BLADE","ANOTHER","10","10","15","3.970703125","FLIP + 右MIRROR","9.534804753820033","12","0.07131647673314331","0.02436490978157645","0.0018233618233617162","0","0.7890625","parsed","https://textage.cc/score/29/piratesb.html?DAA00","0.45700191288120917","0.026744908606975287","0.07999367416815133","0.22034178610804703","0.12523714569079064","1315.1230238248108","0.3274531422271224","18.4","9.3","false"
"PISTOL SWORD","ANOTHER","11","","","","","","","","","","","","unparsed","https://textage.cc/score/34/pistolsw.html?DAB00","","","","","","","","","",""
"PIT A PAT","ANOTHER","10","10.2","50","4.71484375","FLIP + 左MIRROR","11.124693176239568","13","0.0673681655708041","0.07195181148228215","0.005440183575305421","0","0.7291666666666666","parsed","https://textage.cc/score/32/pitapat.html?DAA00","0.41758029110845973","0.028981029643713213","0.08269686862772091","0.20362318840579652","0.1380837400450887","2630.9577714410093","0.35208866155157714","53.9","10.3","false"
"Plan 8","HYPER","10","10","60","4.962890625","正規","8.975","11","0.04551724742033254","0.2329715667209756","0.010805697167183418","0","0.7213541666666665","parsed","https://textage.cc/score/20/plan8.html?DHA00","0.30311710260303043","0.019317931814977343","0.043475335363525186","0.1501020408163262","0.10608939272423805","2111.6450959609915","0.5714285714285714","38.1","10.5","false"
"planarian","ANOTHER","11","11.4","75","5.3349609375","正規","13.288063063063063","12","0.07197689791352344","0.03469550331361546","0.0017695215173137361","0","0.6197916666666665","parsed","https://textage.cc/score/20/planaria.html?DAB00","0.44300324214124365","0.028308531507559697","0.08284049417509147","0.20654242664551897","0.17062090920135334","1390.309547997927","0.26804123711340205","76.1","10.9","false"
"PLASMA SOUL NIGHT  feat. Nana Takahashi / 709sec.","HYPER","10","10.2","25.1","4.21875","FLIP + 左MIRROR","10.749030470914127","10","0.06542315225234462","0.1259578050372819","0.020738755454764175","0","0.7369791666666667","parsed","https://textage.cc/score/29/plasmasn.html?DHA00","0.4439762616716378","0.031083958469995347","0.08218196302089904","0.10895522388059516","0.12762606872286106","2662.304234981655","0.357379767827529","22.9","9.7","false"
"Playing With Fire","ANOTHER","11","11.4","82.6","5.5830078125","FLIP + 左MIRROR + 右MIRROR","11.371647509578544","11","0.06025943396226416","0.09984276729559749","0.0014016172506738558","0","0.8020833333333334","parsed","https://textage.cc/score/26/playfire.html?DAB00","0.4137942891716669","0.024816260542126437","0.06376399468536723","0.17382892057026356","0.14740900142863433","1706.965225364711","0.34725050916496947","72.1","11.1","true"
"Plazma","ANOTHER","10","10.2","43.9","4.5908203125","右MIRROR","11.351706036745407","12","0.06648604046242772","0.02897109826589602","0.0018880924855491164","0","0.8333333333333331","parsed","https://textage.cc/score/32/plazma.html?DAA00","0.43221537307754404","0.024387030383784918","0.07160711799470851","0.20290827740492004","0.14901453358969707","890.7878285704177","0.3053691275167785","33","10.1","false"
"Plea Per Phase","ANOTHER","11","11.4","78.9","5.458984375","FLIP + 右MIRROR","11.34046052631579","12","0.07535895576504666","0.043388929175731394","0.0019724437998547366","0","0.7786458333333333","parsed","https://textage.cc/score/32/ppphase.html?DAB00","0.489084330427221","0.02840858031335146","0.08324131417071517","0.17577665827036004","0.14971278323114215","2082.5628755568296","0.23005877413937867","72.1","11","false"
"PLEASE DON'T GO","ANOTHER","10","11","43.9","4.5908203125","両RANDOM","10.310511089681773","19","0.05935231949120825","0.07678638234193791","0.04781144781144799","0","0.734375","parsed","https://textage.cc/score/8/please.html?DAA00","0.31602503268474996","0.02989835639996003","0.0587829853241193","0.2036476868327394","0.12851029034473285","1086.902938847265","0.641459074733096","72.1","10.1","false"
"POINT ZERO","ANOTHER","10","10.7","55.2","4.8388671875","正規","9.627878787878789","13","0.09323335011960197","0.01470372235511355","0.00972092828066654","0","0.7604166666666669","parsed","https://textage.cc/score/20/point_0.html?DAA00","0.5053876277666493","0.037590977152226236","0.10786189001982978","0.11985294117646873","0.13844922907872548","833.8728584580452","0.37745098039215685","53.9","10.4","false"
"POL&#xA4D8;AMAИIA","ANOTHER","11","","91.5","5.955078125","正規","12.794788273615636","15","0.059294806517311206","0.13598947725729804","0.0013102511880515961","0.0003054989816700611","0.5963541666666667","parsed","https://textage.cc/score/28/plkmania.html?DAB00","0.38874230097411394","0.02985153799728159","0.06821616656477197","0.1683512544802874","0.1509061104800193","3005.7122694144014","0.3419354838709677","76.1","11.5","true"
"Pollinosis","ANOTHER","9","9.6","6.2","3.5986328125","FLIP + 右MIRROR","7.258756038647343","12","0.06539162264464858","0.20893473649182664","0.004522274447818192","0","0.2421875","parsed","https://textage.cc/score/12/pollino.html?DA900","0.4022944656124604","0.028162372845244327","0.06914343138951733","0.13987688098495055","0.09884441360091961","1352.353793774179","0.4774281805745554","14","8.8","false"
"POODLE","ANOTHER","11","11.2","60","4.962890625","FLIP + 左MIRROR + 右MIRROR","12.310326377742108","12","0.05863786509040288","0.0313586578581363","0.0031988873435326863","0","0.7526041666666667","parsed","https://textage.cc/score/12/poodle.html?DAB00","0.4151276204206992","0.01953647873792415","0.05688541016114997","0.20855932203389804","0.16110862168665793","1137.0052843423498","0.3059322033898305","67.6","10.5","false"
"PopなEDEN","ANOTHER","11","11","43.9","4.5908203125","FLIP + 左MIRROR + 右MIRROR","10.494623655913978","12","0.07386304195427064","0.030286076358929985","0.0006028904227782652","0","0.8437500000000001","parsed","https://textage.cc/score/32/pop_eden.html?DAB00","0.4232952769040393","0.03228355619482107","0.09452650452655588","0.20670103092783454","0.13553891363918932","1507.6554374024233","0.42361761949390814","43.5","10.1","false"
"POSSESSION","HYPER","10","10.5","19.6","4.0947265625","両RANDOM","11.228770320410625","12","0.08552829593836306","0.009059063209490282","0.005939745201707124","0","0.8776041666666665","parsed","https://textage.cc/score/23/posesion.html?DHA00","0.39800494084230004","0.032606118529639246","0.09813526194949557","0.17454128440366903","0.1507148725034849","477.4019664476966","0.4048165137614679","83","9.5","false"
"Pout","ANOTHER","11","11.2","65.3","5.0869140625","左MIRROR","11.750783699059562","14","0.08604619625627997","0.053410252990085005","0.006381219154328507","0.00272108843537415","0.9557291666666667","parsed","https://textage.cc/score/29/pout.html?DAB00","0.5074429387699387","0.028213516456482266","0.08174123237803557","0.17478551000953238","0.14462641670166948","1756.4761372291996","0.27073403241182076","86.5","10.6","false"
"Power of Love","ANOTHER","10","10.2","15","3.970703125","FLIP + 左MIRROR","8.82596685082873","11","0.06878525473830607","0.022274387063119478","0.0012575204312293318","0","0.8776041666666666","parsed","https://textage.cc/score/13/power_lv.html?DAA00","0.48192974569454444","0.02490228859604346","0.07538623943812435","0.15630252100840214","0.11723922222227945","1007.7814155849135","0.31932773109243695","18.4","9.3","false"
"Pr&auml;ludium","ANOTHER","11","","75","5.3349609375","右MIRROR","11.154616777308387","12","0.06682857946675863","0.019839638157894794","0.007351108033240937","0","0.765625","parsed","https://textage.cc/score/20/praludim.html?DAB00","0.41974997211284","0.026212253550584045","0.07433700559723765","0.15217580504786704","0.15188416016891676","1137.593261547107","0.27763272410791995","53.9","10.9","false"
"Programmed Genom","ANOTHER","11","10.7","60","4.962890625","左MIRROR","9.755067567567568","12","0.06376190476190471","0.07489177489177502","0.004363636363636443","0","0.7005208333333333","parsed","https://textage.cc/score/30/progenom.html?DAB00","0.4259116416590686","0.029350285505061545","0.08202488231592471","0.15465983224603738","0.1324916846667958","2024.5693344369295","0.3634669151910531","43.5","10.5","false"
"Programmed Life","ANOTHER","11","11.6","78.9","5.458984375","FLIP + 右MIRROR","12.380621693121693","11","0.06889526963861176","0.05848179705654531","0.004290712892972372","0","0.8098958333333333","parsed","https://textage.cc/score/18/proglife.html?DAB00","0.45002866482136095","0.023309254212472555","0.0695291664037605","0.19003707136237163","0.17252505584778755","1663.7999247408543","0.19647822057460612","67.6","11","false"
"Programmed Sun","ANOTHER","10","10.2","25.1","4.21875","FLIP + 両RANDOM","9.32876712328767","11","0.06662004405286318","0.09683523005384265","0","0","0.90625","parsed","https://textage.cc/score/17/prog_sun.html?DAA00","0.4921100241562828","0.024189940855236174","0.07114317090399964","0.12329255861365757","0.12468489438889982","2101.9240857197938","0.2793068297655454","27.9","9.7","false"
"Programmed World","HYPER","10","10.7","50","4.71484375","FLIP + 左MIRROR + 右MIRROR","8.106587837837838","11","0.06665239315705042","0.03230814110979123","0.0015636265133046443","0","0.7604166666666666","parsed","https://textage.cc/score/16/prgworld.html?DHA00","0.48473123547790425","0.02608287616921089","0.07647405243051142","0.1670731707317053","0.1330154144982387","1071.8497819130773","0.2694541231126597","49","10.3","false"
"Programmed World","ANOTHER","11","11.8","89","5.8310546875","両RANDOM","10.174155405405406","15","0.06635885175407992","0.017997376766117092","0.0012458700669091196","0","0.9765625000000001","parsed","https://textage.cc/score/16/prgworld.html?DAB00","0.4588309846793482","0.025799014419987033","0.06963899710436582","0.20196850393700633","0.1624094050232588","935.2315155928626","0.27460629921259844","92.7","11.4","true"
"Prohibited Props","ANOTHER","10","10.5","60","4.962890625","FLIP","10.741999999999999","12","0.05745195390885209","0.10879931318397147","0.002495707399822006","0","0.84375","parsed","https://textage.cc/score/29/proprops.html?DAA00","0.3871319424492913","0.024108250091903698","0.07016880087851363","0.17984531392174613","0.13326443384186862","2152.2221818517464","0.39126478616924476","43.5","10.5","false"
"Prohibited Props","LEGGENDARIA","11","11.8","95.4","6.203125","左MIRROR","15.206444444444443","13","0.07542547750222778","0.05007014569846112","0.004407488053310894","0","0.5625","parsed","https://textage.cc/score/29/proprops.html?DXB00","0.4127382872787225","0.026570330777703544","0.07690305988194389","0.2414670658682671","0.19197442455739114","1368.8024488214714","0.3532934131736527","93.8","11.8","true"
"PROMISE FOR LIFE","ANOTHER","8","7.5","0.2","2.3583984375","右MIRROR","6.129107981220657","8","0.08002680965147445","0.03581003446955182","0","0","0.9166666666666666","parsed","https://textage.cc/score/15/pro4life.html?DA800","0.4622990995478478","0.029232000000000077","0.08868248962908637","0.2027999999999978","0.08535770273565194","1031.7028068585084","0.3456","0.3","6.3","true"
"prompt","ANOTHER","11","11.8","65.3","5.0869140625","右MIRROR","12.399249530956848","14","0.08705887100028167","0.008463462857603979","0.04341685833030634","0","0.6328125","parsed","https://textage.cc/score/19/prompt.html?DAB00","0.45590190491869453","0.027920759321499015","0.07900189551395956","0.2085760517799358","0.16991786537985648","832.8370677010495","0.24757281553398058","89.1","10.6","false"
"Proof of the existence","HYPER","10","10.2","30.9","4.3427734375","両RANDOM","8.988505747126437","11","0.06976049658994005","0.06589007885762974","0.004164535379369144","0","0.7890625","parsed","https://textage.cc/score/20/proof_of.html?DHA00","0.47393362058492966","0.027581248432240482","0.07825662702095719","0.12755946225439294","0.12733663863918876","1990.9438760200128","0.27197518097207857","27.9","9.8","false"
"Psychedelic Intelligence","ANOTHER","11","11.2","50","4.71484375","FLIP + 左MIRROR + 右MIRROR","11.222910216718265","12","0.06642758620689598","0.03413793103448287","0.009434482758620698","0","0.8203125","parsed","https://textage.cc/score/31/psychint.html?DAB00","0.4669949873485894","0.02548884552101618","0.07574069582475787","0.16240249609984408","0.14163562545967381","1700.1505677911955","0.28081123244929795","38.1","10.3","false"
"Psycho Sheep Riddim","ANOTHER","9","9.3","6.2","3.5986328125","左MIRROR + 右MIRROR","7.531305903398927","10","0.06654988123515455","0.08773752969121133","0.013111638954869533","0.0010688836104513065","0.9401041666666665","parsed","https://textage.cc/score/26/psysheep.html?DA900","0.43207190508293575","0.028571004892297747","0.08412355377900906","0.14641909814323428","0.09400065191477211","1439.5902578354635","0.40583554376657827","2.6","8.8","false"
"Psycho Sheep Riddim","LEGGENDARIA","11","11.4","37.2","4.466796875","左MIRROR + 右MIRROR","9.752681764004768","13","0.06865872288420406","0.1625802016498624","0.007039413382218217","0.007836846929422549","0.5390625","parsed","https://textage.cc/score/26/psysheep.html?DXB00","0.5037589728812688","0.02680367151470061","0.06991533347721637","0.1353541416566606","0.11094594602733028","2011.3482558078583","0.3169267707082833","53.9","10","false"
"Punch Love &hearts; 仮面","ANOTHER","10","","75","5.3349609375","正規","11.4413352970054","12","0.07942984639148631","0.0604994422037244","0.00919934780743189","0","0.6041666666666667","parsed","https://textage.cc/score/16/punch_lv.html?DAA00","0.38255466299091073","0.03201516037181414","0.08937798346554114","0.21880131362889993","0.14921558503664867","2025.4914700959316","0.4088669950738916","58.5","10.9","false"
"Purple Perplex","HYPER","10","10.2","19.6","4.0947265625","FLIP + 左MIRROR","8.372494071998275","12","0.06405080672845873","0.1352557500858223","0","0","0.7708333333333335","parsed","https://textage.cc/score/29/pperplex.html?DHA00","0.42245584044872836","0.03843244942659734","0.07189647085397541","0.10113230035756776","0.09649919305339467","1740.2714039085713","0.42789034564958284","18.4","9.5","false"
"QQQ","NORMAL","10","","37.2","4.466796875","FLIP + 左MIRROR","9.209356725146199","10","0.05853346456692929","0.165814706629413","0.0022021844043688737","0","0.7395833333333333","parsed","https://textage.cc/score/5/qqq.html?DNA00","0.37781832801972487","0.032482243388242266","0.08037272915799262","0.2000532481363154","0.11735305394225298","2321.686381175632","0.3077742279020234","22.9","10","false"
"Quakes","HYPER","10","10.2","75","5.3349609375","左MIRROR","9.589962121212121","13","0.07694307297323955","0.08025575195023207","0.008914782265231895","0","0.8281249999999999","parsed","https://textage.cc/score/24/quakes.html?DHA00","0.4196366536969181","0.032007766234327904","0.09181913999005195","0.13822314049586573","0.13301266368760759","1629.5762919143012","0.3884297520661157","58.5","10.9","false"
"QUANTUM TELEPORTATION","HYPER","10","11","65.3","5.0869140625","左MIRROR","9.68721174004193","12","0.06824835526315734","0.1322552371883657","0","0","0.7265624999999999","parsed","https://textage.cc/score/19/quantum.html?DHA00","0.4508100267481934","0.047501199779292125","0.0774227127735455","0.10088207985143766","0.13121946819950353","2287.8063796305655","0.3630454967502321","58.5","10.6","false"
"quasar","HYPER","11","11.2","82.6","5.5830078125","正規","8.958949096880133","12","0.06739644428152458","0.034304740957966796","0","0","0.6796874999999999","parsed","https://textage.cc/score/9/quasar.html?DHB00","0.3643387397082298","0.029568765827677253","0.07522934631910518","0.1384538152610439","0.14915274242112356","918.9564274957811","0.41767068273092367","72.1","11.1","true"
"Queen Kaguya","ANOTHER","11","11.4","50","4.71484375","FLIP + 左MIRROR + 右MIRROR","11.0600614679377","14","0.0649208741522226","0.03749058025621707","0.020256217030896775","0.003730218538055765","0.8307291666666667","parsed","https://textage.cc/score/27/q_kaguya.html?DAB00","0.41265541798330374","0.024652671995153985","0.06689783276232787","0.18388704318937046","0.1445735851290291","1110.538424854936","0.33637873754152825","58.5","10.3","false"
"Queen's Tragedy","ANOTHER","9","9.6","8.4","3.72265625","正規","8.588721384701284","9","0.06905788433534406","0.06748946848346164","0","0","0.8151041666666667","parsed","https://textage.cc/score/16/qtragedy.html?DA900","0.4344690115636908","0.0336078647025496","0.08122033974395314","0.09656084656084522","0.11237697367320384","1691.6651931438741","0.273015873015873","7.9","9","false"
"quick master (reform version)","ANOTHER","6","5.9","0","1.490234375","両RANDOM","3.906735751295337","7","0.06349358974358986","0.16451149425287367","0","0","0.828125","parsed","https://textage.cc/score/23/q_master.html?DA600","0.40399183153894586","0.026190476190476198","0.07667587090350984","0.11632653061224522","0.04911061803909452","1079.3926280257706","0.4557823129251701","0","4.5","true"
"Quick Silver","ANOTHER","11","11.6","86.1","5.70703125","正規","13.006560178794452","14","0.07835268622440646","0.03988097163372906","0.011169259630623847","0.009388038942976358","0.7864583333333335","parsed","https://textage.cc/score/19/q_silver.html?DAB00","0.45124989776740065","0.027607126260146313","0.0817108654666703","0.19209621993127096","0.17079761170356872","1189.1511838661866","0.33591065292096217","91.1","11.3","true"
"Quickening","ANOTHER","10","10.7","65.3","5.0869140625","FLIP + 左MIRROR","10.875","12","0.06099616858237519","0.06561302681992331","0.0013793103448274556","0","0.9192708333333334","parsed","https://textage.cc/score/9/quicken.html?DAA00","0.3995911175906817","0.021643501388780226","0.05097988502425755","0.17186098654708315","0.14501198644063026","949.2629175498412","0.3542600896860987","67.6","10.6","false"
"R3","ANOTHER","8","9.3","4.4","3.474609375","左MIRROR + 右MIRROR","5.946969696969696","10","0.07440000000000002","0.25207509218907126","0.03659027824337909","0","0.765625","parsed","https://textage.cc/score/1/r3.html?DA800","0.2968812506796978","0.03374959657328545","0.10010743963674407","0.09414414414414393","0.08724992303776664","774.3916978296255","0.7004504504504504","3.8","8.5","false"
"R5","ANOTHER","11","11.8","15","3.970703125","FLIP + 左MIRROR + 右MIRROR","9.56043956043956","13","0.09086590038314181","0.07931034482758603","0.04827586206896568","0","0.7057291666666666","parsed","https://textage.cc/score/3/r5.html?DAB00","0.3384509302464237","0.02337665606037943","0.05605339549008361","0.14768518518518367","0.12415958997760056","1243.1651828017707","0.4799382716049383","93.8","9.3","false"
"ra'am","HYPER","10","10.7","43.9","4.5908203125","FLIP","10.875757575757575","17","0.078209174497834","0.0749765698219305","0.03743357227893337","0","0.8984374999999999","parsed","https://textage.cc/score/21/raam.html?DHA00","0.3949465194241281","0.02807793973451764","0.07412296635909918","0.11804260985352683","0.14016152140372287","1135.6932845585447","0.49134487350199735","97.3","10.1","false"
"Radical Faith","HYPER","11","11.2","70.6","5.2109375","FLIP + 左MIRROR + 右MIRROR","11.533252720677147","14","0.06830111134409664","0.0702243656951142","0.005213671629272321","0","0.7213541666666665","parsed","https://textage.cc/score/5/radical.html?DHB00","0.4375543780530931","0.03268322110589656","0.07310800359015236","0.2370386266094416","0.15143097194389546","1528.4096642525706","0.19313304721030042","63.1","10.8","false"
"Radical Faith","ANOTHER","10","10.7","55.2","4.8388671875","正規","10.909517601043024","14","0.07419618528610299","0.1495769396242651","0.00933887853147881","0","0.6744791666666666","parsed","https://textage.cc/score/5/radical.html?DAA00","0.3724137465975208","0.030889048755984583","0.06538427587154363","0.19621761658031106","0.14410163431864045","2240.682959423887","0.35751295336787564","72.1","10.4","false"
"rage against usual","HYPER","10","10.2","55.2","4.8388671875","正規","9.09811738648948","11","0.0766814353181748","0.09888504795754419","0","0","0.6953125","parsed","https://textage.cc/score/12/rageagst.html?DHA00","0.3967086831172679","0.041197382911664256","0.10162057811024319","0.11956521739130203","0.12092537288948435","2072.918050663313","0.43194706994328924","33","10.4","false"
"rage against usual","ANOTHER","11","11.4","65.3","5.0869140625","左MIRROR + 右MIRROR","10.225913621262459","11","0.07738888888888831","0.13993935455923767","0","0","0.7005208333333333","parsed","https://textage.cc/score/12/rageagst.html?DAB00","0.4249770501154903","0.04242415739575498","0.09846995459799002","0.13219056099732743","0.1318554762844546","2901.0768362317226","0.352626892252894","49","10.6","false"
"RAGE feat.H14 of LEONAIR","HYPER","10","10","89","5.8310546875","FLIP + 両RANDOM","9.831317829457364","10","0.0631174435963749","0.23694253453605027","0.0019428499337665799","0","0.7421875","parsed","https://textage.cc/score/29/rage_h14.html?DHA00","0.4157176937831561","0.02668182961698865","0.07401406298841481","0.13418848167539052","0.10024549271082343","2783.9697569179357","0.4680628272251309","33","11.4","true"
"RAIN","HYPER","10","10.2","15","3.970703125","左MIRROR","9.68556338028169","12","0.07036608863198449","0.005353182826189661","0.007140000727087788","0","0.9401041666666666","parsed","https://textage.cc/score/24/rain.html?DHA00","0.4236558892129834","0.029739580104834663","0.08950770783332543","0.12881526104417432","0.12529286490955738","338.6599175014156","0.5","10.6","9.3","false"
"Rainbow after snow","ANOTHER","10","10.5","8.4","3.72265625","FLIP","9.806439909297051","12","0.08082934070812782","0.006532335639498334","0.03931517999186065","0","0.7005208333333334","parsed","https://textage.cc/score/20/rbwafter.html?DAA00","0.36245534974721966","0.03023228840048405","0.09055294152983184","0.2054826616682282","0.1315596847969971","511.64718559921545","0.4620431115276476","14","9","false"
"rainbow flyer","HYPER","10","10.2","25.1","4.21875","FLIP + 右MIRROR","7.973842592592593","11","0.05838128138880027","0.056115191453537515","0","0","0.7135416666666666","parsed","https://textage.cc/score/8/rbwflyer.html?DHA00","0.404350199237504","0.028302046945476424","0.0711680883696721","0.137401574803148","0.1291689458657933","1136.2507426838113","0.40607424071991","27.9","9.7","false"
"rainbow flyer","ANOTHER","11","11.8","89","5.8310546875","FLIP + 左MIRROR + 右MIRROR","9.99513888888889","13","0.06521758262118137","0.062298802658699956","0.007900136640496701","0","0.8645833333333334","parsed","https://textage.cc/score/8/rbwflyer.html?DAB00","0.35345296467796455","0.029726362793119597","0.07361836114726172","0.18945386064030087","0.1711690752301885","1131.7197187514753","0.4152542372881356","83","11.4","true"
"rainbow rainbow","ANOTHER","11","11.2","60","4.962890625","FLIP + 左MIRROR + 右MIRROR","12.629969418960245","12","0.07829340193704538","0.053026634382566586","0.02004648910411614","0","0.6432291666666666","parsed","https://textage.cc/score/10/rbwrbw.html?DAB00","0.40131826304152074","0.02397216535547905","0.06789708092146259","0.15413669064747976","0.16422168991994224","1378.631086389351","0.37589928057553956","86.5","10.5","false"
"Rainstorm","ANOTHER","10","10.2","37.2","4.466796875","正規","9.779411764705882","10","0.059240601503759496","0.04949874686716794","0","0","0.8541666666666667","parsed","https://textage.cc/score/27/rainstrm.html?DAA00","0.404296285803166","0.02592436571547202","0.07556929268452861","0.16838649155722227","0.13012164716071362","1738.716695429717","0.3442776735459662","27.9","10","false"
"Raison d'&ecirc;tre ～交差する宿命～","HYPER","10","","25.1","4.21875","右MIRROR","8.367692954027127","10","0.052498610339077344","0.07652548907098894","0.0018788215675376932","0","0.9661458333333334","parsed","https://textage.cc/score/17/raison.html?DHA00","0.4287632623343691","0.021592983554097913","0.05823311727056484","0.1266940451745359","0.120586026422484","1965.1003862646207","0.34496919917864477","14","9.7","false"
"RALLY '25","HYPER","10","10","11.3","3.8466796875","左MIRROR","9.521367521367521","10","0.06029174147217236","0.05750673249551167","0.0005924596050269305","0","0.609375","parsed","https://textage.cc/score/33/rally_25.html?DHA00","0.44207242678557496","0.028536295493662173","0.07689409553417081","0.13986486486486335","0.12121188727088168","1820.6932477793373","0.3716216216216216","5.4","9.2","false"
"Rampage","HYPER","10","10","19.6","4.0947265625","両RANDOM","9.604363207547168","16","0.0795306648658599","0.09208668426545541","0.020774755970286964","0","0.8515625","parsed","https://textage.cc/score/25/rampage.html?DHA00","0.3324827342113172","0.028150030062679226","0.08347205384237222","0.15733272227314277","0.11952350939910851","1988.697879965483","0.532538955087076","98.7","9.5","false"
"Raspberry&hearts;Heart (English version)","ANOTHER","10","","15","3.970703125","両RANDOM","8.736969696969696","14","0.05328593229744719","0.0886861820199778","0.00332963374028857","0","0.9192708333333334","parsed","https://textage.cc/score/11/raspbery.html?DAA00","0.36432707096176287","0.01647587910898022","0.04762366071178102","0.18189655172413696","0.11028660141108453","1317.2580090424788","0.5036945812807881","33","9.3","false"
"Raspberry Potion (feat.あれたん&#9825; & ぎゃるのしん☆)","ANOTHER","11","","43.9","4.5908203125","FLIP + 両RANDOM","10.40880681818182","13","0.07739123611452252","0.07409113239990156","0.006366985998526368","0","0.8723958333333334","parsed","https://textage.cc/score/32/rspotion.html?DAB00","0.4569637494880008","0.04158919602403985","0.09533059236114014","0.1576699029126204","0.13811600201271002","2385.3454445039342","0.3912621359223301","49","10.1","false"
"Raspberry Railgun","HYPER","10","10","8.4","3.72265625","左MIRROR + 右MIRROR","9.619936507936508","12","0.06439728341935408","0.05597172538511299","0.010957139274258149","0","0.7213541666666666","parsed","https://textage.cc/score/25/rrailgun.html?DHA00","0.44337245294386624","0.029451537234678124","0.08472117272086051","0.13367768595041102","0.12038155823935982","1953.3845793759028","0.375","14","9","false"
"Rave Patroller","HYPER","10","10.7","37.2","4.466796875","FLIP + 左MIRROR","10.68063446969697","11","0.06104233625180093","0.06101075030477672","0.010604011969411405","0","0.6458333333333334","parsed","https://textage.cc/score/27/ravepatr.html?DHA00","0.36801390891488683","0.029422290046609886","0.08199270696067001","0.19009942004970887","0.1365406507915367","2165.788101062557","0.4167357083678542","38.1","10","false"
"RAVE SYNDROME","ANOTHER","11","11","70.6","5.2109375","FLIP + 左MIRROR","11.440332326283988","12","0.07055819634250957","0.12581149182456378","0.0036125965537731463","0","0.75","parsed","https://textage.cc/score/32/ravesynd.html?DAB00","0.44188136929661476","0.030727712563443605","0.08497642067113428","0.18398305084745722","0.13941550789913876","2680.6601947175677","0.3050847457627119","76.1","10.8","false"
"Real","ANOTHER","11","10.2","78.9","5.458984375","FLIP + 右MIRROR","9.719466666666667","15","0.10981782265144797","0.04784899034240564","0.0483230904302021","0","0.6302083333333334","parsed","https://textage.cc/score/5/real.html?DAB00","0.43869491258747606","0.041101529137996674","0.1222538288004878","0.17401392111368902","0.15239228136906244","678.4148401305463","0.3839907192575406","96.9","11","false"
"Realize Maze","ANOTHER","11","11.2","60","4.962890625","正規","12.348465266558968","15","0.08332454614039388","0.05791479693516675","0.011144341091356274","0","0.78125","parsed","https://textage.cc/score/22/realmaze.html?DAB00","0.48846603024523666","0.032680816126882783","0.0974182209868997","0.18621103117505983","0.15936621036678644","2435.644969779435","0.26938449240607515","67.6","10.5","false"
"Really Love","HYPER","10","10.2","15","3.970703125","正規","7.2566371681415935","11","0.055319396051103316","0.26916376306620243","0.01226480836236962","0","0.8541666666666666","parsed","https://textage.cc/score/9/really.html?DHA00","0.46922456988056105","0.02632345838042268","0.06165123884473208","0.10480519480519368","0.07900974143718002","3296.5268470484943","0.33896103896103896","5.4","9.3","false"
"Recollection","ANOTHER","8","8.5","11.3","3.8466796875","FLIP","9.05081081081081","15","0.08325653965599557","0.05177974199713344","0.02498248128682881","0","0.8645833333333333","parsed","https://textage.cc/score/21/recollec.html?DA800","0.3880228042621291","0.027572316841493864","0.08165625193303726","0.18211600429645466","0.11456633058943501","1633.9598893888176","0.48442534908700324","58.5","9.2","false"
"REcorrection","ANOTHER","9","9.6","4.4","3.474609375","FLIP + 両RANDOM","7.45339366515837","10","0.07192366844746646","0.058037882467217035","0","0.011619718309859153","0.9505208333333335","parsed","https://textage.cc/score/33/recorrec.html?DA900","0.5594576122769949","0.027273960250448162","0.07675855242382897","0.17241379310344632","0.10677935649429653","1629.4739090876255","0.1882183908045977","3.8","8.5","false"
"Red Determination","ANOTHER","11","11.4","99","6.8232421875","FLIP + 両RANDOM","11.973837209302326","14","0.05658776402039297","0.1394250222545924","0.010219308893744554","0.007538237436270942","0.8671874999999999","parsed","https://textage.cc/score/31/redeterm.html?DAB00","0.40629651426965385","0.0240371835101755","0.0616836037016631","0.15272435897435852","0.14038013637138075","2251.1651498755605","0.3701923076923077","91.1","12.4","true"
"Red Soul","ANOTHER","11","11.2","98.3","6.5751953125","FLIP + 左MIRROR","12.32865168539326","12","0.06783701678438486","0.14319890635680116","0.003019670388091553","0","0.640625","parsed","https://textage.cc/score/30/redsoul.html?DAB00","0.3850001830876797","0.02630548999479004","0.0731654965859039","0.17254066615027272","0.14408341271516514","2244.643906567806","0.36638264910921764","83","12.1","true"
"RED ZONE","ANOTHER","11","11.6","65.3","5.0869140625","FLIP + 左MIRROR + 右MIRROR","11.929577464788732","13","0.08593860684769698","0.05485045257772529","0.007955529319165386","0","0.6302083333333333","parsed","https://textage.cc/score/11/redzone.html?DAB00","0.41571658347689583","0.04038720025880492","0.095718738825274","0.1654716981132072","0.15497353751827736","1263.1874813603479","0.39811320754716983","76.1","10.6","false"
"Red. by Jack Trance","HYPER","10","10.5","86.1","5.70703125","FLIP","9.66506153023007","11","0.06143821966341909","0.45651572187776795","0.0010806023029229417","0","0.7187499999999999","parsed","https://textage.cc/score/26/red_jack.html?DHA00","0.2859318981074795","0.02804386640278318","0.07391156746307917","0.09836400817995739","0.07476108262440584","3852.4350506674136","0.6278118609406953","43.5","11.3","true"
"Reflection Into the EDEN","ANOTHER","10","10.7","55.2","4.8388671875","正規","9.800694444444444","14","0.06452703181463873","0.03890030468362502","0.009602494154325772","0","0.71875","parsed","https://textage.cc/score/20/ref_eden.html?DAA00","0.49284601911415554","0.0194984106749756","0.05317549585932226","0.17752203721841323","0.14392456641641835","1173.4622534781256","0.30166503428011754","67.6","10.4","false"
"refractive index","ANOTHER","11","11.2","89","5.8310546875","FLIP + 右MIRROR","12.621488560671878","14","0.07312569409389148","0.039057409022073275","0","0","0.7890625","parsed","https://textage.cc/score/21/refindex.html?DAB00","0.4078972085222889","0.026500810243084802","0.07776289938353785","0.18063271604938316","0.16045579377861166","1386.839672502939","0.30864197530864196","67.6","11.4","true"
"refrain","HYPER","10","10","15","3.970703125","正規","10.00300925925926","11","0.05971941313956451","0.004252192627218639","0.009209265730220363","0","0.8385416666666665","parsed","https://textage.cc/score/23/refrain.html?DHA00","0.4274610445626732","0.02354509314325699","0.06957048265990966","0.1342465753424643","0.13024948100824396","459.58660790741357","0.3698630136986301","10.6","9.3","false"
"Re:GENERATION","ANOTHER","11","11.4","82.6","5.5830078125","FLIP","12.36472346786248","13","0.07419761444229474","0.05406592520954204","0.005433913604126208","0","0.7031249999999999","parsed","https://textage.cc/score/20/re_gene.html?DAB00","0.3931584489453453","0.030461963442162534","0.08499359566824387","0.17996768982229416","0.15878854395104333","1722.8926911005483","0.33521809369951533","76.1","11.1","true"
"Regina vespaE","HYPER","10","10.2","11.3","3.8466796875","左MIRROR","9.466237113402062","10","0.06821993520106684","0.06286358644849202","0.007294508426583929","0","0.7447916666666667","parsed","https://textage.cc/score/33/regina_v.html?DHA00","0.4693003346569488","0.024455348380765532","0.07374079137233555","0.13930323846908646","0.11918104997412289","1489.0682273670889","0.30225711481844947","18.4","9.2","false"
"Regulus","HYPER","10","10.2","25.1","4.21875","FLIP + 左MIRROR + 右MIRROR","7.5180947933691336","10","0.06190838509316755","0.21426339285714285","0.0035124223602484472","0","0.6822916666666667","parsed","https://textage.cc/score/5/regulus.html?DHA00","0.4050005203085476","0.030508375361388007","0.06559263760481725","0.11539973787680077","0.09027442984439331","2058.5353560874228","0.4954128440366973","10.6","9.7","false"
"Regulus","ANOTHER","11","11.6","55.2","4.8388671875","正規","9.946299322904506","14","0.07790492957746441","0.0734375","0.0026948356807511738","0","0.5364583333333334","parsed","https://textage.cc/score/5/regulus.html?DAB00","0.4061110470259956","0.026759286833474304","0.07322348296181674","0.18717948717948626","0.13005580100433178","1258.5605869369438","0.4519230769230769","53.9","10.4","false"
"REINCARNATION","ANOTHER","7","8","0.9","2.8544921875","左MIRROR + 右MIRROR","5.640350877192983","8","0.05259156968949429","0.05400332493162417","0","0","0.6822916666666667","parsed","https://textage.cc/score/3/reincar.html?DA700","0.32489716205418395","0.0304230045778587","0.07381580652745307","0.06513260530421204","0.09444064002629236","659.5583872153225","0.46801872074882994","0.5","7.3","false"
"Rejection Girl","ANOTHER","11","11.6","82.6","5.5830078125","正規","11.92603550295858","13","0.08052567601091479","0.08189034978913425","0.0036437608533860053","0.001618705035971223","0.953125","parsed","https://textage.cc/score/28/rejegirl.html?DAB00","0.41617698796573704","0.03614433545810735","0.0956713613130743","0.188342810722989","0.15253836880778132","2363.4131404200234","0.37124289195775795","67.6","11.1","true"
"Release The Music","ANOTHER","10","10.2","15","3.970703125","FLIP + 左MIRROR + 右MIRROR","8.867957746478874","10","0.0655595923499438","0.09319369995367606","0.006146515783204285","0","0.6328125","parsed","https://textage.cc/score/19/releasem.html?DAA00","0.4607745280078016","0.02495490513554002","0.07385000482132233","0.12250786988457303","0.11520574246188528","2029.9202849980902","0.3357817418677859","7.9","9.3","false"
"Remedy feat. Kanae Asaba","ANOTHER","10","10.2","30.9","4.3427734375","右MIRROR","9.758199847444699","10","0.07977526772453647","0.03882331483363306","0.0013507386852187626","0","0.7942708333333331","parsed","https://textage.cc/score/24/remedy.html?DAA00","0.4265132754420381","0.03189435551205915","0.09457852751742375","0.15999020568070416","0.12772712595661304","1450.767772358408","0.32027424094025464","18.4","9.8","false"
"REMINISCENCE","ANOTHER","11","11","30.9","4.3427734375","両RANDOM","10.18595166163142","11","0.06709703252213338","0.1170381575239873","0.003052601918998897","0","0.8541666666666666","parsed","https://textage.cc/score/15/reminis.html?DAB00","0.4511626172138597","0.02716161986522972","0.06761194097754832","0.15747011952191178","0.12594848527939437","2621.5345375703005","0.33565737051792827","38.1","9.8","false"
"REPLAY","ANOTHER","11","11.2","55.2","4.8388671875","右MIRROR","12.22512329561938","11","0.07496250593260509","0.013977218794494532","0.0035234931181776707","0","0.875","parsed","https://textage.cc/score/26/replay.html?DAB00","0.36940652369371424","0.025954955969252118","0.07783451509936173","0.187979639780736","0.15947468989821992","715.0356715307431","0.3790133124510572","67.6","10.4","false"
"RESISTANCE","ANOTHER","10","10.5","50","4.71484375","左MIRROR","12.00776322173702","12","0.0753670599644412","0.001996120898658479","0.032067237756586965","0","0.6953125","parsed","https://textage.cc/score/19/resistan.html?DAA00","0.4101628789941826","0.0273338681011263","0.08242200200548412","0.27924693520140276","0.15966625883587834","507.82487604129835","0.3476357267950963","58.5","10.3","false"
"Resonant","HYPER","10","10","19.6","4.0947265625","FLIP + 左MIRROR","9.754900616860864","10","0.06830785156872082","0.016118152946797377","0.0034325435859961576","0","0.59375","parsed","https://textage.cc/score/31/resonant.html?DHA00","0.4645752499708453","0.026116314535992897","0.0778258202282616","0.13691943127961953","0.12824286718184244","1161.8978442098203","0.2890995260663507","27.9","9.5","false"
"RESONATE 1794","HYPER","11","11.6","25.1","4.21875","FLIP + 左MIRROR","6.048780487804878","11","0.08064852150537648","0.10614079301075269","0.0024193548387096797","0","0.6822916666666666","parsed","https://textage.cc/score/11/reso1794.html?DHB00","0.3463106306682961","0.038274819999971774","0.07551733775549839","0.07956764295676338","0.0896827280884862","1450.870235659784","0.5564853556485355","7.9","9.7","false"
"reunion","HYPER","11","11.4","91.5","5.955078125","正規","10.93792443806791","15","0.06523680436531513","0.03579611039210887","0.012144531113364863","0","0.5338541666666669","parsed","https://textage.cc/score/18/reunion.html?DHB00","0.38713375328169786","0.02693352922016931","0.07379268581651564","0.1365470852017929","0.15135950217891067","1090.180590203916","0.4026905829596413","79.6","11.5","true"
"REVOLVER","ANOTHER","11","11.8","95.4","6.203125","右MIRROR","13.470588235294118","13","0.07178038573507943","0.03375181950509455","0.00024745269286754025","0","0.8151041666666666","parsed","https://textage.cc/score/25/revolver.html?DAB00","0.4335449013226217","0.02745828416172181","0.07779651091134444","0.20584415584415452","0.1828877285546628","1699.340532485031","0.26542207792207795","86.5","11.8","true"
"Rewind Time","ANOTHER","10","10.2","19.6","4.0947265625","FLIP","10.396205357142858","10","0.06222597960279106","0.08416532474503496","0.0011765968867418672","0","0.8802083333333334","parsed","https://textage.cc/score/30/rewindtm.html?DAA00","0.4273299962400153","0.025821300543870586","0.07589662366641614","0.18056569343065643","0.12623689207607816","2202.136351302687","0.2636861313868613","14","9.5","false"
"RIDE ON THE LIGHT (HI GREAT MIX)","ANOTHER","9","9.3","65.3","5.0869140625","正規","8.862745098039216","14","0.06743731563421845","0.0680309734513275","0.008082595870206918","0","0.8359375","parsed","https://textage.cc/score/5/rideon.html?DA900","0.3490921708974806","0.02606411405207813","0.07472080442269063","0.1887453874538735","0.11637728412076633","1275.8944864234913","0.5252152521525215","53.9","10.6","false"
"RIDE ON THE LIGHT (HI GREAT MIX)","LEGGENDARIA","10","10.5","82.6","5.5830078125","両RANDOM","9.901960784313726","14","0.0702178217821781","0.042904290429042945","0.005848184818482372","0.008019801980198022","0.8177083333333333","parsed","https://textage.cc/score/5/rideon.html?DXA00","0.3833179204009159","0.02658741888398653","0.07683188778658413","0.16745689655172355","0.11865423142901105","1027.2145904699062","0.4202586206896552","67.6","11.1","true"
"Riff//rain","ANOTHER","9","9","19.6","4.0947265625","両RANDOM","9.544554455445544","13","0.08072268326417674","0.02489626556016592","0.006970954356846428","0","0.7291666666666669","parsed","https://textage.cc/score/31/riffrain.html?DA900","0.4275617404020215","0.0317022271427106","0.09479056436215423","0.23055878928987086","0.12814024664659496","883.1412173494895","0.2980209545983702","27.9","9.5","false"
"RINИE","HYPER","10","10","25.1","4.21875","左MIRROR","9.681101376720902","12","0.0695569603888712","0.09613627745027056","0.01917675043954929","0","0.6796875","parsed","https://textage.cc/score/30/rinne.html?DHA00","0.43026702210457995","0.03273906353579828","0.08382180987498218","0.1669040835707495","0.11737153524978676","3598.5451136715824","0.3637226970560304","18.4","9.7","false"
"RISE","ANOTHER","10","10.7","60","4.962890625","左MIRROR","8.921126261731894","13","0.04855650130216604","0.04436363251392152","0.007776154481357172","0","0.49479166666666674","parsed","https://textage.cc/score/21/rise_pd.html?DAA00","0.4592539968758888","0.01530472017011875","0.045334396125341854","0.16610878661087664","0.11567580284852019","869.3989832785596","0.33263598326359833","43.5","10.5","false"
"Rise Beyond","ANOTHER","10","","","","","","","","","","","","unparsed","https://textage.cc/score/34/risebynd.html?DAA00","","","","","","","","","",""
"Rise'n Beauty","HYPER","10","10","2.2","3.2265625","左MIRROR","7.356385751520417","11","0.0685482804232805","0.00992063492063492","0","0","0.8203125","parsed","https://textage.cc/score/10/risen.html?DHA00","0.4654683818956118","0.024824568922721998","0.07434035555392372","0.12148194271481787","0.10259273100732688","489.7536349338147","0.43212951432129515","1.7","8","false"
"Rise'n Beauty","ANOTHER","11","11.2","19.6","4.0947265625","FLIP + 右MIRROR","9.666724587315379","12","0.08639368229316435","0.007945067587000308","0","0","0.8958333333333331","parsed","https://textage.cc/score/10/risen.html?DAB00","0.5025483776304632","0.026023389497364772","0.07816390443859147","0.14594172736732408","0.13095905263245647","532.1519780052377","0.3465140478668054","43.5","9.5","false"
"Rising in the Sun (original mix)","ANOTHER","11","10.7","55.2","4.8388671875","左MIRROR + 右MIRROR","10.518495620814015","13","0.067690680041535","0.047084696616445675","0.0030453948786275304","0.007582139848357203","0.7291666666666667","parsed","https://textage.cc/score/15/risins27.html?DAB00","0.3978634796143906","0.028275952036758027","0.08127084274791053","0.15780969479353626","0.14078893898272146","1330.3764180076962","0.34470377019748655","38.1","10.4","false"
"Ristaccia","ANOTHER","10","10.2","43.9","4.5908203125","FLIP + 左MIRROR","10.066452304394426","14","0.06886925042589387","0.08129258943781942","0.002095400340715503","0","0.7994791666666667","parsed","https://textage.cc/score/15/ristacia.html?DAA00","0.4774637767361443","0.027553986077047725","0.06920857246154222","0.12495069033530361","0.13479970862974003","2134.0236733153242","0.26232741617357","49","10.1","false"
"Ristaccia","LEGGENDARIA","11","11.6","75","5.3349609375","FLIP + 右MIRROR","10.846730975348338","14","0.09052025691699545","0.08102766798418971","0.004442687747035572","0","0.7734375000000001","parsed","https://textage.cc/score/15/ristacia.html?DXB00","0.4344397936305186","0.04076415058690195","0.08969460340651483","0.14579045837230858","0.14990475756173646","2307.9459595401026","0.2806361085126286","76.1","10.9","false"
"Ritual of Anubis","ANOTHER","11","11.4","86.1","5.70703125","FLIP + 左MIRROR","13.136143410852712","14","0.07236731457234478","0.12672887544720238","0.012419134732416078","0","0.6197916666666667","parsed","https://textage.cc/score/28/ritual_a.html?DAB00","0.41498225258088317","0.028033206001849012","0.07685798823640747","0.18446001648804486","0.15621002168076384","3003.4424432508267","0.3124484748557296","91.1","11.3","true"
"RIZING YOU UP","HYPER","10","10","19.6","4.0947265625","右MIRROR","11.82702290076336","11","0.09986620109207713","0.03993958717905692","0.004998257322472689","0","0.8671875","parsed","https://textage.cc/score/21/rizingup.html?DHA00","0.42727837183092343","0.0354260174177213","0.10670313504156172","0.2117456896551713","0.1499472113202827","1057.256808509789","0.3459051724137931","72.1","9.5","false"
"RIZING-GAMERS.","HYPER","10","10.2","30.9","4.3427734375","FLIP + 左MIRROR","9.8","11","0.06435876623376617","0.056045145330859504","0.0023376623376620822","0","0.7239583333333334","parsed","https://textage.cc/score/33/rizingms.html?DHA00","0.4861541455275697","0.029645191691021314","0.08080437858000147","0.07342007434944103","0.12358778870933232","2037.2062350826543","0.30947955390334575","27.9","9.8","false"
"Roar of Chronos","HYPER","10","9.3","11.3","3.8466796875","FLIP","9.160798122065728","10","0.0647918001281227","0.0460281870595771","0.004930172966047513","0","0.8567708333333334","parsed","https://textage.cc/score/32/roarchro.html?DHA00","0.4796897386778419","0.025475925655602385","0.07540186310707502","0.08320537428022927","0.1179381476485013","1731.7075719938036","0.30710172744721687","10.6","9.2","false"
"Rock It","ANOTHER","11","11.4","96.8","6.3271484375","右MIRROR","13.482161060142712","13","0.05404714199304372","0.02651973385755333","0.011268713140782939","0","0.6171875","parsed","https://textage.cc/score/23/rock_it.html?DAB00","0.31567868941526755","0.023621916710718983","0.06499950109406759","0.15774932614555512","0.17433818527915446","1123.2923276816289","0.4939353099730458","86.5","11.9","true"
"Rock Da House","ANOTHER","10","10.7","37.2","4.466796875","左MIRROR + 右MIRROR","11.293490460157127","13","0.07682484472049644","0.08161490683229808","0.0005167701863354701","0","0.8489583333333333","parsed","https://textage.cc/score/18/rokhouse.html?DAA00","0.4501312453580749","0.02982630970535295","0.07263569412418691","0.1520042194092815","0.14442672722047023","1718.4131940534742","0.3059071729957806","38.1","10","false"
"ROCK女 feat. 大山愛未, Ken","ANOTHER","11","11.6","91.5","5.955078125","正規","12.413494809688581","15","0.05872590011614366","0.033797909407665534","0.0065505226480837295","0.0021951219512195124","0.6171875000000001","parsed","https://textage.cc/score/26/rockonna.html?DAB00","0.41074676266815285","0.022682889979598112","0.06444813080354456","0.16633738601823733","0.16689943377302788","1195.842405634654","0.39285714285714285","91.1","11.5","true"
"Romanticが止まらない","ANOTHER","11","11.2","60","4.962890625","右MIRROR","13.126444833625218","13","0.08398374959974327","0.036476678407514077","0.004079410822926781","0","0.7447916666666667","parsed","https://textage.cc/score/28/romatoma.html?DAB00","0.44041784383458205","0.03160291540475736","0.09316140060265198","0.23774774774774707","0.16518013157358072","1838.203072778794","0.26306306306306304","72.1","10.5","false"
"rommmo","ANOTHER","11","11.6","50","4.71484375","FLIP + 右MIRROR","11.212635078969242","16","0.0953312377676288","0.10646239843425666","0.0423462428088487","0","0.6302083333333334","parsed","https://textage.cc/score/28/rommmo.html?DAB00","0.40307658820674663","0.04495195299998465","0.10290502923446215","0.2113392857142845","0.14037282626119932","2709.945387592585","0.40089285714285716","76.1","10.3","false"
"R∞tAge","ANOTHER","11","11.2","78.9","5.458984375","FLIP","11.842532467532468","12","0.07308544665295827","0.07299520219328313","0","0","0.8307291666666667","parsed","https://textage.cc/score/26/rootage.html?DAB00","0.4490365440662424","0.026277387323663793","0.07562096471702333","0.1765546218487393","0.1510963304746422","1760.1431623282456","0.36554621848739494","76.1","11","false"
"Roots of my way!","ANOTHER","9","9.3","15","3.970703125","正規","8.330761316872428","11","0.0732608212411234","0.08287125656066671","0.00006816918802152142","0","0.8072916666666666","parsed","https://textage.cc/score/17/rootsof.html?DA900","0.41384189026084695","0.02826449908405117","0.07945167626892014","0.1645161290322568","0.10631687143739234","2424.8413360284817","0.4228110599078341","14","9.3","false"
"Rosa azuL","ANOTHER","11","11.6","93.6","6.0791015625","FLIP","13.305555555555555","14","0.07355096863986309","0.08569600646508158","0.004152019215659829","0","0.7526041666666666","parsed","https://textage.cc/score/28/rosaazul.html?DAB00","0.45940785278665025","0.03198390065763792","0.08555201722033484","0.18049257232212662","0.16754854902424135","2942.9099511017284","0.26974198592650506","83","11.6","true"
"rottel-the-Mercury","ANOTHER","11","11.2","19.6","4.0947265625","FLIP + 左MIRROR","10.496059341678258","15","0.08136042402826821","0.06250000000000029","0.046360424028268364","0","0.71875","parsed","https://textage.cc/score/9/rot_merc.html?DAB00","0.39573934616366446","0.023133251561362603","0.062282554049001994","0.2120046620046614","0.13678453072815838","1449.184939832945","0.3974358974358974","79.6","9.5","false"
"ROTTERDAM SHOGUN","ANOTHER","11","11.2","75","5.3349609375","両RANDOM","12.716893115942028","13","0.07295102372243892","0.12002161765596249","0.031909797036208436","0.00414599574769667","0.890625","parsed","https://textage.cc/score/24/rtshogun.html?DAB00","0.36898947939905896","0.03499974679569369","0.08323415370924303","0.22817745803357417","0.1496550796059635","2726.345619021205","0.4260591526778577","76.1","10.9","false"
"rough percussionythm","ANOTHER","11","11.4","99.8","7.8154296875","両RANDOM","10.68342776203966","12","0.05983261518064284","0.2477074356424703","0.004251463926637841","0.0041763341067285395","0.5911458333333334","parsed","https://textage.cc/score/27/roughper.html?DAB00","0.40354202206602013","0.029633587130140807","0.074293726437176","0.12433704020530212","0.10416133515673481","2622.1600138113454","0.42600513259195893","58.5","13.4","true"
"Roulette","ANOTHER","10","10.2","30.9","4.3427734375","FLIP + 両RANDOM","9.429824561403509","11","0.06662441860465107","0.08802325581395348","0.0017674418604651178","0","0.7838541666666667","parsed","https://textage.cc/score/14/roulette.html?DAA00","0.3804695944667388","0.02728352350497994","0.07474132538264124","0.16817226890756223","0.12314784122688972","1450.791276356378","0.48739495798319327","33","9.8","false"
"Round and Round","ANOTHER","10","10.5","37.2","4.466796875","右MIRROR","10.179794520547945","13","0.06947967479674755","0.07992710961592368","0.008457527333894209","0","0.9635416666666666","parsed","https://textage.cc/score/19/roundx2.html?DAA00","0.42367832361296826","0.027417814101936628","0.07834093442956945","0.14582542694497005","0.12610988814290433","1273.4091868708365","0.3567362428842505","43.5","10","false"
"route 80s","HYPER","11","11.2","37.2","4.466796875","正規","8.5","13","0.058115825565198814","0.46197364191578283","0.03350005357334214","0","0.38802083333333337","parsed","https://textage.cc/score/6/r80s_emp.html?DHB00","0.4540471565164859","0.03341795725429063","0.05949176731904811","0.1420382165605083","0.09585552510754747","2998.0253392115937","0.3248407643312102","58.5","10","false"
"Routing","ANOTHER","11","11.2","65.3","5.0869140625","FLIP + 右MIRROR","11.518207282913165","13","0.06991472114137462","0.08095006485084298","0.0005343709468222793","0","0.8671874999999999","parsed","https://textage.cc/score/23/routing.html?DAB00","0.4876187099936095","0.024067470359682815","0.061635940047017335","0.18592699327569553","0.14137657199772508","1795.1359598404886","0.2756964457252642","67.6","10.6","false"
"Rowdy","ANOTHER","11","11.2","43.9","4.5908203125","左MIRROR + 右MIRROR","11.395045632333769","14","0.07249141876430201","0.13424866514111405","0.009031273836766012","0.011327231121281462","0.6666666666666666","parsed","https://textage.cc/score/28/rowdy.html?DAB00","0.4078300773412903","0.032091587161523154","0.07058272421480678","0.16641118124436446","0.1302007355585789","3190.1584000187822","0.3146979260595131","67.6","10.1","false"
"RUGGED ASH","ANOTHER","9","9","4.4","3.474609375","正規","8.735999999999999","10","0.03445522359584874","0.14308608058608052","0.004395604395604162","0","0.8567708333333334","parsed","https://textage.cc/score/s/rugged.html?DA900","0.48084196815544206","0.01101905208503041","0.02912282426986656","0.09082733812949556","0.10556741795251465","1821.457789381256","0.22122302158273383","3.8","8.5","false"
"ruin of opals","HYPER","10","10","15","3.970703125","左MIRROR","8.693527893717672","10","0.07430440482948535","0.029342336407553852","0.016665102814433366","0","0.8098958333333333","parsed","https://textage.cc/score/26/ruinopal.html?DHA00","0.5095586925188803","0.03454085299394726","0.09157299577073008","0.09259656652360383","0.11250147128991415","1473.3607536392424","0.31223175965665234","14","9.3","false"
"RUINA","HYPER","10","10.7","50","4.71484375","FLIP + 右MIRROR","9.978332548280735","12","0.06278512084592154","0.07464753272910372","0.015327291037260804","0.00996978851963746","0.9322916666666667","parsed","https://textage.cc/score/33/ruina.html?DHA00","0.4457996991783723","0.03538701105734388","0.08345659603452595","0.11779475982532582","0.12778489460098588","2026.68238365023","0.4279475982532751","38.1","10.3","false"
"Ruler or Loser","ANOTHER","11","11.4","50","4.71484375","両RANDOM","11.660416666666666","13","0.07074108578575206","0.030016080042880155","0.028741928073713303","0","0.8593750000000001","parsed","https://textage.cc/score/30/rulerorl.html?DAB00","0.4102488848066048","0.02650310891228411","0.07681035158719371","0.1783724978241946","0.1512037348400948","1404.7844764136426","0.412532637075718","67.6","10.3","false"
"rumrum triplets","HYPER","10","10.2","37.2","4.466796875","左MIRROR","10.162326169405816","10","0.06951930732484032","0.06883210589171974","0.013113057324840754","0","0.6119791666666666","parsed","https://textage.cc/score/20/rumrum.html?DHA00","0.4200290761535645","0.03279353326633786","0.08216768430598796","0.17385479688850558","0.130541305306903","2034.4687898437228","0.3474503025064823","33","10","false"
"S!ck","ANOTHER","11","11.6","82.6","5.5830078125","右MIRROR","11.867045454545455","12","0.062313611190909175","0.13714130677646927","0.0056774873120749286","0","0.7552083333333335","parsed","https://textage.cc/score/20/sick.html?DAB00","0.4204430782676894","0.02855756832569218","0.06958548591619342","0.1749615975422437","0.1475488066062056","3100.9016379210584","0.29339477726574503","63.1","11.1","true"
"S!ck  (Nhato Remix)","ANOTHER","11","11.6","75","5.3349609375","FLIP + 右MIRROR","11.899062500000001","12","0.06562780681251111","0.052433227407621415","0.008143498700003032","0.004798172124904799","0.84375","parsed","https://textage.cc/score/27/sick_r.html?DAB00","0.425880416851179","0.02696745173995561","0.07637444189511805","0.1823979591836719","0.15583636252886227","1457.9521896444614","0.320578231292517","67.6","10.9","false"
"S-Bahn","ANOTHER","9","9.3","15","3.970703125","正規","10.124331376386172","10","0.055965233302836266","0.017673285826579028","0","0","0.71875","parsed","https://textage.cc/score/28/s_bahn.html?DA900","0.39238259302787265","0.024095265945279137","0.07243367598114807","0.224436826640548","0.13104334856977998","711.1563025344572","0.4250734573947111","7.9","9.3","false"
"SA.YO.NA.RA. SUPER STAR","ANOTHER","11","11.8","97.7","6.451171875","両RANDOM","11.239046034387133","14","0.07786221871298807","0.03521022502960912","0.0064469009080148935","0","0.9635416666666669","parsed","https://textage.cc/score/19/synrstar.html?DAB00","0.4185246758721986","0.027698392156285914","0.08116111737553917","0.22145790554414638","0.1860345478443855","1096.642155894184","0.2741273100616016","94.9","12","true"
"Sakura Mirage","ANOTHER","10","10.5","65.3","5.0869140625","右MIRROR","11.401476793248944","13","0.07379646762762977","0.07661491775067984","0.028446607331199","0","0.8958333333333333","parsed","https://textage.cc/score/22/sakuramr.html?DAA00","0.3749988802168939","0.02629144887138572","0.07686384509211734","0.1544999999999982","0.14506670861307003","1233.9093064207473","0.421","72.1","10.6","false"
"Sakura Reflection","ANOTHER","11","11.6","91.5","5.955078125","右MIRROR","14.050918196994992","14","0.11426172795500866","0.040028515416146826","0.005702766391413856","0.0006451612903225806","0.5911458333333334","parsed","https://textage.cc/score/18/sakurarf.html?DAB00","0.42787767582662534","0.03494383484618932","0.10073261690389705","0.2227272727272714","0.17433029733333089","1328.1250862076513","0.3118279569892473","98.1","11.5","true"
"sakura storm","HYPER","10","9.3","19.6","4.0947265625","FLIP + 右MIRROR","10.605555555555554","12","0.07582381899138045","0.17416156721748638","0.017951331015762514","0","0.9453125","parsed","https://textage.cc/score/18/sakurast.html?DHA00","0.3602273410624629","0.026521863464619776","0.06905830308688185","0.16005361930294706","0.10952646165857872","1907.54327439863","0.49195710455764075","43.5","9.5","false"
"SAMSARA","ANOTHER","10","9.3","8.4","3.72265625","FLIP + 左MIRROR","8.84265873015873","11","0.06396369511073209","0.11479345704220624","0.004685080889447231","0","0.6692708333333333","parsed","https://textage.cc/score/22/samsara.html?DAA00","0.41499075484207093","0.03092255741308156","0.08972415333619561","0.13411764705882184","0.10898869028404443","2719.453154984807","0.3627450980392157","2.6","9","false"
"Samurai Sword","ANOTHER","10","","","","","","","","","","","","unparsed","https://textage.cc/score/34/samsword.html?DAA00","","","","","","","","","",""
"SAMURAI-Scramble","ANOTHER","11","11.6","98.3","6.5751953125","左MIRROR + 右MIRROR","10.408653846153847","15","0.05560046189376448","0.3944059532974082","0.0018065178342314156","0","0.8802083333333333","parsed","https://textage.cc/score/24/samurais.html?DAB00","0.3201928195173529","0.02502987768986181","0.05980395925764795","0.08387829246139784","0.09024341508186874","3246.180854495652","0.5985467756584922","83","12.1","true"
"Sarutobi Champion is 拙者","ANOTHER","11","12","89","5.8310546875","FLIP + 左MIRROR","13.970588235294118","18","0.08496761133603198","0.08407557354925774","0.011456950067476226","0","0.6197916666666665","parsed","https://textage.cc/score/24/sarutobi.html?DAB00","0.4205421736177008","0.03415267056828335","0.08886357709840724","0.1852173913043487","0.171731447991968","2403.749228114446","0.3730434782608696","99","11.4","true"
"Satellite Burst","HYPER","10","10.2","30.9","4.3427734375","正規","10.331366906474821","11","0.06470955252566019","0.03750307554466144","0.009167304987256784","0.0007395234182415776","0.7187499999999999","parsed","https://textage.cc/score/32/satburst.html?DHA00","0.45032513175819633","0.027868469277746524","0.07886137075423792","0.14703237410072023","0.1359003488429625","1418.4697489277028","0.33992805755395683","18.4","9.8","false"
"satellite020712  from ""CODED ARMS""","HYPER","10","10.2","50","4.71484375","両RANDOM","11.06990407673861","11","0.07463134863468428","0.07793832522773314","0.0004012001343110761","0","0.9036458333333334","parsed","https://textage.cc/score/15/sa2712ac.html?DHA00","0.4444396277660769","0.033875677113270865","0.08831942103151966","0.17330754352030842","0.14574740399768152","1491.1955343424372","0.3230174081237911","49","10.3","false"
"satfinal","ANOTHER","10","9.6","30.9","4.3427734375","FLIP + 左MIRROR","9.421947449768162","13","0.07979002624671895","0.03461286089238843","0.00496062992125979","0","0.8463541666666666","parsed","https://textage.cc/score/15/satfinal.html?DAA00","0.48985395963732137","0.03102597429400118","0.09059495376441704","0.2254601226993849","0.1301499245767587","1096.272924081249","0.249079754601227","43.5","9.8","false"
"Saturn","HYPER","10","10","19.6","4.0947265625","左MIRROR","10.174789410348977","12","0.08170544927707594","0.022012950533692097","0.02324236421158436","0","0.8046875","parsed","https://textage.cc/score/20/saturn.html?DHA00","0.3347977421263234","0.033956441324348545","0.09845972650734504","0.1810520939734414","0.13426478966283487","746.6269008122997","0.5352400408580184","27.9","9.5","false"
"Saturn","ANOTHER","11","11.4","91.5","5.955078125","正規","13.709386281588447","23","0.09865163484748694","0.018005266622778193","0.014205837173579221","0","0.7942708333333333","parsed","https://textage.cc/score/20/saturn.html?DAB00","0.35466145512140423","0.036491693360659085","0.10362139824736476","0.2429976396538189","0.18042039199653168","813.9619307717134","0.44217151848937847","99.9","11.5","true"
"SAY BAY","ANOTHER","11","11.6","99.5","7.443359375","FLIP + 両RANDOM","12.51602564102564","13","0.0676696542893724","0.13725992317541622","0.006550576184378881","0","0.8411458333333335","parsed","https://textage.cc/score/24/saybay.html?DAB00","0.3594084183382576","0.03485840534114668","0.08699610862682375","0.15555133079847877","0.15845878380800485","2700.752034853289","0.45627376425855515","89.1","13","true"
"Say YEEEAHH","HYPER","10","10.7","50","4.71484375","正規","10.389204545454547","11","0.07103272263239423","0.037667487011211226","0.008232613253121782","0","0.7291666666666666","parsed","https://textage.cc/score/22/say_yeah.html?DHA00","0.43847492422024975","0.030030976563212228","0.08608073243498998","0.2248272458045396","0.14200524852727328","1233.4838983407149","0.36327739387956565","53.9","10.3","false"
"scar in the earth","ANOTHER","9","9","3.1","3.3505859375","両RANDOM","7.166422018348624","10","0.07494520828532647","0.0913792662006809","0","0","0.8984374999999999","parsed","https://textage.cc/score/15/scar_eth.html?DA900","0.4579493365126298","0.024368999011542346","0.06986887329767931","0.16720279720279524","0.09511703389157798","1531.0274569840487","0.3300699300699301","2.6","8.3","false"
"Scarlet Moon","ANOTHER","11","11.2","97.7","6.451171875","右MIRROR","13.335394126738795","16","0.06007533611497394","0.04242002781641171","0.007918405192396942","0","0.625","parsed","https://textage.cc/score/22/scarmoon.html?DAB00","0.41295220446049624","0.019079656832692526","0.0519901029764558","0.1538047973531844","0.1737893342944424","1119.6163743454258","0.42597187758478083","96.9","12","true"
"Scars of FAUNA","ANOTHER","11","11.2","60","4.962890625","FLIP + 左MIRROR","12.237499999999999","15","0.09677604698672072","0.015114274770173717","0.005408580183861416","0.016116573033707858","0.6484375000000001","parsed","https://textage.cc/score/22/scrfauna.html?DAB00","0.4302719072358736","0.043001484252542875","0.08213321400718862","0.20464912280701644","0.15316156360678657","860.702798619028","0.34912280701754383","91.1","10.5","false"
"Scharfrichter","ANOTHER","11","11.6","78.9","5.458984375","右MIRROR","12.756969696969696","15","0.07132463240533941","0.05851079623735101","0.013871442823886682","0.005798969072164949","0.6744791666666666","parsed","https://textage.cc/score/19/scharfri.html?DAB00","0.4800478185653437","0.025034197922553743","0.06972073030721826","0.20938931297709998","0.1645073722856828","2457.7338398907696","0.13816793893129772","86.5","11","false"
"Schlagwerk","HYPER","11","11.6","75","5.3349609375","両RANDOM","11.43640350877193","14","0.07465484180249245","0.12818791946308725","0.012885906040268251","0","0.9661458333333335","parsed","https://textage.cc/score/3/schlag.html?DHB00","0.4350295704647794","0.027833103031283044","0.0786234091802985","0.19695051783659287","0.15926609377416553","1625.341600832235","0.22324510932105868","92.7","10.9","false"
"Schlagwerk","ANOTHER","11","11.6","78.9","5.458984375","左MIRROR","11.951754385964913","17","0.08812844036697196","0.04366972477064199","0.043155963302752544","0","0.6744791666666667","parsed","https://textage.cc/score/3/schlag.html?DAB00","0.3996603207590999","0.03563091138923246","0.0965150129907954","0.22592385218364963","0.16314836734352609","1140.4687317365558","0.2967525195968645","96.2","11","false"
"SCHWARZSCHILD FIELD","ANOTHER","11","11.2","82.6","5.5830078125","右MIRROR","11.339285714285715","14","0.05196850393700756","0.1293379994167395","0.006882473024205327","0","0.6015625","parsed","https://textage.cc/score/21/schwarzs.html?DAB00","0.3555992518209968","0.02056406905171188","0.047554705156584304","0.10632730732635419","0.1344678181631122","1609.8439524806438","0.45290199809705045","67.6","11.1","true"
"SCORE","ANOTHER","10","9.6","11.3","3.8466796875","FLIP + 左MIRROR","9.76641414141414","10","0.07605300581771146","0.08519715578539087","0.01079767291531995","0","0.8229166666666666","parsed","https://textage.cc/score/10/score29.html?DAA00","0.3633858478497875","0.0267718374978524","0.07323828334872134","0.18560864618885028","0.12518616010459088","1880.1533240476044","0.3822525597269625","53.9","9.2","false"
"SCREAM SQUAD","HYPER","10","10.7","15","3.970703125","FLIP + 右MIRROR","8.072278911564625","9","0.045260718424101995","0.14057726746023363","0.021877172653534234","0","0.7942708333333333","parsed","https://textage.cc/score/12/sc_squad.html?DHA00","0.3983337132036413","0.027255848770954865","0.05001712161201838","0.103865030674845","0.09956983610507661","1785.010282071529","0.4049079754601227","5.4","9.3","false"
"Scripted Connection⇒  A mix","HYPER","10","10.5","65.3","5.0869140625","左MIRROR","10.937157534246575","11","0.07092981384935677","0.04667334658880386","0.0011431016757210831","0","0.8697916666666665","parsed","https://textage.cc/score/12/script_a.html?DHA00","0.34653826502172974","0.0314587160906168","0.0856526929793043","0.14014084507042227","0.1431390104568135","971.3510365790045","0.5211267605633803","49","10.6","false"
"Scripted Connection⇒  A mix","ANOTHER","11","11.2","75","5.3349609375","左MIRROR","11.911073059360731","12","0.0747009085594342","0.06760525584381989","0","0","0.7317708333333334","parsed","https://textage.cc/score/12/script_a.html?DAB00","0.35206742380229894","0.038875282297943965","0.08763138767038235","0.14291338582677102","0.1543398833366056","1507.013608794082","0.5","67.6","10.9","false"
"Scripted Connection⇒  H mix","HYPER","10","10","11.3","3.8466796875","FLIP + 左MIRROR + 右MIRROR","9.298713235294116","10","0.05721393034825878","0.07293334651247081","0","0","0.6718750000000001","parsed","https://textage.cc/score/12/script_h.html?DHA00","0.36175342713033515","0.030518938713921816","0.07498264797634083","0.08861082737487082","0.1174082902810801","1332.976583857445","0.4290091930541369","7.9","9.2","false"
"Scripted Connection⇒  H mix","ANOTHER","11","11.6","82.6","5.5830078125","両RANDOM","12.638848039215684","12","0.0625790484132133","0.04849563185401367","0.004778683835435737","0","0.8619791666666666","parsed","https://textage.cc/score/12/script_h.html?DAB00","0.3886437282664354","0.022670524884804123","0.06381278126730935","0.1690916089299463","0.16270301762842002","1544.5113105924981","0.3826020015396459","63.1","11.1","true"
"Scripted Connection⇒  N mix","ANOTHER","10","10.7","75","5.3349609375","右MIRROR","11.2179584120983","12","0.0679159855978516","0.06401485151295577","0","0","0.7395833333333334","parsed","https://textage.cc/score/12/script_n.html?DAA00","0.40518808296290487","0.02402324537165701","0.06531200473598839","0.18576779026217055","0.14489174547482242","1557.2862221772168","0.301498127340824","67.6","10.9","false"
"Scripted Connection⇒  N mix","LEGGENDARIA","11","12.1","96.8","6.3271484375","左MIRROR","12.835475740390674","12","0.0654507385897816","0.11660832895595978","0.019893273899233777","0","0.7708333333333333","parsed","https://textage.cc/score/12/script_n.html?DXB00","0.41694089050932137","0.031289906905995965","0.07783054188491885","0.19728744939271117","0.1641490205429546","2980.84758845871","0.2251012145748988","91.1","11.9","true"
"Seaside Labyrinth","ANOTHER","9","9.3","8.4","3.72265625","両RANDOM","8.213233923578752","10","0.08883328794480733","0.05634985475671745","0.00393609295570084","0","0.9791666666666667","parsed","https://textage.cc/score/24/seasidel.html?DA900","0.4621002223158544","0.03800804366208653","0.10908907041508174","0.13856812933025187","0.10647220345680233","1712.4278678419107","0.3464203233256351","7.9","9","false"
"Second Heaven","ANOTHER","11","11.8","43.9","4.5908203125","FLIP + 左MIRROR","9.481011904761905","14","0.10232300148793613","0.09862130448703853","0.018718114527156215","0","0.49999999999999994","parsed","https://textage.cc/score/14/secondhv.html?DAB00","0.5114442957171479","0.03830481168827015","0.10081410022516975","0.12394843962007986","0.13069308296666976","2053.317913639076","0.2808683853459973","86.5","10.1","false"
"Second Heaven (Mamonis Remix)","ANOTHER","11","11.4","75","5.3349609375","FLIP + 左MIRROR","11.422428330522767","13","0.06172030707905786","0.11626190300435547","0.011377672793484454","0","0.7838541666666666","parsed","https://textage.cc/score/33/sndhv_mm.html?DAB00","0.4077224188375217","0.03198100924362611","0.08182180869544983","0.18392857142857155","0.14303506651938908","2912.1194086575906","0.31412337662337664","63.1","10.9","false"
"Secret Rouge","ANOTHER","10","10.7","43.9","4.5908203125","左MIRROR","10.717963683527886","11","0.07815445540959959","0.026734877867260438","0","0","0.7968749999999999","parsed","https://textage.cc/score/32/secrouge.html?DAA00","0.45690634697846855","0.02919234672987012","0.08829478559175294","0.21723790322580508","0.14226806886024812","1074.9979213678344","0.2963709677419355","58.5","10.1","false"
"Secrets","HYPER","10","10","50","4.71484375","正規","10.310612597066438","12","0.06521338912133874","0.09121338912133893","0.020485355648535448","0","0.8671875000000001","parsed","https://textage.cc/score/16/secrets.html?DHA00","0.3942503137191577","0.026489727805226397","0.07741771413633947","0.13672811059907802","0.12724321787658222","1917.709924663079","0.4055299539170507","43.5","10.3","false"
"Secrets","ANOTHER","11","11.6","89","5.8310546875","FLIP","15.50474547023296","18","0.08688369504730122","0.05982192543127444","0.009616026711185234","0","0.7604166666666666","parsed","https://textage.cc/score/16/secrets.html?DAB00","0.4705022214810396","0.031158687036482682","0.08855390219961823","0.2034226190476206","0.19184132051592206","2053.4359519054005","0.27380952380952384","98.3","11.4","true"
"See You Again","ANOTHER","11","11.4","70.6","5.2109375","左MIRROR + 右MIRROR","12.29050925925926","11","0.049067237969676755","0.1533571899425557","0.004603069968923443","0","0.8567708333333333","parsed","https://textage.cc/score/31/seeyouag.html?DAB00","0.3852894743436763","0.028778994738187028","0.06488451726288758","0.18651452282157796","0.14164126696561968","3526.841354648373","0.32295988934993086","53.9","10.8","false"
"Selfish Sweet","ANOTHER","9","9.3","6.2","3.5986328125","FLIP + 右MIRROR","8.177710843373495","10","0.06971004706363843","0.07059545733578888","0.007677511765909542","0","0.7864583333333334","parsed","https://textage.cc/score/24/selfishs.html?DA900","0.4314263353394408","0.029564967972879143","0.0882479119020129","0.19318734793187228","0.10467048763330139","1599.192201670994","0.402676399026764","5.4","8.8","false"
"Selfish Sweet","LEGGENDARIA","11","11.4","86.1","5.70703125","FLIP + 左MIRROR","11.810240963855422","12","0.0676787384170702","0.1373019921221909","0.00099521097225766","0","0.7838541666666666","parsed","https://textage.cc/score/24/selfishs.html?DXB00","0.5327017007778853","0.02791091234279221","0.07279703130031842","0.16669758812615879","0.13619467654728348","2693.669544666567","0.2606679035250464","67.6","11.3","true"
"Sephirot","ANOTHER","10","10","43.9","4.5908203125","左MIRROR + 右MIRROR","9.682859463850528","11","0.07151481593342017","0.029967448572099643","0","0","0.796875","parsed","https://textage.cc/score/23/sephirot.html?DAA00","0.41723199362230823","0.02824861738056336","0.08330915636950678","0.14289772727272632","0.1312079303787807","1155.2689273078145","0.3759469696969697","27.9","10.1","false"
"SEQUENCE CAT","HYPER","10","10.7","43.9","4.5908203125","左MIRROR","11.185474537037038","12","0.0507315622008949","0.04088522130532625","0","0","0.8046875","parsed","https://textage.cc/score/24/sequence.html?DHA00","0.4157295179536696","0.021218360330048612","0.04313941021510558","0.1605436573311351","0.1473380133200054","1259.8368833712009","0.2158154859967051","38.1","10.1","false"
"Seraph","ANOTHER","11","11.2","65.3","5.0869140625","FLIP + 左MIRROR","10.732054959987922","16","0.08275931928687144","0.037671078696200136","0.008946515397082517","0","0.8463541666666666","parsed","https://textage.cc/score/30/seraph.html?DAB00","0.4156471627461621","0.03209821084619819","0.08892224249234194","0.21040076335877722","0.14834533030399205","1295.8381922406716","0.35591603053435117","76.1","10.6","false"
"Session 1 -Genesis-","ANOTHER","11","11.8","86.1","5.70703125","FLIP","11.283856631414345","14","0.08956261404014185","0.04585133967156479","0.006896763660808479","0","0.7500000000000001","parsed","https://textage.cc/score/17/session1.html?DAB00","0.4227188470056247","0.03774588259194758","0.09648021104500032","0.1997185741088176","0.1646444247567515","1220.1122864624663","0.34146341463414637","79.6","11.3","true"
"Session 9 -Chronicles-","HYPER","10","10","55.2","4.8388671875","右MIRROR","10.307142857142857","14","0.0663773268460765","0.04164208851708856","0.04586625086625127","0","0.8020833333333333","parsed","https://textage.cc/score/18/session9.html?DHA00","0.4217508715438695","0.02919355053578074","0.0795987463604091","0.139184397163123","0.13659655192153888","1662.1849311399822","0.4157801418439716","43.5","10.4","false"
"Set U Free feat. Kanae Asaba","ANOTHER","11","11","86.1","5.70703125","左MIRROR","12.546591619762353","11","0.05447861628950229","0.011215232778387017","0","0","0.7500000000000001","parsed","https://textage.cc/score/23/setufree.html?DAB00","0.3531866841282056","0.022688429522032583","0.06696461858713681","0.20635155096011845","0.17200571404680884","646.9686710681757","0.44977843426883307","76.1","11.3","true"
"Several Words","ANOTHER","10","10.5","70.6","5.2109375","左MIRROR","10.469291338582678","15","0.07089575812274326","0.020664109506618712","0.0028640192539110877","0.0060920577617328536","0.5651041666666667","parsed","https://textage.cc/score/19/several.html?DAA00","0.45278377900196703","0.022099596861491117","0.0635563625830012","0.1900596421471158","0.13817865241456798","696.4667961464683","0.30218687872763417","58.5","10.8","false"
"SHADE","HYPER","10","10","30.9","4.3427734375","正規","9.67948717948718","11","0.05325454545454559","0.026517158338350437","0.0006593618302226746","0","0.6328125","parsed","https://textage.cc/score/19/shade.html?DHA00","0.36453808211100547","0.023846654128875558","0.07005766941981566","0.08777777777777626","0.13110371310657234","973.3333561654234","0.41574074074074074","18.4","9.8","false"
"SHADE","ANOTHER","11","11.4","95.4","6.203125","FLIP","11.684827975183305","13","0.06325548336647746","0.023603575772787874","0.007401000135153379","0","0.7968749999999999","parsed","https://textage.cc/score/19/shade.html?DAB00","0.3743772792113817","0.023220636765865946","0.06899576270893722","0.17093206951026732","0.16161247983481297","955.5806858986192","0.3333333333333333","83","11.8","true"
"Shadow World","ANOTHER","11","11.4","75","5.3349609375","右MIRROR","11.502808988764045","13","0.08976434676434633","0.01807081807081787","0.002871794871794872","0","0.5911458333333334","parsed","https://textage.cc/score/30/shadowld.html?DAB00","0.4542103599463545","0.03166891759999406","0.09439678084502684","0.24739583333333354","0.16171794283398616","1119.7844071201212","0.21961805555555555","89.1","10.9","false"
"Shamshir","ANOTHER","10","10","95.4","6.203125","左MIRROR","9.884241245136186","11","0.05948217039005373","0.28081225601154747","0","0","0.8255208333333334","parsed","https://textage.cc/score/30/shamshir.html?DAA00","0.3505302848829202","0.027758637523071422","0.07475893179365999","0.10392720306513217","0.09554390251625561","3188.049175085931","0.5517241379310345","38.1","11.8","true"
"Shapeshifter","ANOTHER","11","11.6","75","5.3349609375","左MIRROR","12.832855093256816","13","0.0793129856336293","0.04743138241377376","0.0029300687573367364","0","0.8645833333333334","parsed","https://textage.cc/score/31/shapesft.html?DAB00","0.5277490354002766","0.032370587858919574","0.09008050388384167","0.22974568574023585","0.15995210603225277","2163.142016832531","0.23342415985467757","72.1","10.9","false"
"She is my wife","ANOTHER","10","10.5","50","4.71484375","両RANDOM","9.262820512820513","12","0.07278633217993057","0.06089965397923867","0.006685121107266603","0","0.8645833333333334","parsed","https://textage.cc/score/17/she_wife.html?DAA00","0.4487738513508729","0.02724906457066951","0.07912877863554932","0.15363636363636193","0.1314481934130264","1080.3775947590043","0.3488636363636364","49","10.3","false"
"SHELTER OF THE MIND","ANOTHER","11","11.2","43.9","4.5908203125","FLIP","11.453483521068001","14","0.07502322066001237","0.03612406206745826","0.03301522546805563","0","0.45312499999999994","parsed","https://textage.cc/score/23/shelter.html?DAB00","0.41026716534569735","0.0318376146827252","0.09025862932929908","0.18375370919881348","0.14460302793793234","1765.695284462059","0.40281899109792285","49","10.1","false"
"SHINING☆DANCE","ANOTHER","10","10","30.9","4.3427734375","両RANDOM","10.834990791896868","11","0.07045272655752961","0.09329639324200327","0.0007564139297488247","0","0.9453125000000002","parsed","https://textage.cc/score/33/shiningd.html?DAA00","0.4813055768319718","0.03134590869648516","0.08519651192324246","0.16677600749765706","0.13149410108809514","3041.4626173045613","0.24742268041237114","38.1","9.8","false"
"Shining World","ANOTHER","9","9.3","37.2","4.466796875","右MIRROR","11.25","11","0.07373456790123391","0.008101851851851857","0","0","0.7317708333333334","parsed","https://textage.cc/score/20/shnworld.html?DA900","0.305179637096507","0.034506880327257426","0.10420670574324342","0.2464398734177243","0.14349864206575488","474.49621721504866","0.6162974683544303","22.9","10","false"
"SHION","ANOTHER","11","11.4","75","5.3349609375","右MIRROR","12.413570425830605","12","0.09245876024396991","0.04499619267334643","0.0062569832402233775","0","0.44791666666666663","parsed","https://textage.cc/score/20/shion.html?DAB00","0.42411214992923013","0.03261220877943262","0.09594906294795427","0.2284511784511787","0.16633666599078445","2158.2979213577455","0.34595959595959597","72.1","10.9","false"
"Shirdal","ANOTHER","10","10.5","55.2","4.8388671875","FLIP + 左MIRROR + 右MIRROR","9.368055555555555","13","0.054872359154929655","0.059517466641956875","0.011078576723498282","0","0.8802083333333334","parsed","https://textage.cc/score/32/shirdal.html?DAA00","0.4492143645355336","0.023958713790045993","0.06905967686712743","0.1365796831314058","0.12756326553978295","1772.1678908864744","0.3103448275862069","38.1","10.4","false"
"Shiva","ANOTHER","11","10.7","55.2","4.8388671875","右MIRROR","10.15625","13","0.06681250000000012","0.10432692307692311","0","0","0.8255208333333333","parsed","https://textage.cc/score/27/shiva.html?DAB00","0.44326865072542654","0.03130528770402298","0.08971441826729977","0.11457446808510488","0.12611937506798904","2526.191415722009","0.2978723404255319","49","10.4","false"
"Shogun's Last Dawn ft. Kanae Asaba","ANOTHER","11","","","","","","","","","","","","unparsed","https://textage.cc/score/34/shogunld.html?DAB00","","","","","","","","","",""
"Shooting Fireball","HYPER","10","10.7","55.2","4.8388671875","正規","9.405017921146953","15","0.04354638501742161","0.01916376306620209","0.008924216027874562","0","0.7760416666666667","parsed","https://textage.cc/score/22/shootfir.html?DHA00","0.38931875257924253","0.016004751737721624","0.04785217269233274","0.17281818181818168","0.1369813282640864","753.758342855092","0.45545454545454545","58.5","10.4","false"
"SHOOTING STAR","ANOTHER","11","","50","4.71484375","FLIP + 左MIRROR + 右MIRROR","10.105392156862743","14","0.07846834829007948","0.03344045597865622","0.000562697065243727","0","0.7760416666666666","parsed","https://textage.cc/score/10/shotstar.html?DAB00","0.4673102887930869","0.027347461016381903","0.07701550994055423","0.17204081632653048","0.13643358579167592","1302.7649198421311","0.3040816326530612","58.5","10.3","false"
"Shooting Star","ANOTHER","10","10.2","25.1","4.21875","右MIRROR","10.528599605522682","10","0.06494356500562","0.050018733608092836","0.0017234919445485775","0","0.6927083333333334","parsed","https://textage.cc/score/33/shoot_rg.html?DAA00","0.4216398780940837","0.028662481038466373","0.08033112867910769","0.19632418069087687","0.13207080432536378","1943.9054876707553","0.32418069087688217","27.9","9.7","false"
"Show Me All Your Love","ANOTHER","11","11.4","82.6","5.5830078125","FLIP","11.671130952380953","12","0.06382283564962363","0.056164732882825384","0.003636363636363886","0","0.7994791666666667","parsed","https://textage.cc/score/32/showlove.html?DAB00","0.427554995337593","0.029003978007817486","0.07848110718162894","0.17085889570552137","0.15026129537011093","1864.754971491648","0.27070552147239263","76.1","11.1","true"
"Show Time","ANOTHER","10","10","3.1","3.3505859375","右MIRROR","8.957427536231883","11","0.08553274682306916","0.09958876866552051","0","0.0013196480938416422","0.5390625","parsed","https://textage.cc/score/33/showtime.html?DAA00","0.4808527980276584","0.02654045578688829","0.07841023669386478","0.12424657534246417","0.10759461311386428","1911.6200002739195","0.3589041095890411","22.9","8.3","false"
"shuriken","ANOTHER","11","10.7","60","4.962890625","左MIRROR + 右MIRROR","11.147679324894515","12","0.07694928084784201","0.02654830620741862","0.0003936411809235431","0.0006813020439061317","0.5963541666666666","parsed","https://textage.cc/score/24/shuriken.html?DAB00","0.4119753144500845","0.03188195297407927","0.09110757419866145","0.19331597222222216","0.14691729478961568","1167.3929431327565","0.3897569444444444","43.5","10.5","false"
"Sigmund","HYPER","10","11","55.2","4.8388671875","左MIRROR","11.403061224489797","13","0.0716368381804619","0.013329604772557808","0.01583892617449655","0","0.6432291666666669","parsed","https://textage.cc/score/21/sigmund.html?DHA00","0.41752790491635255","0.02687517633910706","0.07752688667667453","0.07925117004680023","0.1479978423558095","570.489067691164","0.4032761310452418","38.1","10.4","false"
"Signs and Wonders","ANOTHER","9","9.3","19.6","4.0947265625","左MIRROR","9.596692506459949","9","0.06987407990940651","0.018475665296275316","0.003564658674084695","0.0016284680337756334","0.8802083333333333","parsed","https://textage.cc/score/33/signswon.html?DA900","0.466128374912145","0.02932570384922363","0.07947268165209108","0.22579365079364924","0.12728416142930213","1001.7604937657405","0.23148148148148148","14","9.5","false"
"SigSig","ANOTHER","11","10.7","30.9","4.3427734375","FLIP + 右MIRROR","10.550608614232209","10","0.07362491735482111","0.11072013347473617","0.017936022648106745","0","0.6770833333333333","parsed","https://textage.cc/score/12/sigsig.html?DAB00","0.36267531032167766","0.03268650486809822","0.08561224102400623","0.18390752493200282","0.13453538355891836","2223.8016355778896","0.43336355394378967","33","9.8","false"
"SILKY BRAVE","ANOTHER","10","10.7","15","3.970703125","FLIP + 左MIRROR","10.66521287642783","12","0.08252146904757249","0.09135055400852925","0.00669483769205299","0.006629116117850955","0.8619791666666666","parsed","https://textage.cc/score/33/silkybrv.html?DAA00","0.4606363166032615","0.030103797839135124","0.08523810178673252","0.17040382571732116","0.12654660555157124","2296.210860905246","0.2561105207226355","49","9.3","false"
"Silly Love","ANOTHER","10","10.2","30.9","4.3427734375","左MIRROR + 右MIRROR","8.956372456542246","12","0.07135815252203001","0.0361006745781707","0.0006555968202327557","0.00042816365366317796","0.734375","parsed","https://textage.cc/score/27/silylove.html?DAA00","0.450061394484881","0.03084275008290745","0.0902298553043764","0.16287878787878704","0.12052252271288151","1335.688796717375","0.34415584415584416","38.1","9.8","false"
"Silvia Drive","HYPER","10","10","19.6","4.0947265625","FLIP + 両RANDOM","8.78574514038877","10","0.07078322434731314","0.04105003523608174","0.0023973646688628656","0","0.9479166666666667","parsed","https://textage.cc/score/9/silvia.html?DHA00","0.4381120581675927","0.03275509976610173","0.085606608001361","0.187024221453286","0.11707827442061695","1208.196088805587","0.3356401384083045","10.6","9.5","false"
"Silvia Drive","ANOTHER","11","12","82.6","5.5830078125","正規","12.649604601006471","13","0.0836737025165376","0.04500556957421174","0.0016626883993726325","0","0.6901041666666667","parsed","https://textage.cc/score/9/silvia.html?DAB00","0.508231491447912","0.03709010830869513","0.09327106115920601","0.20607394366197102","0.16492702279202234","1464.100894778465","0.2068661971830986","76.1","11.1","true"
"Silver Bullet","HYPER","10","9.6","11.3","3.8466796875","右MIRROR","9.085164749291641","10","0.06418378066765904","0.02554930972994924","0.014527795211931097","0","0.8020833333333334","parsed","https://textage.cc/score/29/slbullet.html?DHA00","0.49200649037837335","0.028950240241731102","0.08283536376316443","0.08798219584569604","0.118728076123428","1142.6071182949452","0.33728981206726016","5.4","9.2","false"
"Singularity Girl","ANOTHER","11","","","","","","","","","","","","unparsed","https://textage.cc/score/34/snglgirl.html?DAB00","","","","","","","","","",""
"Sinus Iridum","HYPER","11","10.7","82.6","5.5830078125","FLIP + 左MIRROR","10.201815823605706","12","0.06912988201790037","0.023545565500406835","0","0.00842148087876322","0.7630208333333334","parsed","https://textage.cc/score/28/sinusiri.html?DHB00","0.45422824354243446","0.025952203452360306","0.0750983862693954","0.15914687774846006","0.15075615725719688","1207.8891424685114","0.24274406332453827","63.1","11.1","true"
"SINOBUZ Fantasy","ANOTHER","10","10.5","37.2","4.466796875","FLIP + 左MIRROR + 右MIRROR","9.74234693877551","12","0.07862834948066633","0.1504975124378113","0.02214890459980843","0","0.8984374999999999","parsed","https://textage.cc/score/24/sinobuzf.html?DAA00","0.40091990372783215","0.03982935911383209","0.10266667496832262","0.18151183970856063","0.11825875474846337","3308.3945134557534","0.39344262295081966","43.5","10","false"
"SISYPHUS","HYPER","10","9.3","19.6","4.0947265625","FLIP + 左MIRROR","8.194632370403058","14","0.06719532212161493","0.07829269563405226","0.015337411899185999","0","0.8463541666666666","parsed","https://textage.cc/score/32/sisyphus.html?DHA00","0.4671399660988014","0.027711649439431735","0.08314241462945608","0.14963636363636143","0.10738960022086892","1522.6867505000166","0.36727272727272725","14","9.5","false"
"Ska-sh All Neurons!!","ANOTHER","10","10","11.3","3.8466796875","FLIP","9.363746630727762","12","0.06999301947350989","0.060293997706741084","0.01281538306538705","0","0.7682291666666666","parsed","https://textage.cc/score/27/skashall.html?DAA00","0.40577598126100545","0.03394319363874618","0.10003136217342053","0.15423228346456547","0.1174931710322669","2110.0173208466394","0.4419291338582677","22.9","9.2","false"
"Skratch Education Lv-1","HYPER","10","11","82.6","5.5830078125","正規","9.32557982053476","12","0.06425740850650605","0.4307757547026226","0.007345706493315838","0","0.8281249999999999","parsed","https://textage.cc/score/32/skedulv1.html?DHA00","0.30779066465111404","0.023047735618115104","0.06844310258145986","0.05893512851897135","0.07386190915863688","2647.9178224497937","0.6119951040391677","58.5","11.1","true"
"Sky High","HYPER","10","10.5","65.3","5.0869140625","FLIP + 左MIRROR + 右MIRROR","11.174999999999999","11","0.054294479536781105","0.016800456200377296","0.0018515594157126247","0","0.9010416666666667","parsed","https://textage.cc/score/24/skyhigh.html?DHA00","0.33438206114816005","0.020387879160736276","0.060820691598768635","0.20436300174519953","0.14683797947894717","628.8323613527715","0.5383944153577661","49","10.6","false"
"Skywalking","ANOTHER","10","10.2","55.2","4.8388671875","両RANDOM","9.84240687679083","13","0.05173799126637568","0.09352256186317322","0.009781659388646051","0","0.8515625","parsed","https://textage.cc/score/33/skywalkn.html?DAA00","0.32859768857879434","0.02252754570268827","0.06149987758556407","0.21057248384118088","0.1230890021194148","1985.7103347762088","0.48291782086795937","43.5","10.4","false"
"Sleepless days","ANOTHER","9","8.5","11.3","3.8466796875","両RANDOM","9.520667522464699","10","0.08448453469244663","0.039182374673030776","0","0","0.9114583333333335","parsed","https://textage.cc/score/25/sleeples.html?DA900","0.4231176423479113","0.032844574780058755","0.0982264065166365","0.20982404692081952","0.12493212852614968","1156.3822581178047","0.28152492668621704","14","9.2","false"
"Slumber☆Party","ANOTHER","11","11.4","78.9","5.458984375","両RANDOM","11.277777777777779","13","0.0863560481663924","0.09995894909688019","0.014220032840722239","0.004433497536945814","0.8385416666666667","parsed","https://textage.cc/score/32/slumberp.html?DAB00","0.45364612902506724","0.03370298619316346","0.08762099737877041","0.19279792746113883","0.1435609897859012","2308.543688800186","0.32746113989637304","89.1","11","false"
"Smalt #28598F","HYPER","10","10","30.9","4.3427734375","左MIRROR","10.126232741617358","10","0.07184873949579804","0.1084979687239136","0","0","0.8411458333333335","parsed","https://textage.cc/score/29/smalt.html?DHA00","0.43276777278497564","0.029247202445019632","0.08498477079692628","0.11290322580644979","0.12427535626757875","2533.471063471869","0.3567362428842505","27.9","9.8","false"
"Smashing Wedge","HYPER","10","10.5","70.6","5.2109375","FLIP","10.887161084529504","16","0.06392354880058568","0.08761215894524807","0.01366929133858267","0","0.9817708333333334","parsed","https://textage.cc/score/27/smawedge.html?DHA00","0.36167861937565654","0.02748486689779529","0.07762188281146506","0.19132439228834847","0.1366559184488781","1526.3600743794118","0.4509639564124057","63.1","10.8","false"
"Smintheus","HYPER","10","10","43.9","4.5908203125","左MIRROR","10.251144334023703","10","0.058271646859082975","0.039567062818336204","0.0167707979626483","0","0.6484374999999999","parsed","https://textage.cc/score/33/sminthus.html?DHA00","0.4193521302352895","0.02704612565832765","0.07385758644228992","0.1549789029535851","0.13011423771717184","1433.413024078402","0.31561181434599156","27.9","10.1","false"
"smooooch・∀・","ANOTHER","10","10.5","55.2","4.8388671875","右MIRROR","10.7490625","12","0.06595558236667919","0.11404579856770486","0.012382475215861772","0","0.9635416666666666","parsed","https://textage.cc/score/16/smooooch.html?DAA00","0.35184850428704967","0.029445206921924306","0.07032879011519774","0.18081998114985706","0.12877983143577762","1694.0159119447212","0.49764373232799247","33","10.4","false"
"smooooch・∀・","LEGGENDARIA","11","11.4","70.6","5.2109375","両RANDOM","13.513198757763975","15","0.07426406205113421","0.08672795173800643","0.010122148807813711","0","0.8984374999999998","parsed","https://textage.cc/score/16/smooooch.html?DXB00","0.3864202047136678","0.026862938389442276","0.07596715727947334","0.20169902912621185","0.1585625834222828","1609.5304529638513","0.3988673139158576","83","10.8","false"
"smooooch・∀・  (Snail's House Remix)","ANOTHER","10","10.2","19.6","4.0947265625","FLIP","9.77808988764045","10","0.06482821028440086","0.04590634875035922","0.01440275782821061","0","0.7213541666666667","parsed","https://textage.cc/score/28/smoooosh.html?DAA00","0.3611303918833021","0.027353840263907133","0.07861403311483685","0.1651747655583977","0.12099863794239137","1403.3288247962266","0.39215686274509803","7.9","9.5","false"
"Snake Stick","HYPER","10","10.5","82.6","5.5830078125","左MIRROR + 右MIRROR","10.142676767676768","9","0.04586564795219724","0.33424623428358047","0","0","0.6640625","parsed","https://textage.cc/score/19/snakestk.html?DHA00","0.30555694642025105","0.018076431328774144","0.05195102419092648","0.11570881226053448","0.0915375654896016","2413.3846303428127","0.5689655172413793","18.4","11.1","true"
"Snakey Kung-fu","HYPER","10","9.6","8.4","3.72265625","左MIRROR","9.102028081123244","11","0.06369806663924296","0.04377485259838193","0.003916083916084099","0","0.7708333333333333","parsed","https://textage.cc/score/24/snkungfu.html?DHA00","0.4102753722168682","0.028863491199572662","0.08318747108867672","0.1341611996251166","0.1058035851468825","1295.1538128572424","0.3786316776007498","5.4","9","false"
"SnapSkipSpark","ANOTHER","11","11.6","86.1","5.70703125","左MIRROR","11.81315192743764","14","0.09010864557739508","0.010883753071253015","0.0041124078624078944","0","0.8020833333333334","parsed","https://textage.cc/score/33/snapskip.html?DAB00","0.4890377440518337","0.032523046556723445","0.08688779394339648","0.2068042142230023","0.1588539830728686","945.5742327182991","0.2607550482879719","83","11.3","true"
"SNOW","ANOTHER","10","10.7","43.9","4.5908203125","正規","9.844936708860759","12","0.0834506589521049","0.011571841851494628","0.018360655737705053","0","0.7005208333333333","parsed","https://textage.cc/score/9/snow_djt.html?DAA00","0.45616532922197106","0.030801158726416693","0.09300507486558705","0.18337066069428773","0.13471194067411874","571.4140533363794","0.27547592385218367","53.9","10.1","false"
"Snow Goose","ANOTHER","11","11.6","86.1","5.70703125","右MIRROR","14.658254468980022","13","0.07060616929698653","0","0.011018651362984305","0","0.734375","parsed","https://textage.cc/score/19/snwgoose.html?DAB00","0.40183982445085","0.023516483516483597","0.07170426932551693","0.19709576138147614","0.18727213435073384","458.4636954001946","0.34850863422291994","76.1","11.3","true"
"snow storm","HYPER","10","9.6","11.3","3.8466796875","正規","9.203733766233766","11","0.06281653291001532","0.02983802216538794","0","0","0.6770833333333334","parsed","https://textage.cc/score/14/snwstorm.html?DHA00","0.4477402894452139","0.02476273536712025","0.06617275261151655","0.08756708407870986","0.12319753807697087","1206.0817550664444","0.3631484794275492","5.4","9.2","false"
"So Fabulous !!","ANOTHER","11","11.2","55.2","4.8388671875","FLIP + 左MIRROR + 右MIRROR","10.504413472706156","22","0.082476587463927","0.010534259146644864","0.047927645036100516","0","0.7057291666666666","parsed","https://textage.cc/score/13/so_fabul.html?DAB00","0.4449857168881517","0.026087357819415475","0.07788719014180534","0.13466864490603142","0.1447474519949651","703.819773642122","0.34421364985163205","99","10.4","false"
"So What","ANOTHER","9","9.3","8.4","3.72265625","左MIRROR","8.698181818181817","10","0.07675898829431439","0.0788653149386845","0.0012040133779264216","0.0010033444816053513","0.6953125","parsed","https://textage.cc/score/31/sowhat.html?DA900","0.46457208361569424","0.028554743380386428","0.08171925249571486","0.17552594670406518","0.11190840225514856","1606.4873036862662","0.2917251051893408","14","9","false"
"Sol Cosine Job 2","HYPER","11","11.8","86.1","5.70703125","FLIP + 左MIRROR","10.908864403728124","15","0.07268607368796452","0.07079232083299425","0.03325795167981765","0","0.7265624999999999","parsed","https://textage.cc/score/20/soljob2.html?DHB00","0.3762318887802886","0.037322389319127104","0.0938340029813777","0.1620816326530618","0.15531251740847404","1619.8348220288954","0.43020408163265306","76.1","11.3","true"
"SOLAR ECLIPSE","HYPER","10","10.5","50","4.71484375","左MIRROR","10.913157894736843","14","0.0717141909814321","0.12429668033116317","0.03264046298529068","0","0.8307291666666667","parsed","https://textage.cc/score/31/solarecl.html?DHA00","0.3679166292860572","0.031985225329842173","0.0860773232981484","0.13207306711979436","0.1251871574232014","2096.575949988069","0.4817332200509771","63.1","10.3","false"
"SOLID STATE SQUAD","HYPER","11","11","55.2","4.8388671875","FLIP + 左MIRROR","9.243975903614457","12","0.06849258716194156","0.1723009666558058","0","0","0.8098958333333333","parsed","https://textage.cc/score/17/sssquad.html?DHB00","0.4390154892481894","0.03553971337263741","0.07745732805826566","0.10588516746411276","0.11960470272676545","3535.639399843842","0.33301435406698565","49","10.4","false"
"SOLID STATE SQUAD  -RISEN RELIC REMIX-","HYPER","10","10.5","37.2","4.466796875","FLIP + 右MIRROR","9.38443579766537","13","0.08392788696317166","0.05509025071177843","0.017956159991155227","0","0.8333333333333334","parsed","https://textage.cc/score/28/sss_rrr.html?DHA00","0.48411841711834064","0.03352210275516952","0.09481170782852766","0.1277887462981229","0.11819683969514978","1501.5925694227976","0.3109575518262586","63.1","10","false"
"SOLID WYVERN","ANOTHER","11","11","70.6","5.2109375","FLIP","12.222222222222221","12","0.06661777935606031","0.05454545454545442","0.0019431818181819902","0","0.8854166666666665","parsed","https://textage.cc/score/29/slwyvern.html?DAB00","0.45116763085409906","0.030674511129974984","0.08205744327306903","0.1688546255506602","0.15368754719857364","1674.6931988042968","0.3568281938325991","67.6","10.8","false"
"SOLITON BEAM","HYPER","10","10.2","25.1","4.21875","右MIRROR","9.609777777777778","10","0.056669364536120675","0.030524465821848097","0.003209693830357995","0","0.8984374999999999","parsed","https://textage.cc/score/16/sltn_emp.html?DHA00","0.40438668051575155","0.022883361341194564","0.06828595069156602","0.15922509225092185","0.12516721285280347","683.8907877154342","0.41697416974169743","14","9.7","false"
"SOLITON BEAM","ANOTHER","11","11.2","65.3","5.0869140625","FLIP + 左MIRROR","11.535111111111112","11","0.06965072821145046","0.009988826385142993","0.02192648532018182","0","0.9244791666666667","parsed","https://textage.cc/score/16/sltn_emp.html?DAB00","0.42323324318790984","0.028064143957321257","0.08361180833010712","0.20171009771986853","0.1521534536302982","598.3278529774715","0.3550488599348534","58.5","10.6","false"
"Somebody Like You","ANOTHER","9","9.3","60","4.962890625","右MIRROR","8.568032187271397","15","0.06951974386339393","0.17641408751334062","0.012209178228388422","0","0.7213541666666665","parsed","https://textage.cc/score/7/smbody29.html?DA900","0.41674136511638576","0.0263827804432092","0.07643165984272383","0.15011961722487827","0.09446933367413378","1459.1074387188114","0.4569377990430622","27.9","10.5","false"
"SOMETHING WONDERFUL","ANOTHER","11","11.2","65.3","5.0869140625","FLIP + 左MIRROR","8.587328767123289","11","0.06920737786640062","0.046859421734795695","0.0021535393818544026","0","0.8828125","parsed","https://textage.cc/score/6/somewonc.html?DAB00","0.3910844392742036","0.028505595027083483","0.08543739825690129","0.15011061946902532","0.133314406436189","1313.2254512824238","0.4413716814159292","49","10.6","false"
"sometime","ANOTHER","8","8.5","2.2","3.2265625","FLIP + 左MIRROR + 右MIRROR","6.176470588235294","14","0.07905483405483417","0.025252525252525426","0.0010389610389611047","0.010389610389610393","0.7057291666666666","parsed","https://textage.cc/score/5/sometm27.html?DA800","0.48160829390987686","0.03557967347038207","0.10655100359041095","0.13819875776397367","0.08751231155114965","751.980000264431","0.36180124223602483","1.7","8","false"
"Somnidiscotheque","HYPER","10","11","30.9","4.3427734375","左MIRROR","8.886655499720826","10","0.06501570746418703","0.06987727234648573","0.025956270419703626","0.001300578034682081","0.9140624999999999","parsed","https://textage.cc/score/30/somnidis.html?DHA00","0.4411112824231881","0.02956950322908705","0.07784432586806045","0.07965931863727337","0.1149836723917834","1895.025986406131","0.3276553106212425","18.4","9.8","false"
"Sorrows","ANOTHER","11","11.2","60","4.962890625","両RANDOM","11.435710819990296","13","0.09875769018626121","0.018456447027875595","0.006467817896389502","0","0.9791666666666667","parsed","https://textage.cc/score/17/sorrows.html?DAB00","0.4983222188757966","0.03466775129442557","0.10496205025695814","0.2346707818930026","0.1526128706335175","880.9367001996263","0.2345679012345679","91.1","10.5","false"
"Souhait bleu","ANOTHER","11","11.8","91.5","5.955078125","FLIP + 左MIRROR","12.574798619102417","17","0.0729276290703876","0.04690002287806006","0.01985815602836833","0.025017158544955374","0.7343750000000001","parsed","https://textage.cc/score/29/souhaitb.html?DAB00","0.4540884430709762","0.03499048849475074","0.07425659826850695","0.18155416012558884","0.16209859983247618","1956.5169546568072","0.2692307692307692","91.1","11.5","true"
"SOUND OF GIALLARHORN","ANOTHER","10","10.7","86.1","5.70703125","左MIRROR + 右MIRROR","12.573333333333332","13","0.05971677271120482","0.07174660793430679","0.010384751339152296","0","0.8177083333333333","parsed","https://textage.cc/score/15/sgiallar.html?DAA00","0.3629399605099315","0.025056164337241848","0.06474406048975206","0.22328813559322463","0.16100801474879536","2193.190224142471","0.34372881355932206","72.1","11.3","true"
"Space Battleship S4T&Oslash;","HYPER","10","","15","3.970703125","左MIRROR","9.580357142857142","10","0.06555824790307545","0.0847312830071451","0.0041826654240445515","0","0.7395833333333333","parsed","https://textage.cc/score/33/spc_s4to.html?DHA00","0.4520738824446656","0.028064454601889673","0.08168082512029097","0.11311154598825683","0.12127270150066259","1775.8466463380335","0.36007827788649704","10.6","9.3","false"
"SPACE FIGHT","ANOTHER","11","11.6","75","5.3349609375","FLIP + 左MIRROR + 右MIRROR","11.882902298850574","13","0.06588235294117652","0.09060818572033096","0.0033110452814219364","0","0.6927083333333334","parsed","https://textage.cc/score/10/spfight.html?DAB00","0.4836153600217698","0.024720298529651547","0.05520377907251181","0.20186368477103167","0.15614320672238033","1517.0762593560248","0.20447284345047922","92.7","10.9","false"
"Space In Time","ANOTHER","11","11.4","65.3","5.0869140625","両RANDOM","8.957988760024763","12","0.05268945029693336","0.19612580552836323","0.0012039634412957013","0.005217391304347827","0.8541666666666666","parsed","https://textage.cc/score/32/spaceint.html?DAB00","0.3711128689477022","0.024143726256145352","0.06713375030471257","0.13108941418293704","0.10878888232855514","2476.229240945559","0.43268242548818087","53.9","10.6","false"
"Space Time","ANOTHER","11","11.4","89","5.8310546875","FLIP","11.567678571428571","14","0.06513612950698992","0.0351013960285482","0.0020039416065906106","0","0.7057291666666666","parsed","https://textage.cc/score/18/space_tm.html?DAB00","0.3749037926781619","0.023829528411144","0.06879359469467962","0.21315789473684102","0.16704853287459254","1073.95898961639","0.3190789473684211","86.5","11.4","true"
"SPARK IN THE NIGHT","ANOTHER","10","10.2","55.2","4.8388671875","FLIP + 左MIRROR + 右MIRROR","9.323951003388064","12","0.0710023479427547","0.09531529516994633","0.0015921288014311284","0.002012522361359571","0.8359375","parsed","https://textage.cc/score/29/sparknit.html?DAA00","0.3572408889068189","0.03711776065656023","0.09331171672047767","0.12107516650808564","0.12750979619257247","2017.8747778222125","0.5214081826831589","43.5","10.4","false"
"Spark Rush","ANOTHER","11","","","","","","","","","","","","unparsed","https://textage.cc/score/34/sparkrsh.html?DAB00","","","","","","","","","",""
"Sparkle Smilin'","ANOTHER","11","11.4","55.2","4.8388671875","右MIRROR","11.165625","12","0.07469143576826158","0.05016792611251034","0.009090400223901658","0.010579345088161204","0.8046875000000001","parsed","https://textage.cc/score/27/s_smilin.html?DAB00","0.40873932849262873","0.030703565538658887","0.08269531582246095","0.18783783783783728","0.14262361303091958","1723.6513609746864","0.38024231127679403","49","10.4","false"
"Special One","ANOTHER","9","10","8.4","3.72265625","FLIP + 左MIRROR","9.696969696969697","10","0.07059114583333331","0.07154513888888886","0.00030000000000000003","0","0.6510416666666666","parsed","https://textage.cc/score/17/special1.html?DA900","0.49323907068076805","0.029848567584338726","0.07247374527488519","0.1770341207349063","0.12382554183281258","1486.608539891894","0.2926509186351706","7.9","9","false"
"SPECIAL SUMMER CAMPAIGN!","HYPER","10","10","30.9","4.3427734375","右MIRROR","11.271926605504587","11","0.07654121630420607","0.11741437687198858","0.007584320875113582","0","0.7578125","parsed","https://textage.cc/score/18/ssc.html?DHA00","0.41888564350657204","0.034292562895314654","0.09816961656411478","0.1679215270413566","0.13540718885476855","2843.5806433064195","0.3213149522799576","38.1","9.8","false"
"Speculation","ANOTHER","11","11.4","86.1","5.70703125","両RANDOM","14.392322097378278","14","0.0898885889011769","0.029576800468414547","0.020477522607507573","0","0.9192708333333334","parsed","https://textage.cc/score/31/speculat.html?DAB00","0.47240708935677","0.03493156280344377","0.09702950406616498","0.21246953696181806","0.1863468626537604","1831.7279233083686","0.26563769293257516","92.7","11.3","true"
"SPEED DEMON","ANOTHER","11","11.4","93.6","6.0791015625","FLIP + 右MIRROR","10.908843537414965","12","0.06797185499293239","0.14787561320362516","0.016512846096283028","0","0.6796875","parsed","https://textage.cc/score/25/spedemon.html?DAB00","0.3714083308145801","0.033150020215784316","0.08510704561895553","0.14132379248658195","0.13102234135652316","2158.719737174099","0.4660107334525939","72.1","11.6","true"
"SPEED ROCKER","ANOTHER","10","10.7","65.3","5.0869140625","正規","11.294834777029195","12","0.05562986422768837","0.03439754587286262","0.02224393569277925","0.004448105436573312","0.8671874999999999","parsed","https://textage.cc/score/26/sprocker.html?DAA00","0.36362614953234096","0.022882283703417317","0.06575270296012839","0.164762301918265","0.14414239187141964","1096.007336560625","0.4378648874061718","49","10.6","false"
"SPEEDY CAT","ANOTHER","10","11","82.6","5.5830078125","両RANDOM","8.772569444444445","12","0.060368098159509206","0.05635266178507813","0","0","0.8619791666666666","parsed","https://textage.cc/score/11/spdy_cat.html?DAA00","0.32353290370656473","0.025696709922941083","0.07472318057475771","0.1447537473233387","0.1280612923964347","1297.845177117015","0.48394004282655245","67.6","11.1","true"
"Spin the disc","HYPER","10","10.2","19.6","4.0947265625","右MIRROR","10.077519379844961","12","0.06711025641025634","0.09303418803418807","0.00331623931623935","0","0.6067708333333335","parsed","https://textage.cc/score/5/spin.html?DHA00","0.4453976646168826","0.027552970579449873","0.06685569208813469","0.22161629434953814","0.12608525234720167","1210.1774231732336","0.29697766097240474","38.1","9.5","false"
"spiral galaxy","ANOTHER","10","10.5","43.9","4.5908203125","右MIRROR","9.135729166666668","11","0.0639762607892543","0.06266604335085463","0.0019511305200506383","0","0.8671875000000001","parsed","https://textage.cc/score/11/spiral.html?DAA00","0.38396204143076546","0.027246731856573295","0.06952040575056331","0.094087992667276","0.11997812143235821","1713.8353682375644","0.4692942254812099","27.9","10.1","false"
"SPLASH!!!!!!!!!","ANOTHER","10","10.2","43.9","4.5908203125","FLIP","10.251736111111112","12","0.0637837183984514","0.07898875045361081","0.006290068948832611","0.0007620660457239627","0.7760416666666666","parsed","https://textage.cc/score/33/splash_.html?DAA00","0.3872501461996206","0.025028698346290023","0.06970959717993548","0.18323643410852594","0.1286200333442514","1256.357552076324","0.45348837209302323","43.5","10.1","false"
"squall","ANOTHER","11","11.6","78.9","5.458984375","右MIRROR","12.30551692165044","13","0.0745616546735482","0.03476434464830654","0.007537957276871097","0","0.5442708333333334","parsed","https://textage.cc/score/31/squall.html?DAB00","0.4725727859287539","0.028467746311182724","0.07739459479404344","0.18440134907251227","0.1582074810247109","1609.831760709246","0.31956155143338955","79.6","11","false"
"Squeeze","ANOTHER","11","11.4","95.4","6.203125","左MIRROR + 右MIRROR","12.186531417300648","14","0.05479743352601147","0.04506127167630054","0.015022612716762983","0","0.7838541666666666","parsed","https://textage.cc/score/21/squeeze.html?DAB00","0.4045769746063196","0.025955890419903798","0.06248524297395501","0.1770888302550565","0.16433142429766098","1289.3613360278746","0.3386103781882146","83","11.8","true"
"STAR BEAT","ANOTHER","10","10.5","55.2","4.8388671875","FLIP + 両RANDOM","11.581199538638984","12","0.07027965620611656","0.09806640838968622","0.00007170671951752524","0","0.7864583333333333","parsed","https://textage.cc/score/30/starbeat.html?DAA00","0.49288996295803217","0.027893172450367668","0.07564312536275283","0.18343224530168123","0.1363329836236269","2722.0790768476795","0.2215628090999011","58.5","10.4","false"
"Star Trail","ANOTHER","10","11","50","4.71484375","左MIRROR + 右MIRROR","10.557333333333334","11","0.06712944040046816","0.05908287216698441","0","0","0.6067708333333334","parsed","https://textage.cc/score/19/strtrail.html?DAA00","0.48310565853937715","0.026287003247350355","0.07140989285758953","0.17053307008884386","0.14522827874139999","1729.2540099573098","0.2596248766041461","49","10.3","false"
"Star Trail","LEGGENDARIA","11","11.8","86.1","5.70703125","FLIP","11.255018039908695","12","0.06746006657315695","0.054683411141583094","0","0.0055770720371804815","0.8098958333333333","parsed","https://textage.cc/score/19/strtrail.html?DXB00","0.41548634460494405","0.023123604235883107","0.06582144687431254","0.17017543859649037","0.1553806419808564","1218.1808730686878","0.312280701754386","67.6","11.3","true"
"Stargazing Trip ～星 探す旅～ ft. 小林マナ","ANOTHER","11","11","55.2","4.8388671875","左MIRROR + 右MIRROR","10.865887207702889","12","0.07765280502985396","0.032343819229065235","0.0005586851488489513","0.000702576112412178","0.71875","parsed","https://textage.cc/score/32/stgztrip.html?DAB00","0.4648816899078071","0.03107450086402138","0.08416189205238596","0.20471180237877268","0.14281963557169136","1612.8948524230627","0.222323879231473","76.1","10.4","false"
"STARLiGHT","ANOTHER","11","11.4","93.6","6.0791015625","両RANDOM","12.039174836601306","14","0.08866538974412867","0.12436252837448565","0.026923815566692915","0","0.8984375000000001","parsed","https://textage.cc/score/23/strlight.html?DAB00","0.4038587582805035","0.03413976026085147","0.0950951718045233","0.17707087959009324","0.1478332713172856","2746.3527313290406","0.3859948761742101","92.7","11.6","true"
"STARLIGHT DANCEHALL","ANOTHER","11","11.8","65.3","5.0869140625","両RANDOM","13.065586419753085","12","0.087247386759581","0.0753794366030829","0.006288312762062231","0","0.8020833333333333","parsed","https://textage.cc/score/23/starltdh.html?DAB00","0.4411423833027493","0.02970389622026885","0.08508742105447105","0.20410895660203127","0.16756272896088326","1884.480842010475","0.36657433056325023","83","10.6","false"
"STARLIGHT JUNCTION","ANOTHER","10","10","50","4.71484375","左MIRROR","10.358727612937717","11","0.06640018579686177","0.060177539223781995","0.00023121387283237015","0","0.640625","parsed","https://textage.cc/score/25/starjunc.html?DAA00","0.3953093049379108","0.02787458037472272","0.08007228514863339","0.19272970561998273","0.1325471521715442","1593.3954880565082","0.34255129348795715","43.5","10.3","false"
"STARLIGHT JUNCTION","LEGGENDARIA","11","11.4","82.6","5.5830078125","左MIRROR + 右MIRROR","12.76236300454424","12","0.06829381702412804","0.04932556970509384","0.00009383378016085799","0","0.7057291666666666","parsed","https://textage.cc/score/25/starjunc.html?DXB00","0.39910073454547124","0.026926219437515258","0.0783851702616873","0.23138297872340688","0.16287634178460103","1594.9635406487869","0.30243161094224924","72.1","11.1","true"
"Static State","ANOTHER","10","10","55.2","4.8388671875","両RANDOM","10.264179104477613","14","0.07652004265425781","0.07997067519751817","0","0.0033862876254180606","0.9296874999999999","parsed","https://textage.cc/score/25/staticst.html?DAA00","0.4325367949062671","0.03682632116150107","0.09569352546793544","0.14252336448598005","0.13154750601783688","2457.8690069530344","0.3355140186915888","43.5","10.4","false"
"Stay my side","ANOTHER","7","7.5","0.9","2.8544921875","正規","7.023445463812435","12","0.10708998548621183","0.034107402031930335","0.005573294629898375","0","0.8697916666666667","parsed","https://textage.cc/score/18/stayside.html?DA700","0.6276082683032198","0.038335767795327984","0.11411601985517796","0.20438972162740754","0.09069682078662933","758.8942740182292","0.18629550321199143","5.4","7.3","false"
"Steel Edge","ANOTHER","11","11.2","50","4.71484375","正規","11.665909090909091","13","0.07505911503993722","0.037946863432690374","0.01661893629456445","0.02004310344827584","0.8411458333333334","parsed","https://textage.cc/score/24/steledge.html?DAB00","0.44551541305042425","0.025784604325817938","0.07470254263836235","0.19696035242290708","0.15279722977763052","1277.2891678921892","0.33480176211453744","67.6","10.3","false"
"STEEL NEEDLE","HYPER","10","10.2","30.9","4.3427734375","右MIRROR","9.712843642611684","11","0.04633471905888582","0.09337062998916473","0.05414766822192253","0","0.7916666666666667","parsed","https://textage.cc/score/15/stneedle.html?DHA00","0.35464424336918715","0.024130396487032562","0.05293415155266187","0.1757462686567142","0.13456054353142247","1948.0532096667996","0.45615671641791045","22.9","9.8","false"
"STEEL NEEDLE","ANOTHER","11","11.8","82.6","5.5830078125","正規","12.03758591065292","13","0.051599193533998104","0.11609898834906413","0.05314396845504678","0","0.5989583333333334","parsed","https://textage.cc/score/15/stneedle.html?DAB00","0.38596650133925386","0.03291209803027656","0.05737631703867294","0.19828990228012774","0.1675738138425805","2540.770287087063","0.36563517915309446","79.6","11.1","true"
"STELLAR WIND","ANOTHER","11","11.4","89","5.8310546875","左MIRROR + 右MIRROR","12.357","14","0.06453292330932511","0.06416066467049693","0.01065199212322258","0","0.8749999999999999","parsed","https://textage.cc/score/18/stellar.html?DAB00","0.33224666648331136","0.03364041875128464","0.07399605742575682","0.18823529411764667","0.1640238708054782","1527.7819970123205","0.5905572755417957","83","11.4","true"
"Stepper","ANOTHER","10","9.6","25.1","4.21875","左MIRROR","10.614168530947055","10","0.06147861398381288","0.045181823291366906","0.0036668165467625903","0","0.8333333333333335","parsed","https://textage.cc/score/29/stepper.html?DAA00","0.4580057974317738","0.023368344051510274","0.06978702428560503","0.19145601617795607","0.1327278779028322","1247.7114078841566","0.2800808897876643","14","9.7","false"
"Stereo Beasts","HYPER","10","10.2","37.2","4.466796875","右MIRROR","10.497991967871487","13","0.06886428844682446","0.03768171384850803","0.0024636572302983942","0","0.6979166666666667","parsed","https://textage.cc/score/31/stereobt.html?DHA00","0.47915170803207485","0.02713550600343062","0.08161591414155303","0.14965694682675726","0.13704913388309137","1569.3013085169375","0.2830188679245283","43.5","10","false"
"STILL IN MY HEART","ANOTHER","11","11.6","89","5.8310546875","FLIP + 右MIRROR","13.423799582463467","17","0.09648133748055923","0.012182477967859037","0.011197511664074735","0","0.8072916666666667","parsed","https://textage.cc/score/5/stheart.html?DAB00","0.5067196661069077","0.03076874635318764","0.0920723632494757","0.206145833333333","0.18051361079255987","625.0883742680769","0.25","98.1","11.4","true"
"stoic","HYPER","10","10.5","19.6","4.0947265625","FLIP","10.073881673881674","12","0.05845184209018517","0.05443190282472934","0.005044404973357003","0","0.5703125000000001","parsed","https://textage.cc/score/7/stoic.html?DHA00","0.42610863205271676","0.0322944689585447","0.06536006230784515","0.1411392405063292","0.13061002692984713","929.4603357505888","0.35345666991236613","22.9","9.5","false"
"STOIC HYPOTHESIS","ANOTHER","11","11.2","70.6","5.2109375","FLIP + 左MIRROR","11.883084577114428","11","0.06167908729328004","0.060330751517688776","0.013467866862047383","0","0.6041666666666667","parsed","https://textage.cc/score/27/stoichyp.html?DAB00","0.4528770580871998","0.02888398999323495","0.07725733044589951","0.17272727272727353","0.14776408625607415","2765.496457307452","0.24696969696969698","49","10.8","false"
"STRAIGHT TO THE STARS","ANOTHER","11","11.6","89","5.8310546875","左MIRROR","12.8231884057971","12","0.07353308874669544","0.03397117123382945","0.006132285436082947","0","0.8072916666666666","parsed","https://textage.cc/score/30/straitst.html?DAB00","0.4131829972706551","0.030620499496346862","0.0884298716352957","0.22029850746268873","0.1658227501456755","1922.4196414968064","0.2835820895522388","76.1","11.4","true"
"STULTI","HYPER","10","10.7","75","5.3349609375","右MIRROR","8.972191011235955","13","0.07426622522776363","0.04359796186719266","0.015916220531605123","0","0.5442708333333334","parsed","https://textage.cc/score/20/stulti.html?DHA00","0.3633175204701472","0.032448987129421916","0.09308864356172368","0.1985611510791344","0.1377566695143933","1227.4702337698393","0.5407673860911271","63.1","10.9","false"
"Stylus","HYPER","10","9.6","11.3","3.8466796875","正規","9.596746575342465","9","0.06370951913640836","0.06383263449014191","0.0040467481488091995","0","0.8125000000000001","parsed","https://textage.cc/score/30/stylus.html?DHA00","0.4373532146082745","0.030632516812584765","0.08533587033811345","0.07118018967333926","0.12001404947024065","1578.792466346395","0.3856691253951528","5.4","9.2","false"
"Submerge Serenade","ANOTHER","11","11.4","82.6","5.5830078125","左MIRROR + 右MIRROR","12.81716223265519","14","0.06284631977371175","0.055926822815978466","0.0028971327404814337","0","0.7369791666666666","parsed","https://textage.cc/score/31/submerge.html?DAB00","0.44775414019660525","0.02746609619410734","0.08063870633782765","0.18056133056133172","0.16428261564043362","2468.45534290424","0.2467082467082467","76.1","11.1","true"
"Substance","ANOTHER","11","11.2","70.6","5.2109375","右MIRROR","12.133271989925142","12","0.07654602468706038","0.0830240601612388","0.0030935522854334627","0","0.6015624999999999","parsed","https://textage.cc/score/33/substanc.html?DAB00","0.531982410802624","0.03442591965114354","0.08563963800857445","0.1035980148883358","0.14959908416401088","2721.1150728923035","0.25392886683209265","72.1","10.8","false"
"Sugar Drippin'","ANOTHER","10","10.5","30.9","4.3427734375","FLIP + 右MIRROR","9.9228515625","11","0.059508250500278796","0.04226946166715877","0.0002965587376570249","0","0.8567708333333333","parsed","https://textage.cc/score/27/sugardrp.html?DAA00","0.5073447288713884","0.019997872422177196","0.05651604376346619","0.16928571428571343","0.12783194846916296","1470.5837857592937","0.28877551020408165","27.9","9.8","false"
"Sugarplum","ANOTHER","10","10.2","15","3.970703125","FLIP + 左MIRROR","11.320241304068796","10","0.07143385187536806","0.02528459340559652","0.0035629733774775857","0","0.7265624999999999","parsed","https://textage.cc/score/28/sugarplm.html?DAA00","0.35947732805299965","0.030185208362098998","0.09034442995800951","0.24981583793738432","0.14348875755520926","859.8544370264561","0.4300184162062615","33","9.3","false"
"SμG@R RU$#","HYPER","10","10.2","60","4.962890625","FLIP + 左MIRROR + 右MIRROR","10.439353099730459","12","0.06313925466907641","0.10356420518116861","0.025902401239349317","0","0.7317708333333333","parsed","https://textage.cc/score/32/sugarush.html?DHA00","0.41346575373658506","0.03196399988719085","0.08206680169302781","0.08727858293075458","0.130057327796071","2333.9466465971973","0.45974235104669886","43.5","10.5","false"
"Summerblue","ANOTHER","10","10.5","25.1","4.21875","FLIP","10.382816901408452","10","0.06443894299899586","0.02582815594563074","0.005447787514582795","0.001062155782848151","0.6796875","parsed","https://textage.cc/score/30/summerbl.html?DAA00","0.427360248992258","0.027291022136424613","0.08020912818637022","0.17521440823327608","0.13628789704246497","1254.073474285953","0.33104631217838765","22.9","9.7","false"
"Sun Field","ANOTHER","11","11.4","60","4.962890625","左MIRROR + 右MIRROR","11.080642115203021","14","0.07259737751113493","0.0994511862557948","0","0","0.7369791666666666","parsed","https://textage.cc/score/13/sunfield.html?DAB00","0.45199796338199777","0.02958643292475927","0.07729425698485014","0.1422155688622744","0.138789012388725","1494.607949720834","0.3203592814371258","58.5","10.5","false"
"Sunny Day Vibes","ANOTHER","11","11","50","4.71484375","FLIP + 左MIRROR + 右MIRROR","10.99828178694158","16","0.08607617113397396","0.038721628317004","0.0014212065079118156","0.008546655656482244","0.5989583333333331","parsed","https://textage.cc/score/30/sundayvb.html?DAB00","0.49431164368520314","0.028133602846726384","0.08187246268453484","0.19964610717896697","0.1377120486927721","1513.0620993014281","0.2082912032355915","86.5","10.3","false"
"super double play sessions","HYPER","10","10.7","75","5.3349609375","正規","10.884444444444444","13","0.059005333809717904","0.014891282155982032","0.011992650061249882","0","0.7578125","parsed","https://textage.cc/score/33/superdps.html?DHA00","0.4113432257795895","0.022652125064232084","0.0641699489160304","0.125708502024291","0.14335019748749994","987.7900844770185","0.3821862348178138","53.9","10.9","false"
"Super Duper Racers","ANOTHER","10","10.2","50","4.71484375","右MIRROR","10.625","13","0.06226397058823516","0.0769117647058824","0.011639215686274653","0","0.6744791666666665","parsed","https://textage.cc/score/23/superdup.html?DAA00","0.3537914998109986","0.027551579388345827","0.07756283555286747","0.18746556473829187","0.133049133327174","1749.238639304748","0.4554637281910009","38.1","10.3","false"
"SUPER HEROINE!!","ANOTHER","11","11.6","75","5.3349609375","FLIP + 右MIRROR","11.599453871659842","14","0.08065834431919051","0.0751735317065296","0.0074707417471547655","0.003002502085070893","0.7864583333333334","parsed","https://textage.cc/score/32/sheroine.html?DAB00","0.48169418009848164","0.0299653262259154","0.08246332438587868","0.15599999999999958","0.14596616062014284","2448.8344331271155","0.295","79.6","10.9","false"
"Surf on the Light","ANOTHER","10","10.2","43.9","4.5908203125","FLIP + 左MIRROR + 右MIRROR","10.405851957749388","12","0.07013303422370591","0.0987713898163606","0.000517529215358932","0.0007512520868113523","0.640625","parsed","https://textage.cc/score/24/surfon.html?DAA00","0.4298072475073732","0.033031555056154745","0.0910083994634251","0.21979865771811988","0.13489185261251566","2868.769538770153","0.3058485139022052","43.5","10.1","false"
"SURVIVOR","ANOTHER","10","10.2","15","3.970703125","正規","9.39569536423841","12","0.08218942731277515","0.03729809104258442","0.015718061674009066","0","0.8020833333333331","parsed","https://textage.cc/score/23/survivor.html?DAA00","0.46861809063940024","0.026747679367933378","0.07979997573964015","0.1983909415971375","0.12420449961267298","1149.0559830862035","0.32777115613825986","58.5","9.3","false"
"suspicions","HYPER","10","10.5","60","4.962890625","右MIRROR","10.913286713286713","12","0.06396578239138775","0.029638707334785633","0","0","0.78125","parsed","https://textage.cc/score/30/suspcion.html?DHA00","0.4163979881203084","0.030089141205098903","0.08746688711485091","0.2044041450777191","0.14506954174707085","1489.3499788800798","0.33506044905008636","49","10.5","false"
"Swarm Of Scarabs","ANOTHER","11","11.4","55.2","4.8388671875","右MIRROR","11.483204134366925","14","0.07547554755475513","0.114986498649865","0.04542454245424527","0","0.5624999999999999","parsed","https://textage.cc/score/28/swarmofs.html?DAB00","0.44337962770641814","0.02696470520507468","0.06927011172995869","0.1714285714285712","0.13707628334708175","2140.2310262446263","0.33170254403131116","63.1","10.4","false"
"SWEET LAB","HYPER","10","10.2","19.6","4.0947265625","FLIP + 右MIRROR","7.5307262569832405","14","0.08124258160237392","0.144473293768546","0.012344213649851627","0","0.7005208333333334","parsed","https://textage.cc/score/4/swtlab24.html?DHA00","0.4230824487618113","0.029003594830627658","0.07225853155407422","0.1424028268551229","0.10395015212148753","1080.4419556759876","0.37279151943462896","91.1","9.5","false"
"Sweet Radar","ANOTHER","10","9.6","19.6","4.0947265625","FLIP + 左MIRROR","9.45179584120983","11","0.06570166666666653","0.014","0","0","0.9583333333333335","parsed","https://textage.cc/score/22/swtradar.html?DAA00","0.4019028725228012","0.021079471760151878","0.06239345065168777","0.22194982896237112","0.1234992255157888","671.8684526088799","0.41961231470923605","27.9","9.5","false"
"Sweet Sweet &hearts; Magic","ANOTHER","11","","50","4.71484375","FLIP + 両RANDOM","11.965973534971644","14","0.08369668246445476","0.05086887835702999","0.02972511848341223","0","0.9270833333333334","parsed","https://textage.cc/score/9/swmagic.html?DAB00","0.4003670900822542","0.03207205844553066","0.09351741135432319","0.1726900584795307","0.15002633059655157","1190.7949371031623","0.4233918128654971","76.1","10.3","false"
"SWEETEST SAVAGE","ANOTHER","11","11.4","43.9","4.5908203125","両RANDOM","9.229026845637584","11","0.06811644395964027","0.22241614398690987","0.0404399600036359","0","0.8906249999999999","parsed","https://textage.cc/score/9/savagecp.html?DAB00","0.3663764051124699","0.039764564610719436","0.08406837332175338","0.1414117647058803","0.10582113100988778","2516.728149648719","0.4929411764705882","38.1","10.1","false"
"Swing My Wonderland","ANOTHER","11","11.2","65.3","5.0869140625","FLIP + 両RANDOM","12.212643678160921","12","0.08277392156862665","0.036098039215686197","0.0063498039215685725","0","0.8697916666666667","parsed","https://textage.cc/score/30/swingmyw.html?DAB00","0.44080833957241705","0.03353036216443245","0.09200701382539","0.19091954022988525","0.15606485262717454","1761.208345987124","0.3340996168582375","63.1","10.6","false"
"switch","ANOTHER","11","11.4","82.6","5.5830078125","左MIRROR + 右MIRROR","11.672988505747128","19","0.07578671963468049","0.06056601102850663","0","0","0.7864583333333334","parsed","https://textage.cc/score/15/switch15.html?DAB00","0.457476879970046","0.029379046336540773","0.07209237783869273","0.17850521436848182","0.16306533904988782","1085.1244293837353","0.30011587485515645","94.9","11.1","true"
"Sword of Vengeance","HYPER","10","10.2","37.2","4.466796875","左MIRROR + 右MIRROR","9.621934978456718","11","0.05900622028268099","0.05983765387872078","0.0021702598840617803","0","0.9062499999999998","parsed","https://textage.cc/score/31/swordven.html?DHA00","0.3702363894040738","0.02655656206273509","0.07575189556454645","0.17502218278615744","0.12723893529575686","1738.116309437484","0.4161490683229814","22.9","10","false"
"symbolic","HYPER","10","10.5","37.2","4.466796875","正規","9.85430463576159","12","0.057426495295698814","0.10220654121863809","0.01553763440860221","0","0.7994791666666667","parsed","https://textage.cc/score/8/symbolic.html?DHA00","0.43002037206887395","0.02694892212474332","0.06014008007129843","0.14674329501915515","0.13001852351820053","2132.2137259685032","0.29310344827586204","49","10","false"
"Symmetry","ANOTHER","11","12","96.8","6.3271484375","正規","14.636912393162392","13","0.07548315164432454","0.006186063656237385","0.00104787173863063","0","0.8151041666666669","parsed","https://textage.cc/score/22/symmetry.html?DAB00","0.4711721126921584","0.021523096278624986","0.06278500730471226","0.20498891352550025","0.20198586891958345","680.5989311114398","0.22099039172209903","95.6","11.9","true"
"sync","ANOTHER","11","11","82.6","5.5830078125","左MIRROR + 右MIRROR","10.776495726495726","12","0.0571528631478763","0.0070017250267676925","0.004573898560494713","0","0.7109375","parsed","https://textage.cc/score/5/sync.html?DAB00","0.370409859650661","0.02153217440530363","0.06129027527832373","0.18006814310050945","0.15282871817288854","546.2433328559614","0.3543441226575809","63.1","11.1","true"
"SYNC-ANTHEM","HYPER","10","10.5","43.9","4.5908203125","左MIRROR","10.395205992509363","12","0.0626617895025074","0.05830108712361411","0.002991871793393473","0","0.7265625000000001","parsed","https://textage.cc/score/20/sync_ant.html?DHA00","0.4394384430664762","0.02452540043579467","0.07013715292730004","0.13009049773755663","0.13191586768034863","1925.0336366733966","0.3239819004524887","43.5","10.1","false"
"Synergy For Angels","ANOTHER","11","11.4","89","5.8310546875","両RANDOM","13.507900677200903","12","0.060457887700534195","0.028409090909090908","0.0010360962566844925","0","0.8880208333333334","parsed","https://textage.cc/score/20/synergy.html?DAB00","0.42030967789616813","0.02262182107687238","0.06721012685676443","0.19887218045112828","0.1798347073172042","1066.5292421772074","0.2699248120300752","76.1","11.4","true"
"TA・DA ☆ YO・SHI","ANOTHER","10","10.2","43.9","4.5908203125","左MIRROR","9.693121693121693","11","0.04710876091703046","0.08362445414847161","0.0006986899563318783","0","0.7005208333333334","parsed","https://textage.cc/score/22/tadayosi.html?DAA00","0.3174487276229648","0.01740370120541708","0.05150543259908529","0.15606617647058857","0.13020240917264103","1258.0176082792539","0.6011029411764706","27.9","10.1","false"
"Tail Lights","ANOTHER","11","11.6","96.8","6.3271484375","左MIRROR + 右MIRROR","13.271518987341773","16","0.072859459201678","0.017386777306182176","0","0","0.5807291666666666","parsed","https://textage.cc/score/29/tailight.html?DAB00","0.3596734962341472","0.02998414107571744","0.08859995803653022","0.23274672187716067","0.17658802103950766","995.3537045021457","0.4472049689440994","91.1","11.9","true"
"Take It Easy","HYPER","11","11.6","50","4.71484375","正規","11.083732057416269","16","0.06947622131088523","0.033005971652636995","0.011005108281171343","0","0.7083333333333333","parsed","https://textage.cc/score/6/take_ez.html?DHB00","0.3992301641429209","0.027834204034478352","0.08215951997076756","0.22878787878787918","0.14300262607228326","1017.083443095041","0.37542087542087543","58.5","10.3","false"
"take me higher","ANOTHER","10","10.2","25.1","4.21875","左MIRROR + 右MIRROR","8.749429781687846","10","0.07709965738120063","0.07522717116043495","0","0","0.6692708333333335","parsed","https://textage.cc/score/27/takemekh.html?DAA00","0.416261243383019","0.03128377131381961","0.08903550742133891","0.15132530120481724","0.1212388895403101","1667.3414663178257","0.3493975903614458","18.4","9.7","false"
"Take My Life","ANOTHER","11","11.8","93.6","6.0791015625","FLIP","12.942708333333334","13","0.05422535211267569","0.03746287247293295","0.003985819679984905","0","0.8984375000000001","parsed","https://textage.cc/score/20/takelife.html?DAB00","0.3908353220351449","0.021621045876166194","0.0604716182180539","0.18792114695340642","0.16753428561396788","1679.5740806862182","0.31899641577060933","83","11.6","true"
"Technicolour Dreams","ANOTHER","10","10.2","15","3.970703125","右MIRROR","11.592216582064298","11","0.0959699313968761","0.04624629007930713","0.0025066900209217307","0","0.6484374999999999","parsed","https://textage.cc/score/26/techcolr.html?DAA00","0.43350760503794805","0.03909310508465701","0.11507512929263633","0.21685022026431655","0.14676146022005124","1691.3613387436762","0.33480176211453744","49","9.3","false"
"TECHNO RUMBLE","ANOTHER","11","12.1","97.7","6.451171875","右MIRROR","12.791182170542637","13","0.06705920230294252","0.07569789023143063","0.0017423582440057566","0","0.5052083333333333","parsed","https://textage.cc/score/32/tcrumble.html?DAB00","0.39947752924866603","0.026410067435454317","0.07257728126611604","0.1558577405857747","0.16690831222319807","2023.8410580281834","0.35495118549511856","91.1","12","true"
"TEKNO KEISER","HYPER","10","","","","","","","","","","","","unparsed","https://textage.cc/score/34/tenkoksr.html?DHA00","","","","","","","","","",""
"Tell me what you wish feat.らっぷびと","ANOTHER","11","11.2","60","4.962890625","左MIRROR + 右MIRROR","11.87106991116261","13","0.07136357868433162","0.019580792732526064","0.018738213456019406","0","0.8749999999999999","parsed","https://textage.cc/score/28/tellwhat.html?DAB00","0.4435126815729358","0.02844478974931633","0.08206567376637779","0.18301955104996553","0.15264837607780748","1416.2804598036123","0.3294713975380159","58.5","10.5","false"
"Temple of Anubis","ANOTHER","11","10.7","60","4.962890625","FLIP","10.490853658536585","12","0.06640390390390356","0.10521408505279485","0.00248764893926186","0","0.6458333333333333","parsed","https://textage.cc/score/25/t_anubis.html?DAB00","0.38150407802869735","0.02677299603141289","0.07740376110420892","0.15346320346320222","0.12858090161619598","1426.728699262887","0.49437229437229435","53.9","10.5","false"
"THANK YOU FOR PLAYING","ANOTHER","10","10.2","60","4.962890625","正規","11.29192849592051","16","0.08737931080291132","0.04479515383389117","0.017135873319517856","0","0.8124999999999999","parsed","https://textage.cc/score/16/thank_u4.html?DAA00","0.486974923367403","0.028837929753870572","0.0787289938238468","0.13423423423423206","0.15284848337526444","1149.930992122443","0.30180180180180183","79.6","10.5","false"
"THANK YOU FOR PLAYING","LEGGENDARIA","11","11.4","99.7","7.69140625","右MIRROR","12.056964301877183","22","0.08141458635791031","0.06367572409674524","0.012517169304269727","0","0.6015624999999999","parsed","https://textage.cc/score/16/thank_u4.html?DXB00","0.350387603458675","0.03274100236466666","0.08896111897732623","0.22067594433399618","0.1693542974267954","1439.6559274349522","0.4662027833001988","99.3","13.3","true"
"That Feeling","ANOTHER","10","10.2","25.1","4.21875","左MIRROR + 右MIRROR","8.37673611111111","10","0.05760103626943009","0.09481865284974095","0.0029844559585494113","0.005595854922279794","0.6171875","parsed","https://textage.cc/score/28/thatfeel.html?DAA00","0.41855085322322855","0.02344800556266067","0.06872231255582144","0.11757049891539956","0.1174122823659907","1703.1371659097483","0.3774403470715835","22.9","9.7","false"
"The Best of Both Worlds","ANOTHER","10","10.2","37.2","4.466796875","両RANDOM","10.350427350427351","11","0.06849607762179984","0.037365813377374074","0.012518579686209723","0","0.9114583333333331","parsed","https://textage.cc/score/26/t_bestof.html?DAA00","0.3959109139542105","0.028562175323817947","0.08480595412939966","0.1349376114081993","0.1262878441552518","1391.4667424802446","0.446524064171123","38.1","10","false"
"THE BLACK KNIGHT","HYPER","10","10","15","3.970703125","両RANDOM","9.05","12","0.06992633517495375","0.02747482719858414","0.0008858912726316133","0.00621546961325967","0.8229166666666666","parsed","https://textage.cc/score/18/tbknight.html?DHA00","0.38537581739587007","0.03145484991308361","0.07344947812764875","0.1528513238289196","0.12281122189278208","881.4694529353624","0.4725050916496945","18.4","9.3","false"
"THE BRAVE MUST DIE","HYPER","10","10","43.9","4.5908203125","左MIRROR","9.880103934669636","11","0.05760745012585939","0.04453920426794897","0.0054792050193486225","0","0.8229166666666666","parsed","https://textage.cc/score/27/thebrave.html?DHA00","0.3953320276713687","0.02647708355470791","0.0733624915546985","0.1087755102040798","0.12853678792594386","1190.8867912959738","0.3820408163265306","27.9","10.1","false"
"THE CANNONBALLER","HYPER","10","9.6","19.6","4.0947265625","左MIRROR + 右MIRROR","10.083561643835615","12","0.06732758230312866","0.0440157587284335","0.013581488022460814","0","0.6119791666666666","parsed","https://textage.cc/score/25/tcannonb.html?DHA00","0.40230667090360556","0.029150332158184696","0.08499826857352939","0.09826446280991548","0.1305622394324825","1460.0376473017668","0.4446280991735537","22.9","9.5","false"
"THE CANNONBALLER","ANOTHER","11","12","96.8","6.3271484375","正規","14.026940639269405","16","0.07529558253849357","0.058677040268237765","0.012641036492073057","0","0.625","parsed","https://textage.cc/score/25/tcannonb.html?DAB00","0.34007809231421665","0.03539370338288309","0.08405555904184486","0.20200246457178375","0.18227283479477738","2044.879450102694","0.5064695009242144","94.9","11.9","true"
"The Chase","HYPER","10","9.6","60","4.962890625","正規","6.412622549019607","8","0.04488466757123475","0.5195214707512374","0","0","0.8463541666666665","parsed","https://textage.cc/score/25/thechase.html?DHA00","0.26771213334890187","0.019193548387096814","0.057425916158407364","0.07287390029325391","0.04271633395425048","2316.009230298216","0.7038123167155426","5.4","10.5","false"
"The Clown of 24stairs","HYPER","10","10.7","82.6","5.5830078125","FLIP + 左MIRROR","11.048145454545455","14","0.0804163814138006","0.07620201169097908","0.005228290062667834","0","0.7968749999999998","parsed","https://textage.cc/score/30/tclown24.html?DHA00","0.3975055964918929","0.03594632526221873","0.09767218075925078","0.13594217347955959","0.13991346836218954","1861.7307064824001","0.39082751744765704","76.1","11.1","true"
"The Commanders","ANOTHER","11","10.7","50","4.71484375","FLIP","10.473856209150327","13","0.07591263650545989","0.046801872074883","0","0","0.7083333333333334","parsed","https://textage.cc/score/24/tcommand.html?DAB00","0.38828242964943877","0.030125556245123954","0.08905429145936074","0.23268518518518405","0.13857048284037227","1156.830888572347","0.4064814814814815","53.9","10.3","false"
"THE CUBE","ANOTHER","11","11.6","43.9","4.5908203125","左MIRROR + 右MIRROR","10.711759935117598","13","0.08876399446783104","0.042899542687543465","0.009541173263878037","0","0.8255208333333334","parsed","https://textage.cc/score/5/thecube.html?DAB00","0.4760143070330036","0.034508734184922965","0.09919053937378272","0.21038592508512927","0.14675420064620778","1182.316559299263","0.340522133938706","63.1","10.1","false"
"THE DAY OF JUBILATIONS","HYPER","10","10","55.2","4.8388671875","右MIRROR","11.213931104356636","15","0.06862919729132645","0.05523393701747802","0.009519206010037657","0","0.5651041666666667","parsed","https://textage.cc/score/26/t_jubila.html?DHA00","0.39643545997260304","0.02789396318389291","0.08431845392764335","0.14087415946205462","0.13690723181743047","973.5375488206562","0.39865513928914503","63.1","10.4","false"
"THE DEEP STRIKER","HYPER","10","10","19.6","4.0947265625","左MIRROR + 右MIRROR","9.72266865079365","13","0.05967509144988235","0.09712054038334975","0.02678938212020869","0","0.7473958333333334","parsed","https://textage.cc/score/15/tdeepstr.html?DHA00","0.4666898368425955","0.028533311693785403","0.07181217436638165","0.15076335877862668","0.12050640451656427","2247.3210634608236","0.38740458015267176","18.4","9.5","false"
"THE DEEP STRIKER","ANOTHER","11","11.6","65.3","5.0869140625","正規","12.451537698412698","13","0.06620903263844284","0.09692538133955855","0.028301151687295488","0","0.7239583333333333","parsed","https://textage.cc/score/15/tdeepstr.html?DAB00","0.43204807822677094","0.028911464769731384","0.06673828420788994","0.21444270015698652","0.15537960050468047","2668.850954334826","0.4010989010989011","63.1","10.6","false"
"THE DETONATOR","ANOTHER","10","10.7","65.3","5.0869140625","FLIP + 左MIRROR + 右MIRROR","11.522324742814721","12","0.09298577003792147","0.1261680350502561","0.018125694930230925","0","0.7552083333333334","parsed","https://textage.cc/score/21/the_deto.html?DAA00","0.37720881143617035","0.0403847920514844","0.10797770608455107","0.1841956345998398","0.14916652455719062","3473.696514606345","0.34438156831042843","72.1","10.6","false"
"The Dirty of Loudness","HYPER","10","10","55.2","4.8388671875","正規","11.34375","23","0.0787866634257006","0.03548857559552753","0.009800680602819484","0","0.2786458333333333","parsed","https://textage.cc/score/13/thedirty.html?DHA00","0.3771733800962145","0.030011839348502645","0.0867725236489283","0.14760609357997645","0.1504127932431162","1073.7036154967207","0.4428726877040261","58.5","10.4","false"
"The Dirty of Loudness","ANOTHER","10","10","60","4.962890625","左MIRROR + 右MIRROR","12.021139705882353","25","0.08585136478324006","0.0334887988378317","0.012166067742182572","0","0.28125000000000006","parsed","https://textage.cc/score/13/thedirty.html?DAA00","0.3758742529433494","0.03226084734337181","0.09038769666707686","0.14926004228329603","0.15548129245210504","1100.5967372939392","0.4439746300211416","79.6","10.5","false"
"THE DOOR INTO RAINBOW","ANOTHER","11","11.2","75","5.3349609375","FLIP + 左MIRROR","10.811417748917748","14","0.059539277759703524","0.08282864936559975","0","0.010473235065942586","0.7682291666666666","parsed","https://textage.cc/score/18/thedoor.html?DAB00","0.3675117072108733","0.027669837010533636","0.06623533037322023","0.18566493955094934","0.14350407149629757","1815.663216960924","0.44559585492227977","67.6","10.9","false"
"THE EARTH LIGHT","HYPER","10","10.5","25.1","4.21875","FLIP + 右MIRROR","8.03317901234568","9","0.06385049466910026","0.12765344347324975","0.0887215445202192","0","0.6276041666666666","parsed","https://textage.cc/score/s/theearth.html?DHA00","0.28504208729339353","0.025401919921123933","0.07431551070334678","0.19840579710144743","0.12279245013620796","672.9745398171323","0.6391304347826087","27.9","9.7","false"
"THE EARTH LIGHT","ANOTHER","7","8","0.9","2.8544921875","FLIP + 左MIRROR + 右MIRROR","6.500385802469137","9","0.07040388153599622","0.05136803371119964","0.10487506676954063","0","0.703125","parsed","https://textage.cc/score/s/theearth.html?DA700","0.28082522285155637","0.024831620329719424","0.07036182435301308","0.08503521126760527","0.09168949769882653","404.211758529555","0.7288732394366197","0.9","7.3","false"
"THE FALLEN","ANOTHER","11","11.2","82.6","5.5830078125","両RANDOM","12.189420803782506","16","0.06116063419719239","0.09421319304710395","0.010919828359475504","0","0.8255208333333334","parsed","https://textage.cc/score/18/t_fallen.html?DAB00","0.3851799944714784","0.02658399398591624","0.067119922570752","0.2425449871465305","0.14952349640016419","1810.8923602227853","0.4473007712082262","63.1","11.1","true"
"THE F∀UST","HYPER","10","10.5","30.9","4.3427734375","右MIRROR","9.497067448680353","11","0.07687020740054519","0.028356749523956504","0.006523596315166588","0","0.6614583333333333","parsed","https://textage.cc/score/27/thefaust.html?DHA00","0.43734270977065093","0.030327094458963748","0.08560801490037245","0.08842592592592427","0.12987728996585585","1040.4073630239477","0.4185185185185185","22.9","9.8","false"
"The Hope of Tomorrow","ANOTHER","10","10.5","65.3","5.0869140625","FLIP + 左MIRROR + 右MIRROR","8.241666666666667","14","0.06292677789012456","0.025846814964610724","0","0","0.7109375000000001","parsed","https://textage.cc/score/11/thehope.html?DAA00","0.35150675910428847","0.022972042626042254","0.06481107628498269","0.145065789473683","0.1220823966058582","604.0416874736533","0.543859649122807","67.6","10.6","false"
"The Last Apocalypse","HYPER","10","10","11.3","3.8466796875","FLIP + 左MIRROR","9.75916453537937","11","0.07046363834898421","0.08571740554706266","0.01598602314915864","0","0.6796875","parsed","https://textage.cc/score/31/tlastapo.html?DHA00","0.47129409940346606","0.03189152605114426","0.08432461503371505","0.08224043715846847","0.11734817606194153","2475.959108575116","0.3333333333333333","14","9.2","false"
"THE LAST STRIKER","ANOTHER","10","11","86.1","5.70703125","FLIP + 左MIRROR + 右MIRROR","11.24411231884058","13","0.0696120151448017","0.035183469609699036","0.017258629717646155","0","0.609375","parsed","https://textage.cc/score/17/tlaststr.html?DAA00","0.3858913763166379","0.026848168112874393","0.07379531191746504","0.19569983136593594","0.16619442699860348","1171.968491934557","0.3145025295109612","83","11.3","true"
"The Limbo","HYPER","10","10.7","50","4.71484375","左MIRROR","10.240549828178695","11","0.060134228187919254","0.060612416107382584","0.03570469798657732","0","0.7890624999999999","parsed","https://textage.cc/score/19/thelimbo.html?DHA00","0.3686935430093785","0.023012976143995115","0.06581604315548076","0.1442883046237534","0.1346434535747362","829.766618818009","0.4125113327289211","38.1","10.3","false"
"THE PEERLESS UNDER HEAVEN","HYPER","10","10","97.7","6.451171875","両RANDOM","8.813865862848532","10","0.0687782147742818","0.19855791153670757","0.0050341997264025575","0","0.8958333333333333","parsed","https://textage.cc/score/28/tpeerles.html?DHA00","0.38949511222878136","0.0295330045320549","0.08571706208376738","0.08106694560669286","0.09846985124705657","2216.9021947286406","0.5146443514644351","33","12","true"
"The Rebellion of Sequencer","HYPER","10","10.2","37.2","4.466796875","左MIRROR","9.719887955182074","11","0.06353506243996161","0.08693563880883773","0.003599103426192678","0","0.8880208333333334","parsed","https://textage.cc/score/26/t_rebeli.html?DHA00","0.447164309580537","0.02969006674067682","0.0810986408517474","0.10797546012269811","0.12213036056147132","2029.5128983353939","0.3803680981595092","18.4","10","false"
"THE SAFARI","HYPER","10","10.7","50","4.71484375","FLIP + 左MIRROR + 右MIRROR","10.817307692307692","12","0.08674444444444407","0.16888888888888912","0.016799999999999732","0","0.5677083333333334","parsed","https://textage.cc/score/3/t_safari.html?DHA00","0.4413572039462743","0.03532605509472028","0.08657455480729094","0.21596045197739938","0.136381062409511","1670.3408311776889","0.3333333333333333","53.9","10.3","false"
"The Sampling Paradise","HYPER","10","10.7","78.9","5.458984375","左MIRROR + 右MIRROR","10.64343163538874","13","0.06089000839630555","0.19787293590820038","0.002418136020151143","0","0.8671874999999999","parsed","https://textage.cc/score/19/t_sample.html?DHA00","0.3758888003115299","0.039680835212529735","0.0836084147843411","0.13347826086956383","0.12152166634430162","2747.363248774368","0.4365217391304348","43.5","11","false"
"the shadow","ANOTHER","11","10.7","60","4.962890625","正規","10.916867469879518","13","0.05017143067358239","0.08986774822499341","0.009694294228010053","0","0.8203125000000001","parsed","https://textage.cc/score/14/t_shadow.html?DAB00","0.4600751244378018","0.026354882538857677","0.04897367507469551","0.13246913580246805","0.14196206652021362","2278.5558938332642","0.3004115226337449","63.1","10.5","false"
"THE SHINING POLARIS (kors k mix)","ANOTHER","11","11.6","82.6","5.5830078125","FLIP + 左MIRROR","13.1890926187118","12","0.06485834058146611","0.09371479902471036","0.002522065218941109","0","0.9218749999999998","parsed","https://textage.cc/score/16/tpolak30.html?DAB00","0.41256355521597476","0.027996471636009906","0.07420212358871495","0.16344481605351383","0.1636429601578108","2239.733029858863","0.2802675585284281","67.6","11.1","true"
"The Sky of Sadness","ANOTHER","11","11.4","70.6","5.2109375","右MIRROR","12.228923076923076","13","0.09660829307568355","0.006541867954911445","0.002062086240830287","0","0.5234375","parsed","https://textage.cc/score/27/tsadness.html?DAB00","0.41284786561466097","0.029587871064590775","0.08824570435935673","0.221258034894397","0.16110629903865864","729.2335501128333","0.4251606978879706","89.1","10.8","false"
"The Smile of You","ANOTHER","7","7.5","0.6","2.73046875","FLIP + 右MIRROR","7.114814814814815","9","0.09025442477876065","0.020757418011452342","0","0","0.7578125000000001","parsed","https://textage.cc/score/14/thesmile.html?DA700","0.33951325665347276","0.02874477781733798","0.08645574976126622","0.18498049414824286","0.09576736611807644","680.1671248139507","0.5331599479843954","1.3","7","false"
"The Story Begins","ANOTHER","11","11.2","86.1","5.70703125","FLIP + 左MIRROR + 右MIRROR","12.012987012987013","15","0.0739662162162158","0.06587837837837841","0","0","0.8906250000000001","parsed","https://textage.cc/score/17/thestory.html?DAB00","0.4458947793926224","0.03737105485214587","0.0816630286439601","0.22038796516231238","0.16113461573039645","1859.3379765983825","0.31353919239904987","92.7","11.3","true"
"THE TIME MACHINE","ANOTHER","11","11.4","91.5","5.955078125","左MIRROR","11.449867890418579","18","0.05918553245239001","0.06656869413136414","0","0","0.8203125000000002","parsed","https://textage.cc/score/30/timemchn.html?DAB00","0.44494425371824703","0.028750818111498353","0.06946266241123039","0.1793061224489793","0.1536872756764324","2070.442991965268","0.22122448979591836","93.8","11.5","true"
"the trigger of innocence","ANOTHER","10","11","82.6","5.5830078125","右MIRROR","12.099841521394612","13","0.0720726915520624","0.0006548788474132286","0","0","0.8645833333333334","parsed","https://textage.cc/score/15/trigger.html?DAA00","0.47394704608312377","0.021018119068162276","0.06408648934790405","0.2558671268334788","0.1756253082004301","271.31138477499377","0.15789473684210525","95.6","11.1","true"
"The Wind of China Express (The 4th Mashup)","ANOTHER","10","10.5","37.2","4.466796875","FLIP + 右MIRROR","10.91358024691358","12","0.07555689102564092","0.06092100301659131","0.008325791855203634","0","0.6510416666666665","parsed","https://textage.cc/score/28/twindchn.html?DAA00","0.43497273002704656","0.02699870322512818","0.07724182065576023","0.2034603811434292","0.14477679066240343","1534.8324366925558","0.3229689067201605","67.6","10","false"
"Theory","ANOTHER","11","11.4","99","6.8232421875","左MIRROR + 右MIRROR","10.723015057111907","12","0.051735459402426326","0.25767053929654554","0.013032429958059099","0","0.6015625","parsed","https://textage.cc/score/27/theory.html?DAB00","0.36617865999756977","0.022004254101496697","0.0636390779430389","0.13214285714285648","0.10864432197977639","2744.325055311252","0.4485049833887043","53.9","12.4","true"
"This Is Club Musik feat. 大久保紅葉","ANOTHER","11","11.4","89","5.8310546875","左MIRROR","11.574367088607595","18","0.06523718386876257","0.10979722032353627","0.014735019366596302","0","0.7838541666666667","parsed","https://textage.cc/score/31/tclubmzk.html?DAB00","0.38128170886479756","0.03252416448690249","0.08011245719704592","0.1673983739837406","0.13946484032780293","2262.6833674562863","0.45284552845528453","94.9","11.4","true"
"(This Is Not) The Angels","ANOTHER","11","11","50","4.71484375","両RANDOM","11.395506589084686","11","0.06388243275129733","0.04436506197571065","0.010986314299197658","0","0.8619791666666666","parsed","https://textage.cc/score/24/theangel.html?DAB00","0.4015516435804307","0.02514588372530493","0.07503946045599356","0.2103375527426154","0.14554171998049098","1668.9304425856217","0.41687763713080167","49","10.3","false"
"Thor's Hammer","HYPER","10","9.6","55.2","4.8388671875","右MIRROR","10.399590163934427","18","0.05535467980295568","0.05041050903119879","0.0028374384236453873","0","0.41927083333333337","parsed","https://textage.cc/score/20/thors_hm.html?DHA00","0.40778882562825064","0.022184454621933174","0.06584172830080386","0.09994829369182855","0.13637105398050084","1354.466247517938","0.4405377456049638","67.6","10.4","false"
"thunder","ANOTHER","11","11.4","75","5.3349609375","FLIP + 左MIRROR + 右MIRROR","9.867575462512171","13","0.06882770870337443","0.04690480889415167","0.0001657785671995432","0","0.8333333333333334","parsed","https://textage.cc/score/8/thunder.html?DAB00","0.4710269262009656","0.026577197289486085","0.07609200499227181","0.1748958333333323","0.1425580150040002","1041.9343980897545","0.18645833333333334","67.6","10.9","false"
"thunder  HOUSE NATION Remix","ANOTHER","10","10.7","60","4.962890625","正規","11.715254237288136","10","0.0288768325617285","0.09868706597222222","0.0026967592592592594","0","0.6354166666666667","parsed","https://textage.cc/score/16/thund28r.html?DAA00","0.3744331602382338","0.004857142857142856","0.013969981685939312","0.19628571428571345","0.14663278350308076","1392.1370235725888","0.32081632653061226","38.1","10.5","false"
"Thunderbolt","ANOTHER","11","11.6","89","5.8310546875","両RANDOM","14.59611111111111","16","0.10204652431520282","0.059909412705058326","0.03264796559205263","0","0.9348958333333334","parsed","https://textage.cc/score/19/thunbolt.html?DAB00","0.4145383235674517","0.037727886765579144","0.10789709228110515","0.1599374021909235","0.18483218062414125","2264.2803971140997","0.3411580594679186","98.1","11.4","true"
"THUNDERSTRIKE","HYPER","10","10","50","4.71484375","両RANDOM","9.01081916537867","10","0.06570711835334482","0.09924242424242422","0.0031492281303600275","0","0.8593750000000002","parsed","https://textage.cc/score/33/thstrike.html?DHA00","0.43421904452211","0.030556891116117417","0.08069784576103797","0.10208333333333199","0.11373810541348389","1802.0803943445883","0.41865079365079366","18.4","10.3","false"
"Tiempo Loco","HYPER","10","10.2","43.9","4.5908203125","FLIP + 左MIRROR","8.85","10","0.05894695543000647","0.06458594894329359","0.003866917765222828","0","0.8906249999999999","parsed","https://textage.cc/score/28/tiempolc.html?DHA00","0.44281934257591193","0.03326425341948361","0.08208923969324317","0.1064966313763212","0.11779264476734182","1897.9629701422189","0.3426371511068335","18.4","10.1","false"
"Time Distortion pt.2 (IIDX Edit)","ANOTHER","11","11.6","91.5","5.955078125","左MIRROR","13.02608695652174","14","0.06650534045393813","0.04706275033377842","0.007209612817089337","0","0.7369791666666667","parsed","https://textage.cc/score/31/timedist.html?DAB00","0.4592545583179636","0.023086862926604956","0.06588198057275381","0.2063479623824443","0.1718492528751744","2002.0886409796717","0.22178683385579936","93.8","11.5","true"
"Time to Air","ANOTHER","11","10.7","55.2","4.8388671875","左MIRROR + 右MIRROR","11.848080524344569","15","0.09298771115281951","0.008625901412624743","0.05363943495011359","0","0.8880208333333335","parsed","https://textage.cc/score/15/time2air.html?DAB00","0.35940335743073","0.029940049261083863","0.09086831848468628","0.18113300492610632","0.16054152182900838","478.41300221216915","0.45714285714285713","98.1","10.4","false"
"Time To Empress","ANOTHER","11","11.4","78.9","5.458984375","正規","13.908097928436911","12","0.06450432396324134","0.07430175666648592","0","0","0.8333333333333334","parsed","https://textage.cc/score/20/time2emp.html?DAB00","0.43300530686390015","0.025405235296673562","0.0711988761712522","0.22523219814241643","0.17323597216870493","2178.868310231223","0.2848297213622291","67.6","11","false"
"Timepiece phase II","HYPER","11","11.2","75","5.3349609375","FLIP + 左MIRROR","11.88280701754386","12","0.08629684639461348","0.08373663851650616","0.011009744286304862","0","0.5963541666666666","parsed","https://textage.cc/score/20/tpiece_2.html?DHB00","0.3611311504580077","0.03562806396107444","0.10345420991672645","0.1659584513692154","0.16519006733036168","1982.9642739379892","0.43626062322946174","67.6","10.9","false"
"Timepiece phase II (CN Ver.)","HYPER","11","11","50","4.71484375","両RANDOM","9.271554056866908","12","0.08391842379395795","0.10172509788426314","0.013393297173030656","0.00046391752577319587","0.9375","parsed","https://textage.cc/score/20/tpiececn.html?DHB00","0.43243958530162296","0.030101128689146776","0.08637395108683164","0.10142517814726734","0.1307244629079","1906.8318161741774","0.2695961995249406","58.5","10.3","false"
"TITANIUM RIDERS","ANOTHER","10","10","15","3.970703125","FLIP + 左MIRROR","9.733333333333333","12","0.07373983221832824","0.09509928852076054","0.008196240841032125","0","0.6718749999999999","parsed","https://textage.cc/score/31/ttnrider.html?DAA00","0.4534905598842277","0.028765562375642137","0.0824915382939404","0.14394285714285504","0.1267279640329507","2153.9398447612057","0.34514285714285714","49","9.3","false"
"TITANS RETURN","ANOTHER","11","11.2","86.1","5.70703125","左MIRROR + 右MIRROR","12.781770833333335","15","0.05718104396723851","0.11895195794792394","0.025716963448922384","0","0.6796875000000001","parsed","https://textage.cc/score/19/titans.html?DAB00","0.42257036062613784","0.02156389749834529","0.059665320095646526","0.19221014492753624","0.15147722559450816","1748.6360168363094","0.32971014492753625","83","11.3","true"
"Tizona d'El Cid","HYPER","10","10.5","6.2","3.5986328125","FLIP","8.349086326402016","11","0.06838745283018856","0.019481132075471624","0.0015622641509433976","0","0.8098958333333333","parsed","https://textage.cc/score/12/tizona.html?DHA00","0.4878367527898162","0.02300161858388325","0.06406308053218081","0.1397291196388245","0.11284599662032797","826.3336093553057","0.3724604966139955","5.4","8.8","false"
"TOGAKUSHI","HYPER","10","10","4.4","3.474609375","両RANDOM","8.099623515783378","9","0.06526802059496585","0.03125715102974833","0.017965102974828152","0.004891304347826088","0.8567708333333335","parsed","https://textage.cc/score/24/togakusi.html?DHA00","0.40330556888118224","0.027169951761052743","0.07873153722531369","0.10407925407925266","0.09856203632581742","839.7748418043332","0.3682983682983683","3.8","8.5","false"
"TOKAKU=ALMiRAJ","ANOTHER","11","11.6","93.6","6.0791015625","FLIP","13.175438596491228","12","0.06290201300227083","0.09499099240228723","0.002810370486410463","0","0.8229166666666667","parsed","https://textage.cc/score/33/tokakual.html?DAB00","0.3694704702171505","0.034273919693220294","0.07765008046149342","0.19889958734525645","0.16277447351886187","2855.236008833192","0.34112792297111416","76.1","11.6","true"
"TOMAHAWK","HYPER","10","10.2","75","5.3349609375","正規","10.95784996133024","15","0.07209187634541393","0.13844973003493674","0.011027278822740148","0","0.8984374999999999","parsed","https://textage.cc/score/29/tomahawk.html?DHA00","0.40314428342401953","0.0300120357341267","0.0815011334865118","0.15368705035971342","0.12703785358531489","2310.4493107508933","0.41007194244604317","67.6","10.9","false"
"Tomorrow Perfume","HYPER","10","10.7","60","4.962890625","FLIP + 右MIRROR","10.694117647058825","11","0.062300146681334705","0.037300605060506045","0","0","0.7291666666666669","parsed","https://textage.cc/score/7/tomorrow.html?DHA00","0.45047572977953376","0.028158630047197986","0.08199929580722076","0.1911462788708283","0.14992570035229807","1160.661217991974","0.3455945252352438","38.1","10.5","false"
"Tomorrow Perfume","ANOTHER","11","11.6","78.9","5.458984375","FLIP + 左MIRROR + 右MIRROR","11.56764705882353","15","0.062420544113907746","0.042694296126790314","0","0","0.5442708333333333","parsed","https://textage.cc/score/7/tomorrow.html?DAB00","0.47353964522186615","0.02707784545283397","0.07911219538699187","0.20815660685154783","0.16203470246647683","1134.4920364306204","0.3091353996737357","63.1","11","false"
"Too Late Snow","ANOTHER","9","9","4.4","3.474609375","左MIRROR","7.979366120218579","10","0.07939822931276296","0.06974820301542776","0","0.0022681451612903227","0.7682291666666666","parsed","https://textage.cc/score/31/toolates.html?DA900","0.4228718784127616","0.033045028364268675","0.09836598555250897","0.13437856328392075","0.10405722949960781","1910.448271538298","0.3979475484606613","3.8","8.5","false"
"Tori-no-kimochi","ANOTHER","11","11.4","37.2","4.466796875","左MIRROR + 右MIRROR","8.035460992907801","12","0.08435186819652823","0.02851390114739633","0.0005978228890850685","0","0.6770833333333333","parsed","https://textage.cc/score/23/torino_k.html?DAB00","0.5732700491370158","0.04474618790425183","0.09273427683791959","0.14283276450511745","0.11340961090585631","1246.1785169274285","0.21274175199089876","33","10","false"
"TOXIC VIBRATION","HYPER","10","10.5","50","4.71484375","右MIRROR","11.175922490208205","12","0.07416632850312795","0.028378069295242572","0.022366308582221658","0","0.8385416666666666","parsed","https://textage.cc/score/22/toxicvib.html?DHA00","0.3754541893002659","0.032993552711127985","0.0945086308799232","0.15940632228219065","0.14584391423225557","1317.134402377323","0.47340015420200465","38.1","10.3","false"
"toy boxer","ANOTHER","10","10","37.2","4.466796875","FLIP + 両RANDOM","11.38810641627543","11","0.07890339425587461","0.024002565159635558","0.02145939260684359","0","0.9791666666666666","parsed","https://textage.cc/score/26/toyboxer.html?DAA00","0.4103368090818172","0.03159872945055483","0.09425555568531033","0.21530408773678894","0.1464467519202244","1071.0897512272832","0.3339980059820538","53.9","10","false"
"ToyCube Pf. (RX-Ver.S.P.L.)","ANOTHER","11","11","50","4.71484375","FLIP + 右MIRROR","12.092371320224997","13","0.07768115292712031","0.04446611093055701","0.03503113529386442","0","0.7552083333333334","parsed","https://textage.cc/score/26/toycube.html?DAB00","0.4526930539719448","0.026455249501961726","0.07839278025606217","0.24652968036529704","0.15128529637978871","1372.0047743731584","0.33059360730593607","72.1","10.3","false"
"traces","ANOTHER","10","10.2","30.9","4.3427734375","FLIP + 左MIRROR + 右MIRROR","9.388235294117647","12","0.06283982013858151","0.054941274755516356","0.009549363605091236","0","0.6536458333333334","parsed","https://textage.cc/score/7/traces.html?DAA00","0.3804371161222654","0.024756157267262473","0.06274580402493325","0.13973544973544808","0.1335988352157712","810.7736592921882","0.44656084656084655","43.5","9.8","false"
"TRANOID","HYPER","10","10.2","37.2","4.466796875","FLIP + 左MIRROR + 右MIRROR","10.646374482061544","12","0.08065290347955822","0.08776160699130739","0.013212761303685731","0","0.8515624999999999","parsed","https://textage.cc/score/14/tranoid.html?DHA00","0.3778991920220963","0.03634778776208599","0.08632588537971092","0.15244716351501478","0.13202606279434403","2193.332404374137","0.489432703003337","18.4","10","false"
"Trill auf G","HYPER","10","10","15","3.970703125","左MIRROR","9.386704384724187","9","0.0749888493761677","0.01644465875072834","0.019953790207542805","0","0.9791666666666667","parsed","https://textage.cc/score/26/trill_g.html?DHA00","0.40617084052464236","0.03202797202797213","0.09728291398084517","0.12242757242756995","0.12770811831174994","991.755942396681","0.4675324675324675","14","9.3","false"
"TRIP MACHINE PhoeniX","ANOTHER","11","11.4","75","5.3349609375","左MIRROR","10.508306822198657","12","0.08221474703982762","0.10390036329386437","0.015037674919267994","0","0.8229166666666666","parsed","https://textage.cc/score/15/triphx26.html?DAB00","0.3564442441516993","0.03600924121284684","0.10497237309955533","0.1988286066584456","0.1360232844070665","1881.3632617179196","0.4192355117139334","67.6","10.9","false"
"TRIP THE DEEP","ANOTHER","11","11.8","99.2","6.947265625","FLIP","11.572602739726028","19","0.05678385416666656","0.20615004208754206","0.006365740740740397","0","0.7057291666666667","parsed","https://textage.cc/score/31/tripdeep.html?DAB00","0.35327310348015156","0.030499579931228246","0.0681232774887628","0.14356287425149775","0.1369029583355025","2962.6695131705405","0.4468562874251497","95.6","12.5","true"
"Triple Counter","HYPER","10","10.2","30.9","4.3427734375","左MIRROR","9.554616240266963","12","0.06670485237962148","0.10154139890099628","0.02947564496600583","0","0.6380208333333333","parsed","https://textage.cc/score/23/tripleco.html?DHA00","0.4246130085159728","0.0292442797947255","0.07810078943932755","0.1622676579925644","0.11963290652365097","2468.874813375935","0.3763940520446097","38.1","9.8","false"
"Triple Cross","HYPER","10","10.2","37.2","4.466796875","右MIRROR","10.139887487028236","10","0.068760686707115","0.030122078392167646","0.021714009928295253","0.006081081081081083","0.9244791666666666","parsed","https://textage.cc/score/29/tricross.html?DHA00","0.441956623972853","0.025911633758379155","0.07616187226282418","0.15821033210332028","0.13131502176559917","1489.0127390899136","0.3247232472324723","27.9","10","false"
"tripping contact (teranoid&MC Natsack Remix)","HYPER","10","9.6","15","3.970703125","FLIP + 左MIRROR + 右MIRROR","8.5103902209685","10","0.04866997944933018","0.07752767711141542","0.012464312546957209","0","0.7109375","parsed","https://textage.cc/score/13/trip_mc.html?DHA00","0.4141347246044432","0.018399026230379235","0.04811067916015673","0.11189944134078002","0.11723595344241637","1464.3314454847832","0.40558659217877097","14","9.3","false"
"Tripping Jumping","ANOTHER","10","10.7","96.8","6.3271484375","FLIP + 左MIRROR","10.426174496644295","11","0.05295397489539749","0.27705181847441285","0","0.006401673640167365","0.8411458333333333","parsed","https://textage.cc/score/31/tripjump.html?DAA00","0.4046478884555553","0.02301741203348786","0.062291168719937846","0.11433962264150772","0.10080906102945847","3354.2115131615064","0.4877358490566038","43.5","11.9","true"
"TROOPERS","HYPER","10","10","15","3.970703125","FLIP","10.509374999999999","11","0.07394076056431041","0.1509494074168474","0.018229755178906727","0","0.5677083333333335","parsed","https://textage.cc/score/15/troopers.html?DHA00","0.3387176570541038","0.03456558767878594","0.09229450847127757","0.14027384324834538","0.12105118440610023","2200.810946074899","0.5750708215297451","22.9","9.3","false"
"Tropical April","ANOTHER","11","11.4","93.6","6.0791015625","FLIP","11.822440622440622","21","0.09608136460081639","0.07351870031985294","0.031605915698134604","0","0.41927083333333326","parsed","https://textage.cc/score/18/tropical.html?DAB00","0.35844278103981997","0.02817365411468877","0.07885561964686742","0.18921052631578886","0.15055481741372914","2117.822302846046","0.5578947368421052","99","11.6","true"
"True Blue","HYPER","10","10.5","19.6","4.0947265625","正規","9.770881226053639","10","0.059883244451415456","0.024189279272213905","0.005627793898517644","0","0.8098958333333334","parsed","https://textage.cc/score/20/trueblue.html?DHA00","0.4254416837472455","0.0254782317475597","0.07161174843576694","0.10962171052631435","0.13064466809004233","1233.0460431643241","0.40625","7.9","9.5","false"
"Turii ～Panta rhei～","ANOTHER","10","10.7","65.3","5.0869140625","右MIRROR","10.385964912280702","10","0.07102755489864829","0.012573902027027","0","0","0.8645833333333335","parsed","https://textage.cc/score/16/turii.html?DAA00","0.3905592584976327","0.0233665752920418","0.06940812353356805","0.14524632670700277","0.14711612599824908","896.4491062574995","0.3146067415730337","53.9","10.6","false"
"Twelfth Style","ANOTHER","9","9.6","25.1","4.21875","正規","8.937614199947795","12","0.08287149532710213","0.05630841121495327","0.0040093457943925275","0","0.5781249999999999","parsed","https://textage.cc/score/12/twelfth.html?DA900","0.4081401485041908","0.038204656152389535","0.09683051689228823","0.12296450939456971","0.12811866701238878","1018.6174693780898","0.4592901878914405","38.1","9.7","false"
"Twilight Warp","ANOTHER","9","10.2","19.6","4.0947265625","両RANDOM","9.27398444252377","11","0.07008853681267443","0.0676296986641815","0","0","0.8776041666666667","parsed","https://textage.cc/score/26/twi_warp.html?DA900","0.4453458946748756","0.0351263226881551","0.0869946087916342","0.14606458123107843","0.11949407964470157","2016.123403888068","0.33905146316851664","18.4","9.5","false"
"TYPE MARS (G-Style Mix)","HYPER","10","10.5","8.4","3.72265625","FLIP + 両RANDOM","8.629934210526317","12","0.05894609618194525","0.05363382250174703","0.020687376913792382","0","0.8177083333333333","parsed","https://textage.cc/score/13/typemars.html?DHA00","0.4051511159113456","0.02465722555382803","0.07094761507682053","0.07100313479623702","0.11481046416704851","1205.0344408597975","0.4200626959247649","10.6","9","false"
"u gotta beat","HYPER","10","10","55.2","4.8388671875","両RANDOM","9.960674157303371","14","0.05030456852791883","0.09877326565143822","0.0037901861252116987","0","0.8307291666666666","parsed","https://textage.cc/score/32/ugottabt.html?DHA00","0.4169278760620836","0.019479677097577752","0.056444381017565846","0.12395264116575441","0.1218919389824901","1509.2516301015087","0.4116575591985428","27.9","10.4","false"
"Uaigh Geala&#0237;","HYPER","10","","25.1","4.21875","右MIRROR","9.458263971462545","11","0.06724520241567389","0.06357427814734455","0.003507612438518614","0","0.7552083333333334","parsed","https://textage.cc/score/32/uaigh.html?DHA00","0.5162690355287883","0.027940027058939908","0.07911719329143851","0.0722532588454363","0.12230414394343717","2128.062022974156","0.24953445065176907","22.9","9.7","false"
"&Uuml;bertreffen","HYPER","10","","25.1","4.21875","FLIP + 右MIRROR","10.389849624060151","12","0.06639957303614726","0.06350182726055636","0.002214422694214084","0","0.5546875","parsed","https://textage.cc/score/15/ubertref.html?DHA00","0.4237256859066348","0.033064958962878616","0.07913678725287623","0.06397058823529284","0.1301393718481804","1862.6800294380307","0.39705882352941174","14","9.7","false"
"&Uuml;bertreffen","ANOTHER","11","","75","5.3349609375","正規","12.76654135338346","13","0.07568553255396164","0.0565240436997556","0.0038446361789215887","0","0.8229166666666667","parsed","https://textage.cc/score/15/ubertref.html?DAB00","0.4192531692416331","0.03329606434123363","0.07761207824354971","0.1328264758497308","0.16087487707745665","1971.8832228688154","0.3300536672629696","53.9","10.9","false"
"Uh-Oh","ANOTHER","10","10.2","89","5.8310546875","左MIRROR + 右MIRROR","9.794034090909092","12","0.059196881798404634","0.237974377568286","0.009736524051244831","0","0.7890625","parsed","https://textage.cc/score/23/uh_oh.html?DAA00","0.3484246082010935","0.026186708270420946","0.06947740653825438","0.14327102803738118","0.10754295434395338","2769.142728830348","0.47570093457943924","49","11.4","true"
"Umbral","ANOTHER","10","10.2","15","3.970703125","FLIP + 右MIRROR","8.99090909090909","11","0.08367142736771135","0.06100438153016515","0.0006302662622176661","0","0.5989583333333335","parsed","https://textage.cc/score/24/umbral.html?DAA00","0.39079746283540767","0.0399641445987864","0.10133114554849709","0.17568008705114077","0.11849578506236524","1672.296515547521","0.41131664853101196","14","9.3","false"
"UMMU","HYPER","10","9.6","15","3.970703125","FLIP + 両RANDOM","9.523943661971831","14","0.07596716947648573","0.07485457951296466","0.014244306418219508","0","0.7682291666666666","parsed","https://textage.cc/score/25/ummu.html?DHA00","0.4068424688275879","0.03198800558845204","0.09120065304638358","0.09667968749999793","0.11561409770049362","1872.8073172780646","0.3779296875","18.4","9.3","false"
"UMMU","ANOTHER","11","11.6","95.4","6.203125","FLIP + 左MIRROR + 右MIRROR","13.63943661971831","15","0.07866790582403908","0.07857032218091695","0.013630731102850142","0.0011152416356877324","0.7734375000000002","parsed","https://textage.cc/score/25/ummu.html?DAB00","0.42702383055611015","0.03122177232234443","0.08248811899889559","0.14654411764705866","0.16423239116952176","2148.2258703137454","0.3683823529411765","94.9","11.8","true"
"Unbelief","HYPER","10","10.2","43.9","4.5908203125","両RANDOM","8.904190260475652","14","0.0797549518382847","0.015499932166598712","0.021836928503595098","0.0004120879120879121","0.9375000000000002","parsed","https://textage.cc/score/26/unbelief.html?DHA00","0.4330357586812573","0.0316170864738377","0.09272687575320823","0.1271144278606942","0.12755280156892684","656.5803000747817","0.345273631840796","63.1","10.1","false"
"Under the Sky","ANOTHER","9","8.5","4.4","3.474609375","FLIP + 左MIRROR + 右MIRROR","6.876218323586745","9","0.07787172218284907","0.05917788802267885","0.008345854004252418","0","0.8359375000000001","parsed","https://textage.cc/score/12/undersky.html?DA900","0.37668498448940746","0.02909131562246298","0.08041070066920315","0.14567642956764115","0.10373922575222573","1085.0909167094756","0.4686192468619247","5.4","8.5","false"
"UNDERWORLD HOLOGRAPHY","ANOTHER","11","11.6","78.9","5.458984375","右MIRROR","13.360625814863104","13","0.07765943570527016","0.03753724449301957","0.017268433584448514","0","0.4947916666666667","parsed","https://textage.cc/score/26/undrholo.html?DAB00","0.4099901969174316","0.035024046899666456","0.09145747911400245","0.2252869682646898","0.1757138335204481","1738.294690869804","0.3193787981093856","76.1","11","false"
"UNITE THE HEART","HYPER","10","9.3","25.1","4.21875","両RANDOM","9.815212810788031","11","0.07576658866968596","0.03611832642809615","0.013797308030826676","0","0.9583333333333335","parsed","https://textage.cc/score/27/unitehrt.html?DHA00","0.35628864125018506","0.03600168964569633","0.1049609583660237","0.16713080168776429","0.12702494059359368","1303.6043726888988","0.42362869198312236","18.4","9.7","false"
"UNITE THE HEART","ANOTHER","11","11.4","86.1","5.70703125","FLIP + 左MIRROR + 右MIRROR","12.730931310577327","14","0.09061766604326253","0.047636583307128284","0.014319524668575324","0","0.7213541666666667","parsed","https://textage.cc/score/27/unitehrt.html?DAB00","0.3842348753650377","0.03935624484770824","0.11189991892019675","0.1785511363636377","0.16491405297687203","1779.203154445598","0.3721590909090909","91.1","11.3","true"
"Urban Constellations","ANOTHER","11","11.8","86.1","5.70703125","左MIRROR","11.106909282700423","12","0.08087234729589157","0.059203559573952846","0.0008543737267733368","0.01712926249008722","0.8072916666666665","parsed","https://textage.cc/score/26/urbancon.html?DAB00","0.4264891325209026","0.03734366152374235","0.08864517904940751","0.18687002652519838","0.15397482453273575","2090.1356603255745","0.34659593280282935","72.1","11.3","true"
"Usual Days -remix","HYPER","10","10.5","19.6","4.0947265625","正規","10.40006523157208","10","0.044359197907584656","0.043736240301568634","0.0013959468867800532","0","0.5885416666666667","parsed","https://textage.cc/score/25/usualday.html?DHA00","0.28792371369595604","0.01207210229909618","0.03231322800491448","0.15656192236598782","0.139401066075568","680.5681974942098","0.5924214417744916","18.4","9.5","false"
"V","HYPER","10","10.5","78.9","5.458984375","正規","11.697635135135135","13","0.07645126353790531","0.05054151624548742","0.006238267148014587","0","0.5833333333333334","parsed","https://textage.cc/score/5/v_taka.html?DHA00","0.40560658695938234","0.03702181589888874","0.09130050234796895","0.1365525672371616","0.15269063833163662","1536.7285676641395","0.4588427057864711","83","11","false"
"V","ANOTHER","11","11.6","93.6","6.0791015625","FLIP","12.702702702702702","18","0.08747340425531866","0.047207446808510675","0.005265957446808616","0","0.7005208333333335","parsed","https://textage.cc/score/5/v_taka.html?DAB00","0.4277103748467741","0.03718837611805201","0.09812695437795967","0.15833333333333122","0.16613829539618827","1776.608088636295","0.3970125786163522","97.9","11.6","true"
"V2","HYPER","10","10.2","37.2","4.466796875","正規","11.41004862236629","12","0.08457741477272607","0.04651988636363635","0","0","0.7473958333333333","parsed","https://textage.cc/score/16/v2_taka.html?DHA00","0.3126253605523961","0.031361113455799526","0.09201741948184995","0.0966003316749566","0.1453357944944471","1458.923793191889","0.6268656716417911","86.5","10","false"
"V2","ANOTHER","11","11.8","75","5.3349609375","左MIRROR + 右MIRROR","13.662884927066452","18","0.08992289442467317","0.024614472123369042","0","0","0.4010416666666666","parsed","https://textage.cc/score/16/v2_taka.html?DAB00","0.4092509159517079","0.03453732057652035","0.09844693597794195","0.13139171227521246","0.17587588650493008","1244.6527850104053","0.39171227521501173","99","10.9","false"
"Valanga","HYPER","10","10.5","37.2","4.466796875","正規","10.809770992366413","13","0.0821017174170945","0.03156601321959216","0.029966668549799624","0","0.7864583333333334","parsed","https://textage.cc/score/20/valanga.html?DHA00","0.373856521404207","0.031011099485803943","0.08693005273254263","0.185798816568047","0.13261998805416925","891.8550842911029","0.44970414201183434","63.1","10","false"
"Valgus","ANOTHER","11","11.2","70.6","5.2109375","両RANDOM","10.12893982808023","13","0.07075082508250786","0.08533710513908524","0.026044318717586626","0","0.7994791666666666","parsed","https://textage.cc/score/21/valgus.html?DAB00","0.37969962548157693","0.029910665460382124","0.06200456430893899","0.18868756121449434","0.14655224636887093","1982.3128708635418","0.435847208619001","76.1","10.8","false"
"VALKYRIAS  -英雄誕生-","ANOTHER","11","11.2","60","4.962890625","左MIRROR","12.233287981859409","16","0.09465671154872708","0.024994068450086022","0.011621092591494046","0.0009208731241473398","0.7473958333333334","parsed","https://textage.cc/score/27/valkyris.html?DAB00","0.46464215708842926","0.03305781748104714","0.09297506470369805","0.2128768303186901","0.1571414802584034","1310.3949543426456","0.3281653746770026","94.9","10.5","false"
"VALLIS-NERIA","HYPER","10","10.2","55.2","4.8388671875","FLIP + 左MIRROR + 右MIRROR","9.21845694799659","10","0.04963898457910433","0.03696853397452205","0.015621575382054205","0.0015397775876817793","0.7552083333333334","parsed","https://textage.cc/score/20/vallis.html?DHA00","0.41100897761255406","0.016968989796921664","0.04851515696165744","0.16290926099157996","0.12464840477513295","1325.4308028764808","0.33676333021515437","33","10.4","false"
"VALLIS-NERIA","ANOTHER","11","12","89","5.8310546875","正規","12.767050298380221","15","0.07324341017979034","0.07440779259803353","0.016644241523796663","0.019178505250154396","0.7916666666666666","parsed","https://textage.cc/score/20/vallis.html?DAB00","0.46415748898484166","0.02535675142582865","0.06784895892790374","0.1950549450549451","0.1728093677781597","2803.6430275913276","0.23312401883830455","96.9","11.4","true"
"VANESSA","HYPER","11","11","82.6","5.5830078125","FLIP + 左MIRROR + 右MIRROR","10.594017094017095","11","0.05315838759868606","0.14373595343744597","0.0076828214141649665","0","0.8177083333333331","parsed","https://textage.cc/score/14/vanessa.html?DHB00","0.3451812430318745","0.042818624639044636","0.06425592897897404","0.12317073170731545","0.13514062687049902","1901.8870030318014","0.4490022172949002","58.5","11.1","true"
"vault of heaven","ANOTHER","9","10.2","37.2","4.466796875","FLIP + 左MIRROR + 右MIRROR","9.323050556983718","14","0.07168872549019564","0.10220588235294117","0.004676470588235289","0","0.8177083333333333","parsed","https://textage.cc/score/12/vault.html?DA900","0.3906305112807197","0.02901104315192831","0.0739955443803765","0.15146067415730144","0.12709975497932435","1660.32289326586","0.41797752808988764","38.1","10","false"
"VEGA","ANOTHER","11","11.6","89","5.8310546875","左MIRROR + 右MIRROR","14.176444444444444","15","0.08828668840329772","0.04945135906198068","0.035422767031381974","0","0.5468750000000001","parsed","https://textage.cc/score/20/vega.html?DAB00","0.403821688048413","0.03494070240249286","0.08684690924048759","0.21799698795180833","0.17904043525432978","1902.5105836696032","0.43900602409638556","97.6","11.4","true"
"Venom","HYPER","10","9.6","11.3","3.8466796875","左MIRROR","9.120659722222223","10","0.07057866184448451","0.06502807652041488","0.026241553250214","0","0.6380208333333334","parsed","https://textage.cc/score/24/venom.html?DHA00","0.36562557161243325","0.03410499171724104","0.09351497453554378","0.1431947069943274","0.11685486752131012","1695.0268928673638","0.45085066162570886","10.6","9.2","false"
"Venom","ANOTHER","11","11.2","70.6","5.2109375","右MIRROR","11.965711805555555","14","0.0763284848924513","0.11366027059378268","0.0191171243062862","0","0.7526041666666666","parsed","https://textage.cc/score/24/venom.html?DAB00","0.3864325409807629","0.04359150385007757","0.1010495459627607","0.20462892119357268","0.14879021943973647","2999.4538686399105","0.35042081101759753","76.1","10.8","false"
"Ventriloquist","ANOTHER","11","10.7","19.6","4.0947265625","左MIRROR","10.534072900158478","12","0.08353718469484912","0.03989268341607731","0.0026999648964441676","0","0.5729166666666666","parsed","https://textage.cc/score/29/ventrilq.html?DAB00","0.5474885098769006","0.03011642364269516","0.08483423546296898","0.16718249733190937","0.13536339144462614","1589.4434616663416","0.3105656350053362","27.9","9.5","false"
"Verflucht","HYPER","10","10.2","65.3","5.0869140625","右MIRROR","10.00609756097561","13","0.058516148689823175","0.005484460694698322","0.024229128580133836","0","0.49479166666666663","parsed","https://textage.cc/score/21/verflcht.html?DHA00","0.3662459949595995","0.019628597957288826","0.05976283724016839","0.07284122562673902","0.14138381025164878","409.8356879256209","0.4438254410399257","43.5","10.6","false"
"Vermilion","ANOTHER","10","10.7","86.1","5.70703125","左MIRROR + 右MIRROR","11.455201214882308","13","0.0701353196566468","0.04053955523149839","0","0","0.8645833333333333","parsed","https://textage.cc/score/24/vmilion.html?DAA00","0.3759083385266504","0.030146749838291964","0.08564555700245206","0.15693703308431073","0.15791933444160536","1130.953219308876","0.4204909284951974","67.6","11.3","true"
"Vermilion Carol","HYPER","10","10","30.9","4.3427734375","FLIP + 右MIRROR","10.351359608921479","11","0.07547107438016516","0.0540731995277449","0.008963400236128379","0","0.8203125","parsed","https://textage.cc/score/31/vercarol.html?DHA00","0.43606670950686843","0.030165419867164804","0.08722152583521757","0.1281544256120513","0.1328086978344806","1731.1108315837587","0.339924670433145","33","9.8","false"
"Vermillion","ANOTHER","10","10.5","50","4.71484375","FLIP + 左MIRROR","12.825367362722352","11","0.08132905591200695","0.0009165902841429881","0","0","0.6484375000000001","parsed","https://textage.cc/score/18/vmillion.html?DAA00","0.46334439697130714","0.030793465577596366","0.09389256466402884","0.1586347724620759","0.1646045570760397","364.97322437501913","0.2952158693115519","63.1","10.3","false"
"Vibing! Shake it!","ANOTHER","10","10.2","60","4.962890625","左MIRROR","10.350427350427351","10","0.05905759702725014","0.1471924029727498","0.0006771263418662269","0","0.7994791666666667","parsed","https://textage.cc/score/32/vibingsk.html?DAA00","0.4116611393974087","0.02469358531716674","0.07021794554386826","0.14944029850746202","0.12027729069583751","2889.8440013679683","0.45615671641791045","33","10.5","false"
"VIBRΛ","ANOTHER","10","10.2","30.9","4.3427734375","FLIP + 両RANDOM","8.8","12","0.04658000792811838","0.1311993481324877","0.029104563072586163","0","0.8359375000000002","parsed","https://textage.cc/score/27/vibra.html?DAA00","0.43935801832623905","0.0188374642142562","0.042701144750546136","0.1340229885057455","0.11458353218175213","2709.867699163636","0.32068965517241377","58.5","9.8","false"
"Victory Of Ravers","ANOTHER","10","10","30.9","4.3427734375","右MIRROR","10.596534148827727","13","0.07859512082499576","0.1588148857164845","0.006761582268739748","0","0.7786458333333334","parsed","https://textage.cc/score/29/vcravers.html?DAA00","0.42408761161207686","0.032101427658276775","0.08661973502500318","0.156706706706706","0.12065355504649622","2870.7939050488435","0.3833833833833834","33","9.8","false"
"Vinculum stellarum","HYPER","10","10.5","30.9","4.3427734375","FLIP","9.015151515151516","10","0.06959348739495769","0.03673844537815126","0.0011764705882352944","0","0.8281249999999999","parsed","https://textage.cc/score/27/vinculum.html?DHA00","0.4719692167846548","0.027606322285871853","0.07990019696709923","0.12611940298507293","0.1314161418389208","1527.4842811003043","0.2751865671641791","27.9","9.8","false"
"Violet Pulse","ANOTHER","10","10.7","50","4.71484375","左MIRROR","11.442599742599741","12","0.06579294559605835","0.004870148128985809","0","0","0.7109375","parsed","https://textage.cc/score/23/viopulse.html?DAA00","0.38870546373028425","0.025270020340367443","0.07584955264637193","0.159053833605219","0.15182354100018375","502.60107608356384","0.43882544861337686","33","10.3","false"
"Violet Rose","HYPER","10","10","37.2","4.466796875","右MIRROR","10.355725190839696","11","0.040672268907562904","0.03970711091454136","0.02455550641309145","0","0.7447916666666667","parsed","https://textage.cc/score/23/violrose.html?DHA00","0.3913976586723466","0.014020364917844466","0.03807059224647755","0.19786729857819876","0.13685168803454176","1176.5031801262671","0.42369668246445497","22.9","10","false"
"Violet Rose","ANOTHER","11","11.4","70.6","5.2109375","FLIP + 右MIRROR","13.382188295165395","13","0.06447330392455089","0.027584993915424513","0.025631274718588212","0","0.6432291666666666","parsed","https://textage.cc/score/23/violrose.html?DAB00","0.4461058578368947","0.022435931289614193","0.06036964254098605","0.23532423208191156","0.17553344462864637","1166.6557836687039","0.31569965870307165","83","10.8","false"
"Viridian","HYPER","10","10","25.1","4.21875","右MIRROR","9.338706140350876","10","0.05654839202057085","0.08211467787575304","0.0024163721541874787","0","0.7526041666666666","parsed","https://textage.cc/score/28/viridian.html?DHA00","0.444936617799809","0.025925411932177456","0.07089398747236746","0.10578431372548809","0.11726053267706918","2008.9576951132567","0.38529411764705884","10.6","9.7","false"
"Virus Funk","ANOTHER","10","10.2","25.1","4.21875","FLIP + 左MIRROR + 右MIRROR","8.603875968992249","10","0.059628795386971876","0.11275790611766812","0.0033228218758446925","0","0.7057291666666667","parsed","https://textage.cc/score/27/virusfnk.html?DAA00","0.409270707578648","0.02260705751381358","0.06712728943931318","0.15556792873051098","0.10626604544494109","2046.3936292708775","0.3051224944320713","18.4","9.7","false"
"Visterhv","HYPER","10","10","15","3.970703125","FLIP + 両RANDOM","9.788050627314432","11","0.07482176817892265","0.030835392489463213","0.008926272422967925","0","0.7630208333333334","parsed","https://textage.cc/score/26/visterhv.html?DHA00","0.4310032213734111","0.02786054637624186","0.07920753796145315","0.1609433962264146","0.12511818447651896","1261.6573028091232","0.33962264150943394","18.4","9.3","false"
"Vitamin","ANOTHER","11","11.2","78.9","5.458984375","FLIP + 左MIRROR","11.130081300813009","14","0.06459139883126312","0.07407322863403945","0.0003871439006574144","0","0.49479166666666663","parsed","https://textage.cc/score/33/vitamin.html?DAB00","0.4569928700341726","0.028512683481027076","0.07487691567048603","0.1591554853985792","0.14501699367873258","2683.109917154355","0.2920284135753749","63.1","11","false"
"VJ ARMY","ANOTHER","10","10.2","43.9","4.5908203125","左MIRROR","10.530126081819192","11","0.05185890204925746","0.03198991080370935","0.00463150968227121","0","0.8489583333333334","parsed","https://textage.cc/score/6/vjarmy26.html?DAA00","0.40361993145335934","0.02028570915430832","0.05636354441007547","0.1737837837837844","0.13861188228286123","1084.1932680960883","0.36396396396396397","27.9","10.1","false"
"voice of echo.","ANOTHER","11","11.4","91.5","5.955078125","正規","12.298018292682928","13","0.06466584030575298","0.04612126846400176","0.0025782460489621128","0","0.8567708333333334","parsed","https://textage.cc/score/33/voicecho.html?DAB00","0.40940067980002626","0.030384229217880854","0.08009622364270536","0.18996983408748147","0.1548799705087345","1737.407732099074","0.22699849170437406","72.1","11.5","true"
"V&Oslash;ID","HYPER","10","","30.9","4.3427734375","FLIP + 両RANDOM","8.759504048018455","11","0.06452205971780074","0.139890967836051","0.0025645406482652706","0.002270433905146317","0.7526041666666666","parsed","https://textage.cc/score/30/vo_id.html?DHA00","0.3853877459941232","0.026133597193491443","0.07624247179505426","0.11910828025477505","0.1039238874992452","1847.0321847512778","0.47664543524416136","14","9.8","false"
"VOLAQUAS","HYPER","10","10","19.6","4.0947265625","左MIRROR","9.375658914728682","12","0.07383146197476519","0.040728920344616656","0.034882344186661564","0","0.7213541666666666","parsed","https://textage.cc/score/30/volaquas.html?DHA00","0.47280241555995245","0.03238651580553188","0.0887830383240386","0.10641272902603494","0.12174454198680892","1811.9900199010522","0.36837029893924783","22.9","9.5","false"
"Volcanic Dragon","ANOTHER","11","11.2","50","4.71484375","正規","11.584622597280825","15","0.07441319303925484","0.12477235936867656","0.009469850263051261","0","0.890625","parsed","https://textage.cc/score/27/vldragon.html?DAB00","0.43745365429267247","0.028878655258179883","0.07665024915924103","0.1819469026548667","0.13880744365811326","2841.6331517747276","0.34424778761061947","79.6","10.3","false"
"VOLCANIC BIGBEAT","ANOTHER","11","11.6","96.8","6.3271484375","右MIRROR","11.84337899543379","10","0.05011624320468814","0.25736399737826277","0.005564251840999394","0","0.6458333333333333","parsed","https://textage.cc/score/30/volca_bb.html?DAB00","0.38310660006054686","0.023918851238641035","0.06217984610099273","0.15726429675425102","0.1205684695946047","3858.1556879516875","0.384080370942813","49","11.9","true"
"Voltage (feat. Hidemaru)","HYPER","11","11.8","75","5.3349609375","FLIP + 右MIRROR","10.487380330722367","13","0.09407676348547686","0.20529045643153537","0.009875518672198881","0","0.6875","parsed","https://textage.cc/score/4/voltage.html?DHB00","0.4793575424820205","0.0351700202239024","0.09282248745314906","0.24079118028534166","0.1550360774818451","1439.6868696302097","0.19584954604409857","91.1","10.9","false"
"voltississimo","HYPER","10","10.2","30.9","4.3427734375","FLIP","10.088028169014086","14","0.0761930385883263","0.053519488074461816","0.050471204188482395","0.002356020942408377","0.8463541666666667","parsed","https://textage.cc/score/26/voltissi.html?DHA00","0.45698934209774184","0.028991725808805834","0.07463568232227283","0.09016824395373108","0.1265040970626209","1776.1815192609256","0.3964248159831756","58.5","9.8","false"
"Voo Doo Bamboleo","ANOTHER","10","10.2","43.9","4.5908203125","両RANDOM","11.118485390578416","15","0.07046900894039877","0.11078961905425923","0.03173407273526783","0","0.9140624999999999","parsed","https://textage.cc/score/27/voodooba.html?DAA00","0.47419864386328325","0.024681008670041714","0.0693920449085107","0.1529934518241332","0.13410645692892897","3288.1543801068574","0.30121608980355474","79.6","10.1","false"
"Votum stellarum","HYPER","11","11.2","55.2","4.8388671875","左MIRROR","8.181628498727736","10","0.06334591660498404","0.05024144372775027","0.008706355080892408","0","0.8098958333333334","parsed","https://textage.cc/score/12/votum.html?DHB00","0.34724160884325805","0.025609420102323196","0.06917644477226781","0.1485386221294355","0.12130848856761373","993.0764370569516","0.4551148225469729","38.1","10.4","false"
"VOX UP","HYPER","11","11.4","91.5","5.955078125","FLIP","11.857598039215686","15","0.05891078773848098","0.05486195801208524","0.047345611387860774","0","0.7291666666666669","parsed","https://textage.cc/score/21/voxup_sp.html?DHB00","0.28975275263856615","0.020909668090847863","0.06027831834930903","0.21801801801801984","0.14717161841788332","906.5132933400504","0.6283783783783784","86.5","11.5","true"
"Voxane","ANOTHER","9","10","15","3.970703125","正規","9.269281045751635","11","0.0806809688337324","0.03469186292483417","0.0007446058383868637","0","0.7656249999999999","parsed","https://textage.cc/score/19/voxane.html?DA900","0.4925003564756483","0.0291284105617957","0.08791317562564632","0.2039603960396024","0.129994690636214","1212.2948399873812","0.2896039603960396","33","9.3","false"
"Vulkan","ANOTHER","11","11.6","89","5.8310546875","FLIP","14.39626736111111","13","0.06790836323072703","0.010559558624016321","0.012304260001808898","0","0.8151041666666669","parsed","https://textage.cc/score/22/vulkan.html?DAB00","0.3962344972342356","0.025123001729673213","0.07577826276478421","0.24351464435146827","0.1852693084742157","882.0113847194423","0.3382147838214784","86.5","11.4","true"
"Vulnerability","HYPER","10","10.2","93.6","6.0791015625","右MIRROR","9.010985460420033","13","0.054273668232397466","0.12066286588499651","0.015158664706515147","0","0.8697916666666666","parsed","https://textage.cc/score/31/vulnerab.html?DHA00","0.43829780675777663","0.022933605194951454","0.06757983904288033","0.12603305785123736","0.10484934397646839","1681.338931308872","0.3574380165289256","33","11.6","true"
"WAKE UP NOW","ANOTHER","10","10","19.6","4.0947265625","FLIP","9.648972602739727","12","0.06967613132209405","0.03593611357586507","0.010292812777285045","0","0.7109375","parsed","https://textage.cc/score/28/wakeupnw.html?DAA00","0.44043317958509715","0.029145707592668293","0.08676258834399869","0.14250513347022434","0.12724032645959307","1174.6719106090432","0.38193018480492813","43.5","9.5","false"
"WAKE UP NOW","LEGGENDARIA","11","11.6","78.9","5.458984375","右MIRROR","12.11472602739726","15","0.07752650176678401","0.053504122497055544","0.006784452296819981","0.01939929328621906","0.8750000000000001","parsed","https://textage.cc/score/28/wakeupnw.html?DXB00","0.4560294263431972","0.029515335456905503","0.08244352192781744","0.18424218123496422","0.15845588382470854","2076.6001466955204","0.2518043303929431","89.1","11","false"
"wanna be a ""BAD GIRL"" feat. Nana Takahashi","ANOTHER","9","9","1.5","3.1025390625","左MIRROR","8.469285714285714","9","0.08483399398386297","0.023945067611256206","0.0031396362205168954","0","0.65625","parsed","https://textage.cc/score/30/wanna_bg.html?DA900","0.5068006435237935","0.035380521430476784","0.10658668288603934","0.12567237163814046","0.10884632708750008","1221.9801494257322","0.30073349633251834","2.6","7.8","false"
"Wanna Party?","ANOTHER","9","9.6","11.3","3.8466796875","右MIRROR","9.35582329317269","11","0.07601991758241734","0.022630494505494505","0","0","0.6822916666666667","parsed","https://textage.cc/score/15/wn_party.html?DA900","0.42858631488109733","0.024438430311231465","0.0737559117008783","0.215629228687414","0.12917473082472003","625.822922742031","0.34776725304465494","38.1","9.2","false"
"WAR GAME","ANOTHER","10","10.2","19.6","4.0947265625","FLIP + 左MIRROR + 右MIRROR","8.61890812250333","16","0.09765495612408832","0.21292176492398932","0.04025954764553309","0","0.7890625","parsed","https://textage.cc/score/8/wargame.html?DAA00","0.3384748540907629","0.03065552591808533","0.07631590798115392","0.10067319461444103","0.10039419240857707","2410.3218726479554","0.5716034271725826","99","9.5","false"
"	Warrior","ANOTHER","10","10.7","43.9","4.5908203125","FLIP","10.365767045454545","11","0.08405275779376466","0.066289825282631","0.0035628639945185603","0","0.8489583333333336","parsed","https://textage.cc/score/24/warrior.html?DAA00","0.42439600843919095","0.03612973159923319","0.10250906019794762","0.20125125125125068","0.1385276244484963","2182.864505129678","0.3253253253253253","43.5","10.1","false"
"Watch Out Pt.2","ANOTHER","11","11.8","99.5","7.3193359375","FLIP + 右MIRROR","12.398986058301647","19","0.06756920309113933","0.38727153780103846","0.005439751400417163","0","0.48958333333333337","parsed","https://textage.cc/score/18/watchpt2.html?DAB00","0.343001537446615","0.021021154753381614","0.05642980627172739","0.08064369900271816","0.1035419508996138","3603.3790515959954","0.5077062556663645","94.9","12.9","true"
"WaterCube Pf. (RX-Ver.S.P.L.)","ANOTHER","10","10.5","43.9","4.5908203125","正規","10.212343064025253","13","0.07564887722368012","0.08180227471566032","0.007139107611548516","0","0.8177083333333334","parsed","https://textage.cc/score/31/water_cb.html?DAA00","0.3905367220041312","0.03802600704882843","0.08690386832424019","0.18099009900990073","0.13865039075406782","1675.011574474892","0.4900990099009901","49","10.1","false"
"Watermelon Explosion","ANOTHER","10","10.5","70.6","5.2109375","左MIRROR + 右MIRROR","10.54109589041096","13","0.07302144249512653","0.1283842321854019","0.002365172189733695","0","0.75","parsed","https://textage.cc/score/33/watermln.html?DAA00","0.4571084692534228","0.032995134473615094","0.08927295914113259","0.15353075170842623","0.1259088054244048","2245.612322463718","0.30637813211845105","53.9","10.8","false"
"waxing and wanding","HYPER","10","9.6","8.4","3.72265625","正規","8.589664804469272","11","0.06841574257747705","0.0614559960109699","0.017014080842899498","0","0.765625","parsed","https://textage.cc/score/13/waxing.html?DHA00","0.44512841120641733","0.02681931282390887","0.07221564487931405","0.1471797884841344","0.11615725478208382","1329.4148792372737","0.299647473560517","22.9","9","false"
"waxing and wanding","ANOTHER","11","11.4","75","5.3349609375","FLIP + 左MIRROR","12.439897579143388","18","0.08818842179716926","0.02612000344299777","0.03370874484018142","0","0.7369791666666669","parsed","https://textage.cc/score/13/waxing.html?DAB00","0.44878249061481224","0.030278303291042672","0.08324553407058673","0.2108775137111505","0.16835948386233068","965.3809758180038","0.25594149908592323","98.6","10.9","false"
"We are Disっ娘よっつ打ち命","ANOTHER","9","8.5","2.2","3.2265625","正規","7.772049689440993","10","0.08714123977729787","0.04512640187538288","0","0","0.8281249999999999","parsed","https://textage.cc/score/12/we_disco.html?DA900","0.43991698874618895","0.028705678208397648","0.08698635078028238","0.18726618705035775","0.10428191376315338","877.6107331242702","0.34820143884892085","7.9","8","false"
"We're so Happy (P*Light Remix) IIDX ver.","HYPER","10","10.2","50","4.71484375","左MIRROR","10.195441988950277","14","0.05421809027072162","0.06103095576779796","0.022568132041816215","0","0.8645833333333334","parsed","https://textage.cc/score/22/wesoh_pl.html?DHA00","0.35738840453175197","0.018738842880202403","0.04908515647867465","0.16437908496732012","0.13073620225561958","1398.5249925701678","0.4715219421101774","58.5","10.3","false"
"Welcome","ANOTHER","11","11","65.3","5.0869140625","右MIRROR","11.05","12","0.06821533138142105","0.10113343980125976","0.01542720255522964","0","0.6510416666666666","parsed","https://textage.cc/score/23/welcome.html?DAB00","0.4204803039981884","0.03200980802348642","0.0749046066393896","0.17708520179372084","0.1564263406620793","1932.5981815216721","0.3614349775784753","67.6","10.6","false"
"WHA","HYPER","10","10.2","50","4.71484375","正規","9.54635294117647","12","0.04735803016858922","0.2350122416116199","0.007256235827664482","0","0.8255208333333333","parsed","https://textage.cc/score/29/wha.html?DHA00","0.41824669887535026","0.0215753836820575","0.0577440668098729","0.1137051039697524","0.10130812870793993","3111.7170549093676","0.4281663516068053","27.9","10.3","false"
"When I Met U","ANOTHER","10","9.3","3.1","3.3505859375","左MIRROR + 右MIRROR","9.780392156862744","10","0.07615978348035268","0.03331328521785626","0","0","0.7578125000000001","parsed","https://textage.cc/score/28/whenimet.html?DAA00","0.4198469660326015","0.033248649314546075","0.0996594573265237","0.1609464082098045","0.12371044031035844","1227.0114336120964","0.4321550741163056","10.6","8.3","false"
"Why did you go away","ANOTHER","11","10.5","25.1","4.21875","正規","10.321151716500554","13","0.07392650214592227","0.10295064377682403","0.0005321888412017172","0","0.6901041666666667","parsed","https://textage.cc/score/13/whydidyu.html?DAB00","0.4701434287776276","0.03733984187593935","0.08467977537587139","0.11626626626626414","0.12863213878283192","2653.2864607885977","0.2722722722722723","27.9","9.7","false"
"Wing of Hearts","ANOTHER","11","11","60","4.962890625","FLIP","11.624537037037037","15","0.08886274027060141","0.10544752153338718","0.015376739235116593","0","0.7239583333333333","parsed","https://textage.cc/score/26/wing_hts.html?DAB00","0.37278439814303305","0.03740854775552051","0.09772627387365393","0.23315301391035653","0.1421128565347332","3037.941633259292","0.3608964451313756","76.1","10.5","false"
"winkle 2 winkle","ANOTHER","11","11.2","70.6","5.2109375","FLIP + 左MIRROR + 右MIRROR","12.147685185185185","12","0.06735590787250494","0.07917603567209114","0.0014339977387351297","0","0.7708333333333334","parsed","https://textage.cc/score/31/winkle2w.html?DAB00","0.4211738191227612","0.02873828289696875","0.07827227023801175","0.17571428571428666","0.15151821760397163","2046.8427179473758","0.3330612244897959","63.1","10.8","false"
"Winner's Proof ft. KANASA from bless4","ANOTHER","10","10","30.9","4.3427734375","左MIRROR + 右MIRROR","9.66711051930759","10","0.057208448117539126","0.07369146005509715","0.01234159779614313","0","0.6015625","parsed","https://textage.cc/score/28/winproof.html?DAA00","0.40638102123587955","0.024228635595133607","0.06852855087871107","0.17843419788664797","0.12344527920169324","2024.6628439209508","0.2987512007684918","18.4","9.8","false"
"WISE UP!","ANOTHER","9","9","4.4","3.474609375","両RANDOM","8.237837837837837","9","0.06676489302473572","0.04739819454386369","0.004495347172512515","0","0.9192708333333333","parsed","https://textage.cc/score/18/wise_up.html?DA900","0.44329678955144564","0.02504261603375531","0.0725486328333688","0.1936005625879027","0.10565135270990461","1299.872662608614","0.360056258790436","3.8","8.5","false"
"WISE UP!","LEGGENDARIA","11","11.6","70.6","5.2109375","FLIP + 左MIRROR","13.688124488124487","14","0.08170440131153782","0.024139602230572273","0.00043701984060502127","0","0.6380208333333333","parsed","https://textage.cc/score/18/wise_up.html?DXB00","0.5925899575638848","0.028202479338843064","0.08541256755336128","0.23533057851239542","0.17339119745253412","1515.0245061606545","0.09194214876033058","89.1","10.8","false"
"WISH (EUROBEAT MIX)","ANOTHER","9","9.6","19.6","4.0947265625","右MIRROR","9.970052083333334","11","0.07131105524356765","0.08242457881676893","0","0","0.7395833333333334","parsed","https://textage.cc/score/13/wisheuro.html?DA900","0.2872012636492497","0.030027032102533102","0.06400166375558966","0.16775401069518608","0.12650031740844705","988.7714742268082","0.5668449197860963","18.4","9.5","false"
"with you…","ANOTHER","11","11","43.9","4.5908203125","FLIP + 両RANDOM","10.992619926199263","10","0.06986992279288291","0.004321920107418617","0.0014300100704934613","0","0.8072916666666666","parsed","https://textage.cc/score/13/withyou.html?DAB00","0.4353332576487647","0.024009008086987783","0.07101956785085227","0.2185004436557226","0.14535090044430643","551.1162069743033","0.3034605146406389","43.5","10.1","false"
"With You","ANOTHER","11","11","93.6","6.0791015625","FLIP","10.711805555555555","12","0.053495407887628264","0.210291734197731","0.0051431658562939245","0","0.8906250000000001","parsed","https://textage.cc/score/30/withyu30.html?DAB00","0.3918926748369113","0.026935212105451918","0.06590580665542946","0.16912568306011078","0.11557013864001536","3027.98100517226","0.38979963570127507","63.1","11.6","true"
"With your Smile","ANOTHER","8","8.5","2.2","3.2265625","両RANDOM","8.1875","11","0.07634860050890584","0.05230421260955629","0","0","0.8229166666666666","parsed","https://textage.cc/score/14/wy_smile.html?DA800","0.5009774894111213","0.026574460020304874","0.07808894623070664","0.19063492063491874","0.10860550303653922","903.5535059200549","0.2619047619047619","10.6","8","false"
"Without Heaven","HYPER","10","10.2","19.6","4.0947265625","正規","8.749038461538461","11","0.05525320242761711","0.08555274694410864","0.0010140308458804208","0","0.9531250000000001","parsed","https://textage.cc/score/32/withouth.html?DHA00","0.4943841496953914","0.03130603689708306","0.08066338585870444","0.09774127310061433","0.10937460383932848","2390.3609013663163","0.30184804928131415","7.9","9.5","false"
"Wizards!","ANOTHER","10","10","25.1","4.21875","FLIP","10.583895131086143","13","0.07426884650317847","0.06748292579355256","0","0","0.8671874999999999","parsed","https://textage.cc/score/33/wizards.html?DAA00","0.3932377554614325","0.028558497390117957","0.08484324213516889","0.2037725823591911","0.13367585792695397","1665.797499280456","0.40170031880977686","49","9.7","false"
"Wolf 1061","ANOTHER","11","11.8","96.8","6.3271484375","左MIRROR + 右MIRROR","12.403812229917717","13","0.07117592260291176","0.006538206030803061","0.00569787952138415","0","0.6562500000000001","parsed","https://textage.cc/score/26/wolf1061.html?DAB00","0.40666124118677666","0.023335413453179542","0.06867550088836061","0.1853924418604643","0.1789798437965139","617.7695081736771","0.2710755813953488","86.5","11.9","true"
"Wonder Bullfighter","ANOTHER","10","10.5","86.1","5.70703125","正規","9.122399999999999","11","0.05063513987547137","0.24595683884357927","0.009930719985968426","0","0.7239583333333334","parsed","https://textage.cc/score/11/wonbull.html?DAA00","0.3911038723854479","0.027720930576513543","0.05041949033860663","0.15211267605633758","0.09935364586044454","2010.1586682443963","0.45472837022132795","33","11.3","true"
"Wonder Girl feat. Kanae Asaba","ANOTHER","10","10.7","65.3","5.0869140625","左MIRROR + 右MIRROR","12.73879781420765","12","0.06034445778997894","0.018745710363761152","0.003431708991077558","0","0.6848958333333334","parsed","https://textage.cc/score/21/wndrgirl.html?DAA00","0.362203112528363","0.02330618963368364","0.06656281758747097","0.2200234192037478","0.1612411520629266","713.8436064592559","0.49804839968774395","58.5","10.6","false"
"Wonderful Escape","ANOTHER","10","10","15","3.970703125","正規","8.784722222222221","11","0.07354428341384868","0.03974527887571376","0.003794466403162296","0","0.7473958333333334","parsed","https://textage.cc/score/29/wdescape.html?DAA00","0.45689881126513265","0.032774990638627696","0.09045416544920516","0.14663774403470564","0.11866545733715575","1129.0328942724595","0.33405639913232105","18.4","9.3","false"
"Wonderland","ANOTHER","11","11","75","5.3349609375","左MIRROR","11.863636363636363","15","0.06733596743294962","0.08327346743295012","0.014214559386973094","0","0.828125","parsed","https://textage.cc/score/26/wndrland.html?DAB00","0.3679560635157625","0.026451285079652068","0.07487899342499876","0.1769579554822745","0.14631824306997177","2298.4020986806427","0.5251442704039572","76.1","10.9","false"
"Wuv U","ANOTHER","11","11.6","55.2","4.8388671875","右MIRROR","12.193980582524272","13","0.0772513097342312","0.05500352978019823","0.011821419661671953","0","0.7604166666666667","parsed","https://textage.cc/score/18/wuv_u.html?DAB00","0.43999532440171296","0.029503726256174503","0.08610307009170914","0.226530612244897","0.15770335385518536","1348.950237973784","0.3129251700680272","83","10.4","false"
"X","HYPER","10","10.7","70.6","5.2109375","両RANDOM","11.752489331436701","11","0.065209795852497","0.02202856451222471","0.011138545953360855","0","0.9713541666666669","parsed","https://textage.cc/score/23/x_amuro.html?DHA00","0.40761736178142716","0.02606246501014995","0.07355512518421925","0.14742990654205437","0.15605617292996882","951.1588856499924","0.3442367601246106","63.1","10.8","false"
"X-Plan","ANOTHER","10","10","19.6","4.0947265625","FLIP + 両RANDOM","10.684229784120015","10","0.0747816780821913","0.036729452054794574","0","0.0015410958904109589","0.9583333333333334","parsed","https://textage.cc/score/33/x_plan.html?DAA00","0.48149193147557123","0.029162775413740405","0.08471919335635299","0.18647932131495185","0.13427344941298727","1649.328171384421","0.29374337221633084","38.1","9.5","false"
"X-ray binary","ANOTHER","11","11.4","86.1","5.70703125","左MIRROR","12.371850564726326","13","0.06751755617977484","0.025632022471910102","0.010112359550561617","0","0.6901041666666667","parsed","https://textage.cc/score/28/x_binary.html?DAB00","0.449127470380572","0.025947417992627248","0.07730588124418888","0.16831325301204733","0.1661604096080057","1366.9335692278783","0.23373493975903614","83","11.3","true"
"XANADU OF TWO","ANOTHER","10","9.6","37.2","4.466796875","正規","10.804878048780488","12","0.07299896538750887","0.04517024078254327","0.0016704288939051934","0","0.8046875","parsed","https://textage.cc/score/18/xanadu_2.html?DAA00","0.3666219889065791","0.025060015208427443","0.07117944807829617","0.1647757255936679","0.1389940993910172","1543.937845403831","0.4318381706244503","43.5","10","false"
"XANADU OF TWO","LEGGENDARIA","11","12","82.6","5.5830078125","左MIRROR","14.772357723577235","14","0.07961922124380816","0.06059094661529994","0.0008255365987892137","0","0.7473958333333334","parsed","https://textage.cc/score/18/xanadu_2.html?DXB00","0.46505706335519686","0.027159348097386363","0.07741665786920185","0.23276595744681164","0.1850477285085555","2361.325279068531","0.22198581560283687","93.8","11.1","true"
"Xb10r","HYPER","10","10.5","50","4.71484375","右MIRROR","10.843060959792476","11","0.06595295055821324","0.08532695374800692","0.01964912280701735","0","0.4505208333333333","parsed","https://textage.cc/score/31/xb10r.html?DHA00","0.4452206711781522","0.03183302318000504","0.08002312988259228","0.12353191489361533","0.1314901142481409","2979.3825609558107","0.3174468085106383","38.1","10.3","false"
"xenon","ANOTHER","11","12","82.6","5.5830078125","FLIP + 左MIRROR","13.216985138004246","18","0.06681657961648915","0.08045180418758797","0.000012483821518248083","0","0.6796875","parsed","https://textage.cc/score/8/xenon.html?DAB00","0.4468240571633258","0.04655526781038561","0.082223772494908","0.15409771473601247","0.16648673030160704","2215.6164552133214","0.26871552403467297","67.6","11.1","true"
"XENON II  ～TOMOYUKIの野望～","ANOTHER","11","12","91.5","5.955078125","FLIP + 左MIRROR + 右MIRROR","13.407972858354539","17","0.06327471322537072","0.07578441295546559","0.00036437246963562787","0.009716599190283394","0.765625","parsed","https://textage.cc/score/26/xenon2.html?DAB00","0.39505976274265014","0.03755728147231222","0.07641113533552933","0.17592862345229465","0.17321677584617493","2187.5174526817973","0.3590677348871085","86.5","11.5","true"
"Xepher","HYPER","10","9.6","60","4.962890625","FLIP + 左MIRROR + 右MIRROR","9.238023952095809","13","0.07583697941986658","0.06209150326797373","0.006659104413115073","0","0.7812500000000001","parsed","https://textage.cc/score/12/xepher.html?DHA00","0.37560506182123166","0.03765556386720828","0.09377116067933076","0.09704198473282268","0.13027061611142096","1462.0756320858543","0.44561068702290074","38.1","10.5","false"
"Xepher","ANOTHER","11","11.6","91.5","5.955078125","FLIP + 左MIRROR + 右MIRROR","12.707584830339322","15","0.0877697714599848","0.06167046257755441","0.009286106966150873","0","0.7526041666666666","parsed","https://textage.cc/score/12/xepher.html?DAB00","0.40922877447031153","0.04178557068642536","0.10211046522905926","0.12303625377643573","0.16136597741938152","1818.188644618639","0.37009063444108764","86.5","11.5","true"
"Xerulean","HYPER","10","10.5","60","4.962890625","FLIP + 左MIRROR","9.430004967709886","12","0.061480987852033014","0.1288548460168786","0.011002075585009157","0","0.5963541666666667","parsed","https://textage.cc/score/30/xerulean.html?DHA00","0.3811405391658254","0.025775856492364503","0.0734906422285986","0.13022540983606376","0.11637340624369821","1805.7790527555296","0.4641393442622951","53.9","10.5","false"
"XHRONOXAPSULΞ","HYPER","10","10.7","65.3","5.0869140625","右MIRROR","10.653199878677585","13","0.06295782607705332","0.05123762940017535","0.004638932227903952","0","0.7057291666666666","parsed","https://textage.cc/score/32/xhronoxp.html?DHA00","0.46165419213578807","0.02663710890712942","0.07588845077530566","0.13711340206185513","0.13913878363439347","1901.2364243110335","0.3084192439862543","53.9","10.6","false"
"XINOBIKILL","ANOTHER","11","11.6","82.6","5.5830078125","両RANDOM","12.912217194570136","15","0.08520815811606311","0.021236333052985844","0.007404915428464547","0.008620689655172408","0.8437500000000001","parsed","https://textage.cc/score/24/xinobikl.html?DAB00","0.4306194268873878","0.03441933977856427","0.09047006121706584","0.17246268656716432","0.16929851153369727","1329.1906222532855","0.3776119402985075","92.7","11.1","true"
"Xl&oslash;","HYPER","10","","43.9","4.5908203125","両RANDOM","11.093580819798918","12","0.0756074549172704","0.06857687302472582","0.0011042944785275206","0","0.8359374999999999","parsed","https://textage.cc/score/26/xlo.html?DHA00","0.4691926631339058","0.03318563701811601","0.08996508996393504","0.08895993179880475","0.13634547277334771","1512.3099661600788","0.3793691389599318","43.5","10.1","false"
"Xperanza","HYPER","10","10","19.6","4.0947265625","FLIP","9.472810294728104","11","0.06960177475898319","0.07712532865907158","0.017388255915863158","0","0.9557291666666667","parsed","https://textage.cc/score/25/xperanza.html?DHA00","0.38559078803916164","0.03123621329613826","0.08996197657297418","0.18061611374407452","0.12024905661818884","2481.3151785807636","0.404739336492891","14","9.5","false"
"Xyndrome","ANOTHER","11","11.6","96.8","6.3271484375","FLIP + 左MIRROR","12.792553191489361","20","0.07504339916839874","0.11161642411642413","0.004690228690228533","0.00030405405405405404","0.671875","parsed","https://textage.cc/score/29/xyndrome.html?DAB00","0.4442602314197064","0.025045834098385247","0.06845264387847601","0.1878354978354982","0.1632023350100845","2075.3006653495104","0.3064935064935065","97.6","11.9","true"
"Y&Co. is dead or alive","HYPER","10","10","4.4","3.474609375","左MIRROR + 右MIRROR","7.753871642279685","8","0.056755083996463396","0.17198091659298542","0","0","0.7395833333333333","parsed","https://textage.cc/score/16/ycodoa25.html?DHA00","0.39122039216075954","0.0362518839251565","0.07763155271245734","0.13453038674032927","0.09560888085133398","2738.240929179362","0.40994475138121544","0.9","8.5","false"
"YAKSHA","HYPER","11","11","60","4.962890625","FLIP + 左MIRROR","11.236819727891158","12","0.072629876272276","0.035150781338680846","0.015694880623557603","0","0.8567708333333334","parsed","https://textage.cc/score/19/yaksha.html?DHB00","0.3790168445117175","0.03347854973096452","0.0937557444314501","0.14510655090765429","0.1511728262433257","1184.1677856705162","0.4262036306235201","58.5","10.5","false"
"yamabiko (SINOBUZ Edition)","ANOTHER","11","11.2","65.3","5.0869140625","FLIP + 右MIRROR","11.523387096774194","13","0.08432265578916782","0.040473191166031694","0.0005702688381672326","0","0.9453125000000002","parsed","https://textage.cc/score/24/yamabiko.html?DAB00","0.501850713625479","0.03136272917663487","0.09104008705653675","0.19500941619585704","0.15282205518675718","1731.2899798822684","0.2664783427495292","72.1","10.6","false"
"Yellow Sketch (RX-Ver.S.P.L.)","ANOTHER","11","11.6","75","5.3349609375","右MIRROR","13.251461988304094","14","0.08088879082082892","0.0282132612533098","0.004048249485142863","0.0008737864077669903","0.75","parsed","https://textage.cc/score/24/ylsketch.html?DAB00","0.39525303038855586","0.03260110706821617","0.08960888357991742","0.180298719772404","0.1701534170745602","1564.9070755624844","0.41963015647226176","63.1","10.9","false"
"Yellow Sunrise","ANOTHER","11","11.8","86.1","5.70703125","FLIP + 左MIRROR + 右MIRROR","13.363271604938273","13","0.06342079127884107","0.02227637018731089","0.00113079428135894","0","0.8177083333333333","parsed","https://textage.cc/score/19/yellow_s.html?DAB00","0.4409533990974972","0.024785276343186974","0.07080922809957843","0.22957540263543502","0.18008873027775701","1203.698337722702","0.1398243045387994","79.6","11.3","true"
"You'll say ""Now!""","HYPER","10","10","37.2","4.466796875","左MIRROR + 右MIRROR","10.128606187000347","11","0.06360638297872363","0.04713452299245033","0.010314344543582765","0","0.7552083333333333","parsed","https://textage.cc/score/16/youllnow.html?DHA00","0.3967453953816874","0.02754886794882799","0.07910725096611188","0.12525309336332757","0.13537121345418388","1112.6052240445583","0.3880764904386952","22.9","10","false"
"You'll say ""Now!""","ANOTHER","11","11.8","98.3","6.5751953125","左MIRROR + 右MIRROR","13.996871741397287","12","0.05829273138145958","0.04379299212793967","0.01320519506319997","0","0.7630208333333331","parsed","https://textage.cc/score/16/youllnow.html?DAB00","0.39704011974687786","0.02305388607913493","0.06953084691657807","0.1858887952822219","0.18523162592427855","846.6921691477081","0.3235046335299073","93.8","12.1","true"
"Ypsilon","ANOTHER","11","11.2","70.6","5.2109375","右MIRROR","12.981481481481481","11","0.06068562767475002","0.04235021398002853","0.003994293865905844","0","0.703125","parsed","https://textage.cc/score/27/ypsilon.html?DAB00","0.42504816719849575","0.0250545706537357","0.07101339260352973","0.18348450491307597","0.16275125590895506","1481.6574868255548","0.2660619803476946","49","10.8","false"
"Yum Yum Jelly","ANOTHER","11","11","75","5.3349609375","正規","11.5875","15","0.07846188421431097","0.051779935275081","0.022535059331175597","0.00546116504854369","0.6822916666666665","parsed","https://textage.cc/score/26/yumjelly.html?DAB00","0.3966520820138323","0.02982224709704382","0.08542751982844811","0.16759776536312795","0.1478880858571287","1428.5892403696957","0.39664804469273746","86.5","10.9","false"
"ZED","ANOTHER","11","11.6","89","5.8310546875","両RANDOM","12.20456026058632","16","0.07574303405572701","0.027614675634319026","0.02276075584498765","0","0.84375","parsed","https://textage.cc/score/20/zed.html?DAB00","0.45370760853085135","0.026763896197438842","0.07516608154962895","0.16588932806324075","0.17199967786757558","1366.4688539263598","0.2466403162055336","96.2","11.4","true"
"ZENDEGI DANCE","ANOTHER","11","11.2","82.6","5.5830078125","右MIRROR","12.008714596949892","14","0.08112572568940414","0.027530841799709726","0.0005224963715529758","0","0.6640625","parsed","https://textage.cc/score/26/zendegi.html?DAB00","0.40566907764587484","0.03443914376929218","0.09667562180000641","0.20814345991561164","0.16046887902254262","1466.1076227930462","0.3755274261603376","76.1","11.1","true"
"Zenith","ANOTHER","11","11.8","55.2","4.8388671875","右MIRROR","9.529532942638964","13","0.07199823086250381","0.04604975450732503","0.0518774723199546","0.011369193154034226","0.7760416666666666","parsed","https://textage.cc/score/28/zenith.html?DAB00","0.455036911106839","0.02657079471716926","0.07428495406925338","0.1222170252572482","0.1376569954315276","1449.342777622445","0.27408793264733394","76.1","10.4","false"
"ZEИITH","ANOTHER","11","11.4","78.9","5.458984375","FLIP + 右MIRROR","13.493144208037826","22","0.07658157544326813","0.09506622748615892","0.03182283271427586","0","0.5781249999999999","parsed","https://textage.cc/score/30/zenithsv.html?DAB00","0.4698244666035759","0.03380575173271522","0.08719589134231641","0.1662058371735787","0.15857041649164297","3479.79600759071","0.2887864823348694","99.5","11","false"
"Zenius -I- vanisher","ANOTHER","11","11.2","37.2","4.466796875","左MIRROR","9.934156378600823","13","0.0623902236951115","0.03474523612261806","0.0034217067108533567","0","0.4375","parsed","https://textage.cc/score/13/zenius.html?DAB00","0.4074605748804167","0.019936022072733085","0.05314475151434546","0.13910798122065665","0.1382387897911554","933.5539249652056","0.38309859154929576","53.9","10","false"
"ZEPHYRANTHES","ANOTHER","11","11.4","97.7","6.451171875","右MIRROR","13.325","14","0.06725036481133974","0.0478945174067125","0.009005628517823775","0","0.8437499999999999","parsed","https://textage.cc/score/23/zephyran.html?DAB00","0.3440982842241906","0.029579209416395146","0.08268661669476784","0.16310615989515168","0.171013966157478","1634.7716564631528","0.4705111402359109","91.1","12","true"
"ZERO-ONE","ANOTHER","10","10.7","60","4.962890625","FLIP + 左MIRROR + 右MIRROR","12.188986640599543","11","0.056218990590248034","0.03643605645851155","0.0016766467065868278","0","0.6458333333333334","parsed","https://textage.cc/score/7/zeroone.html?DAA00","0.3500656833794553","0.023655280719437014","0.06762130706512612","0.16252189141856366","0.15811784673682527","867.5224408031654","0.46147110332749564","43.5","10.5","false"
"ZERO-ONE","LEGGENDARIA","11","11.8","86.1","5.70703125","FLIP + 左MIRROR + 右MIRROR","15.20234604105572","13","0.0659700788751711","0.031142832647462277","0.0015089163237311399","0","0.78125","parsed","https://textage.cc/score/7/zeroone.html?DXB00","0.41503977718863144","0.025015209204227985","0.07202211269976426","0.1967136150234738","0.19282813340983787","1063.6127250372137","0.2996870109546166","86.5","11.3","true"
"ZEROIN ON THE LIGHT","ANOTHER","10","10.5","43.9","4.5908203125","左MIRROR + 右MIRROR","10.995475113122172","12","0.061601691815271774","0.05928669410150879","0.005009236396891064","0","0.5807291666666667","parsed","https://textage.cc/score/31/zeroinon.html?DAA00","0.43840603869991296","0.02615207355845426","0.07411877560749487","0.17935483870967767","0.1401693097680335","2440.6039866569376","0.29838709677419356","33","10.1","false"
"ZETA ～素数の世界と超越者～","HYPER","10","10","43.9","4.5908203125","FLIP + 右MIRROR","10.210937499999998","14","0.0847687664711375","0.006567202244325391","0.004284621270084119","0","0.6796875","parsed","https://textage.cc/score/18/zeta.html?DHA00","0.4253944798129208","0.027765690376569133","0.08442572226272194","0.14899581589958472","0.13756202701870213","836.2504655052065","0.3891213389121339","93.8","10.1","false"
"Zirkfied","HYPER","10","10.2","19.6","4.0947265625","正規","8.477958236658933","12","0.06880382229520128","0.10178343367998545","0.0021674876847289784","0","0.7057291666666666","parsed","https://textage.cc/score/20/zirkfied.html?DHA00","0.4215358929761177","0.04103769519689405","0.08300353278793911","0.09214711729622128","0.11131720296616512","2291.405480311038","0.3926441351888668","10.6","9.5","false"
"ZZ","HYPER","10","10","19.6","4.0947265625","右MIRROR","9.85097300690521","12","0.0627885117826237","0.016498222091941434","0","0.0008832188420019627","0.875","parsed","https://textage.cc/score/22/zz_amuro.html?DHA00","0.4125415311491117","0.024804040398071943","0.0747327764226594","0.13643371017471578","0.12939755616559523","697.7241774549525","0.40596094552929085","14","9.5","false"
"100% minimoo-G","HYPER","10","10.5","15","3.970703125","正規","7.605405405405405","10","0.057134109671423045","0.17615676197765737","0.02433619448544825","0","0.6510416666666665","parsed","https://textage.cc/score/12/100mnm_g.html?DHA00","0.43741436937726075","0.035750848836921895","0.07842326080301568","0.049999999999999614","0.08965693320286013","2767.6732668550762","0.40987370838117104","3.8","9.3","false"
"100% minimoo-G","ANOTHER","11","11.8","89","5.8310546875","FLIP + 左MIRROR","12.342500865950814","15","0.0609062436855926","0.0626894322085268","0.026632091780606864","0","0.7786458333333333","parsed","https://textage.cc/score/12/100mnm_g.html?DAB00","0.3511029413717604","0.026873626877245916","0.07560703173151066","0.19497751124437737","0.16104280994348227","1981.6039034750747","0.42203898050974514","89.1","11.4","true"
"10000 MILES AWAY","ANOTHER","11","11.4","65.3","5.0869140625","左MIRROR","12.568638497652584","13","0.08265912622519693","0.13383878944537417","0.012282452785082438","0.010771276595744676","0.7864583333333334","parsed","https://textage.cc/score/29/10000mil.html?DAB00","0.4613982691242229","0.031232521202640442","0.08281466113635998","0.17458333333333256","0.15084303392904294","2976.4839362962816","0.275","86.5","10.6","false"
"1001 -ESCAPE-","ANOTHER","10","10.5","55.2","4.8388671875","右MIRROR","10.968429890848027","11","0.08014569969022818","0.09791733647697677","0.002590035263918141","0","0.7942708333333331","parsed","https://textage.cc/score/25/1001escp.html?DAA00","0.4727938097689294","0.03505745610511555","0.09957169611181341","0.1791288566243196","0.13580912109363857","3881.796618678964","0.2713248638838475","49","10.4","false"
"1116","HYPER","10","9.6","25.1","4.21875","FLIP + 左MIRROR","10.319940476190476","14","0.09198606104301846","0.09665945686133143","0.011258832011535455","0","0.6145833333333334","parsed","https://textage.cc/score/32/1116dust.html?DHA00","0.43499327807672744","0.03437159214138912","0.10037859435372677","0.1343891402714913","0.13201270602649928","2191.0458428599127","0.332579185520362","79.6","9.7","false"
"19,November","ANOTHER","10","10","30.9","4.3427734375","FLIP + 右MIRROR","9.014837819185646","12","0.05871291866028709","0.14200956937799017","0.0010717703349282688","0","0.8723958333333334","parsed","https://textage.cc/score/6/19novem.html?DAA00","0.40742073633133824","0.023549265880908835","0.05296585371094025","0.19341675734494027","0.11495010159277161","1572.9727362051308","0.4102285092491839","33","9.8","false"
"199024club -Re:BounceKiller-","HYPER","10","9.6","95.4","6.203125","正規","7.065102809151463","10","0.042473622508792566","0.382176440206921","0","0","0.6015625","parsed","https://textage.cc/score/23/199024cl.html?DHA00","0.2618441913649216","0.019537255499428308","0.0565071199045605","0.0982717520858148","0.0589437268538199","2065.6006128131676","0.7187127532777116","10.6","11.8","true"
"1st Samurai","HYPER","10","11","30.9","4.3427734375","正規","9.723817336614712","13","0.071220120922385","0.09280089988751421","0.0021934758155231038","0","0.5572916666666667","parsed","https://textage.cc/score/10/1samurai.html?DHA00","0.48986590689820086","0.036334156023200316","0.07587632189114824","0.0931914893617005","0.12086137218396818","1993.7505945322177","0.33617021276595743","27.9","9.8","false"
"2 Beasts Unchained","HYPER","10","10.2","43.9","4.5908203125","FLIP + 左MIRROR + 右MIRROR","10.548686244204019","12","0.06684493284493243","0.07246642246642253","0.0071111111111107185","0","0.6510416666666667","parsed","https://textage.cc/score/29/2beasts.html?DHA00","0.4601609326501373","0.028113377703946917","0.07567932644779354","0.11637848222862396","0.13183648832613426","2061.4931871231374","0.2670509125840538","43.5","10.1","false"
"2 tribe 4 K","ANOTHER","10","10.2","25.1","4.21875","右MIRROR","10.43336355394379","14","0.08292318387208823","0.06902444676167284","0.007665392190939737","0","0.5104166666666666","parsed","https://textage.cc/score/15/2tribelc.html?DAA00","0.489334535445479","0.029884758413466574","0.08394307480050606","0.16849653808110737","0.13643459445160208","1805.357072040159","0.26409495548961426","49","9.7","false"
"20XX","ANOTHER","11","11.6","93.6","6.0791015625","左MIRROR","12.48297213622291","15","0.0687264384920631","0.07682291666666652","0.007777777777777706","0","0.5755208333333335","parsed","https://textage.cc/score/31/20xx.html?DAB00","0.42653019070139203","0.032112090712391954","0.08123472459739704","0.17566801619433162","0.16213378557946778","2240.961627468286","0.2817813765182186","95.6","11.6","true"
"22DUNK","ANOTHER","5","6.5","0.2","2.3583984375","FLIP + 左MIRROR + 右MIRROR","5.140625000000001","9","0.06606214116852428","0.18704266576606987","0.030025892153551587","0","0.7786458333333333","parsed","https://textage.cc/score/1/22dunk.html?DA500","0.4285922294187918","0.03141314823867968","0.06651900175155889","0.0900673400673406","0.07367520743994671","659.1865491058085","0.47474747474747475","0.3","6.3","true"
"24h Endurance Race","HYPER","10","10.2","30.9","4.3427734375","右MIRROR","9.909006499535746","12","0.07191772863568192","0.0651377436281861","0.03360757121439259","0","0.6744791666666667","parsed","https://textage.cc/score/30/24h_race.html?DHA00","0.37916520525979835","0.030675317492616417","0.08801522786205958","0.10675917636526151","0.12136438345147128","1598.2153040651447","0.4977618621307073","38.1","9.8","false"
"24th Century BOY","ANOTHER","11","11.6","75","5.3349609375","FLIP + 右MIRROR","12.156521739130435","16","0.07393163703249502","0.04250119217930389","0.006539955037808784","0","0.49739583333333337","parsed","https://textage.cc/score/19/24th_boy.html?DAB00","0.4035117111481276","0.03157898110476751","0.08745475882412987","0.19188861985472114","0.16085280791982084","1769.4318572468237","0.3026634382566586","89.1","10.9","false"
"250bpm","ANOTHER","9","10.2","19.6","4.0947265625","FLIP + 左MIRROR + 右MIRROR","8.163265306122447","11","0.05215773809523827","0.17113095238095258","0.005833333333333272","0","0.7161458333333333","parsed","https://textage.cc/score/4/250bpm.html?DA900","0.42666506918984864","0.019019509582184086","0.044863929750875504","0.13996539792387405","0.10736603968455857","1732.9669289741685","0.4031141868512111","33","9.5","false"
"27th style","ANOTHER","11","11.4","99.2","6.947265625","左MIRROR + 右MIRROR","10.911458333333334","13","0.06263325377883841","0.19053301511535392","0","0","0.8880208333333335","parsed","https://textage.cc/score/27/27thstyl.html?DAB00","0.3922064674791856","0.026889536497635112","0.07085203865454845","0.14238938053097303","0.12377040606108265","2277.9840748146153","0.4495575221238938","63.1","12.5","true"
"2hot2eat","ANOTHER","10","11.4","65.3","5.0869140625","FLIP + 両RANDOM","8.49950395907336","13","0.06344090828213787","0.03063435230478339","0.014744547487910596","0","0.8072916666666666","parsed","https://textage.cc/score/14/2hot2eat.html?DAA00","0.42959862088308703","0.023420464988012486","0.06699049214150976","0.14953703703703564","0.12756425393714674","875.5611173158707","0.44907407407407407","49","10.6","false"
"3V0","ANOTHER","11","11.6","95.4","6.203125","左MIRROR","13.094942026550159","15","0.08155632549703946","0.09122951100160843","0.022901687027342157","0","0.8177083333333334","parsed","https://textage.cc/score/30/3v0.html?DAB00","0.4040800638491275","0.028052850265942796","0.08128317635207417","0.17131938857602597","0.16243512288209927","1784.0445753756105","0.36202735317779566","94.9","11.8","true"
"3y3s","HYPER","10","10.7","65.3","5.0869140625","右MIRROR","12.794635488308115","12","0.0945376830758532","0.03706311749465163","0.03251477328516985","0","0.8411458333333334","parsed","https://textage.cc/score/16/3y3s.html?DHA00","0.40583543339852113","0.033380081594598855","0.09707574773672954","0.17403763900769684","0.16513846977336766","1226.9439540623503","0.4234388366124893","86.5","10.6","false"
"405nm (Ryu☆mix)","ANOTHER","11","11","65.3","5.0869140625","左MIRROR","12.868429487179487","13","0.07713614117236765","0.03242879736983026","0.03098120773608616","0","0.6640625","parsed","https://textage.cc/score/20/405nm.html?DAB00","0.36117266724618513","0.02864144225916676","0.08481935993401209","0.19097035040431284","0.17379288776889262","1150.3640259357999","0.4636118598382749","96.9","10.6","false"
"5.1.1.","ANOTHER","10","10","3.1","3.3505859375","正規","9.321275362318842","9","0.06760945818199907","0.003464102691676202","0.002084680829892126","0","0.7291666666666666","parsed","https://textage.cc/score/1/511_hs.html?DAA00","0.3999931203319912","0.020319303338171314","0.06181996124875181","0.20994194484760328","0.12410061313873774","227.20558303818612","0.40783744557329465","3.8","8.3","false"
"50th Memorial Songs  -Beginning Story-","ANOTHER","11","11.4","82.6","5.5830078125","FLIP + 左MIRROR + 右MIRROR","12.475920679886686","12","0.0763953224341501","0.04770284589766875","0.0034392976082348","0.0030653950953678476","0.6588541666666666","parsed","https://textage.cc/score/26/50th_bgn.html?DAB00","0.4164373260684759","0.029380618326114664","0.08732545547816443","0.2147416413373878","0.15567149120429213","1850.7406118733818","0.30547112462006076","72.1","11.1","true"
"50th Memorial Songs  -Flagship medley-","ANOTHER","10","11","43.9","4.5908203125","両RANDOM","10.608198924731184","14","0.0893897464324289","0.10940346915956675","0.009188651070184392","0","0.8697916666666667","parsed","https://textage.cc/score/26/50th_flg.html?DAA00","0.48289964324362694","0.04367650211543717","0.1025948532028327","0.18428886438809142","0.13268603497780737","2961.0090754695266","0.25689084895259096","72.1","10.1","false"
"50th Memorial Songs -二人の時 ～under the cherry blossoms～-","ANOTHER","10","10.5","43.9","4.5908203125","FLIP + 左MIRROR","10.992175273865415","13","0.08390138572513255","0.05324601366742597","0.001761579347000761","0","0.7552083333333334","parsed","https://textage.cc/score/26/50th_ftr.html?DAA00","0.429207489843703","0.03463229203230678","0.10012749796857562","0.20592903828197862","0.141103040337255","2020.2842126523558","0.33800186741363214","58.5","10.1","false"
"50th Memorial Songs  -The BEMANI History-","ANOTHER","11","11.6","86.1","5.70703125","FLIP + 左MIRROR + 右MIRROR","11.591674925668979","14","0.08348415412676638","0.05244243046055622","0.0009886000911992808","0","0.6536458333333334","parsed","https://textage.cc/score/26/50th_bmn.html?DAB00","0.41128733024282527","0.03609760447694002","0.09643961687554516","0.19066901408450557","0.15315256065435295","1984.2800840688874","0.42077464788732394","83","11.3","true"
"532nm","ANOTHER","11","11.8","82.6","5.5830078125","正規","14.052727272727273","13","0.07935897270021977","0.07420106093931958","0.006262129641609713","0","0.7734375","parsed","https://textage.cc/score/19/532nm.html?DAB00","0.46088794781664244","0.03514802699562687","0.09137673743116854","0.1899622997172472","0.18392461164690468","2098.229876123691","0.2855796418473139","89.1","11.1","true"
"7 Colors","ANOTHER","10","10.2","25.1","4.21875","FLIP","10.494736842105263","12","0.06355759586451673","0.021526116811974354","0","0","0.6744791666666666","parsed","https://textage.cc/score/30/7colors.html?DAA00","0.40776884720171963","0.024175089805167953","0.07035503874160261","0.20915492957746362","0.13512198735300643","895.1066542401014","0.41278439869989164","22.9","9.7","false"
"808monkey","ANOTHER","9","9.3","30.9","4.3427734375","FLIP + 左MIRROR + 右MIRROR","8.866666666666665","10","0.0629455992923487","0.0545972775074944","0.0017927170868344599","0","0.7057291666666667","parsed","https://textage.cc/score/29/808monky.html?DA900","0.43279187410928016","0.027611387899233113","0.07781119062351777","0.1730419977298497","0.1216211235659856","1746.029163090051","0.38933030646992056","10.6","9.8","false"
"8bit Princess","ANOTHER","10","10","43.9","4.5908203125","正規","11.444256756756758","12","0.07288560885608826","0.01143911439114389","0.0020073800738007234","0","0.8203124999999999","parsed","https://textage.cc/score/20/8bit_pri.html?DAA00","0.4087788057087533","0.027662130245395572","0.08196132671837195","0.232972972972972","0.14634252702243966","787.0871699600189","0.2981981981981982","91.1","10.1","false"
"9-1","HYPER","10","","","","","","","","","","","","unparsed","https://textage.cc/score/34/9_1.html?DHA00","","","","","","","","","",""
"9-1","ANOTHER","11","","78.9","5.458984375","FLIP + 左MIRROR + 右MIRROR","13.433333333333334","18","0.07127520161290275","0.09444789081885856","0.02846153846153847","0","0.6953125000000001","parsed","https://textage.cc/score/34/9_1.html?DAB00","0.4925982163731234","0.03195182228303648","0.0779927220970537","0.16875480399692686","0.16279570705873386","3529.1411146705614","0.2697924673328209","99.7","11","false"
"[ ]DENTITY","HYPER","10","9.6","6.2","3.5986328125","FLIP + 右MIRROR","8.453317201048598","10","0.06848282442748087","0.038287213740458244","0.003511450381679308","0","0.796875","parsed","https://textage.cc/score/30/_dentity.html?DHA00","0.46216622709914656","0.026500530222693615","0.08010857594342369","0.13738069989395418","0.10867435116550916","1161.0256485224652","0.3531283138918346","7.9","8.8","false"
"アイドル","ANOTHER","10","10","37.2","4.466796875","左MIRROR + 右MIRROR","10.588677403611516","10","0.0611517685124582","0.06946838616900684","0.0007949779224008132","0","0.8776041666666666","parsed","https://textage.cc/score/31/_idol.html?DAA00","0.4500857437110357","0.025074467483256747","0.07038095993325451","0.19433077578857555","0.13257672071879034","2584.0803773699818","0.2668371696504689","22.9","10","false"
"アイドル","LEGGENDARIA","11","11.6","78.9","5.458984375","FLIP","13.570034163006342","14","0.08020992627225296","0.05736018701672387","0.0012849487502244602","0","0.6875","parsed","https://textage.cc/score/31/_idol.html?DXB00","0.4937618749790218","0.028625466218268492","0.07976238317990726","0.22471439451637615","0.17235335221322648","2853.31303191519","0.2063975628332064","89.1","11","false"
"愛包ダンスホール","ANOTHER","10","10","11.3","3.8466796875","両RANDOM","9.26144297905353","10","0.06794035851901445","0.04854246942536407","0.0005267213938683292","0","0.9401041666666666","parsed","https://textage.cc/score/31/_aipaidh.html?DAA00","0.4857370050926403","0.030544030598178312","0.0873232823326356","0.16560891938250327","0.1170326116069368","2241.3550822918096","0.22126929674099485","7.9","9.2","false"
"蒼い衝動","ANOTHER","9","9.3","6.2","3.5986328125","正規","7.624007936507937","11","0.07214638906961612","0.12270657124268038","0.002612882238126207","0","0.6171875","parsed","https://textage.cc/score/8/_aoisho.html?DA900","0.4039023045658665","0.03128273739684625","0.08222436139667962","0.14625899280575355","0.09923140999650654","1554.085717355624","0.37410071942446044","5.4","8.8","false"
"青の洞窟","ANOTHER","11","11.8","96.8","6.3271484375","右MIRROR","12.313937753721246","13","0.07009203296703234","0.04757326007326019","0.0011428571428569619","0","0.7369791666666667","parsed","https://textage.cc/score/29/_bgrotto.html?DAB00","0.3766593231446688","0.03263120761492252","0.08538140632009968","0.1556747404844293","0.1675085346231545","1922.015855494175","0.4110726643598616","89.1","11.9","true"
"朱と碧のランページ","ANOTHER","10","10.5","37.2","4.466796875","正規","11.027439886845828","12","0.07832255912985442","0.09873360354351611","0.00705556410651062","0","0.7135416666666666","parsed","https://textage.cc/score/32/_akatoao.html?DAA00","0.4544180526170835","0.03562895080476157","0.0901117173792919","0.16317204301075275","0.13846393649547412","3113.9817933000763","0.28763440860215056","43.5","10","false"
"悪ジ狂キ","ANOTHER","11","","","","","","","","","","","","unparsed","https://textage.cc/score/34/_akujikk.html?DAB00","","","","","","","","","",""
"アクマフカ","ANOTHER","10","10","43.9","4.5908203125","左MIRROR","10.65606936416185","11","0.05806632914444121","0.04761474248862348","0.014503812192990363","0.005126118795768919","0.7473958333333333","parsed","https://textage.cc/score/29/_akumafk.html?DAA00","0.44238584170281475","0.022857990859545492","0.06400687584699748","0.1896475770925109","0.13408457616288","1517.4082607365365","0.3700440528634361","33","10.1","false"
"朝焼けから始まるボクらの小さな旅","ANOTHER","11","11.4","75","5.3349609375","右MIRROR","11.946472603836423","18","0.10463336259641702","0.04474236199998651","0.060626319351833304","0","0.7760416666666667","parsed","https://textage.cc/score/23/_asayake.html?DAB00","0.4241179820529809","0.036757630092169584","0.10813762319294101","0.17623274161735705","0.17248786181693","1737.8272867495496","0.3422090729783038","98.8","10.9","false"
"紫陽花 -AZISAI-","HYPER","10","10.2","37.2","4.466796875","FLIP + 左MIRROR + 右MIRROR","9.75731981981982","10","0.06740117721738108","0.0652086098447689","0.0034901032950545906","0","0.8437499999999999","parsed","https://textage.cc/score/23/_azisai.html?DHA00","0.46175400211134365","0.02649947784242958","0.07723181527186272","0.12702044790652176","0.12716196519243617","1601.8352535370723","0.34469328140214217","27.9","10","false"
"アタシ完全絶対正義ちゃん！","ANOTHER","10","9.6","11.3","3.8466796875","右MIRROR","9.366326530612245","12","0.0632148109815884","0.05101999128445387","0.020092965827795038","0","0.6692708333333335","parsed","https://textage.cc/score/31/_atashi.html?DAA00","0.4236255929214595","0.02795556149865206","0.08098855526055641","0.1797455968688847","0.1208410054772566","1748.140388623735","0.38258317025440314","10.6","9.2","false"
"ΛИ0MΛLY","HYPER","10","","","","","","","","","","","","unparsed","https://textage.cc/score/34/_anomaly.html?DHA00","","","","","","","","","",""
"飴玉","ANOTHER","9","9.6","30.9","4.3427734375","左MIRROR","9.175","12","0.06480926430517718","0.07447774750227072","0.00025431425976379945","0","0.8515624999999999","parsed","https://textage.cc/score/32/_amedama.html?DA900","0.532956227263475","0.03181651345396458","0.08336971808604475","0.18633540372670596","0.11935626563565101","1413.2334023933813","0.2406832298136646","18.4","9.8","false"
"雨のちパノラマセカイ","ANOTHER","10","9.3","4.4","3.474609375","FLIP","9.815529179030664","12","0.0674066609563156","0.05748475840177346","0.018939285534338293","0","0.8828124999999998","parsed","https://textage.cc/score/30/_amepano.html?DAA00","0.4532546810188898","0.027173807014093485","0.07667914485032924","0.2127429805615544","0.12151392647016564","2341.1450136512603","0.3304535637149028","14","8.5","false"
"妖隠し -あやかしかくし-","ANOTHER","11","10.7","60","4.962890625","両RANDOM","11.53392330383481","12","0.07833695652173876","0.05294117647058836","0.006431372549019726","0","0.8671875","parsed","https://textage.cc/score/22/_ayakasi.html?DAB00","0.39024481463466426","0.03554512647828542","0.0989760653728865","0.21687598116169665","0.14578526407298134","2112.669478115877","0.3783359497645212","43.5","10.5","false"
"アラビアン ハイパー ナイト","HYPER","10","10.2","50","4.71484375","FLIP","11.515256008359458","11","0.06445002767669962","0.0658750828032412","0.010473226195769908","0","0.8046875","parsed","https://textage.cc/score/32/_arabhyp.html?DHA00","0.4974348602257235","0.031411745501937184","0.08556090984332476","0.12196428571428426","0.13729762090187292","2579.9822060658526","0.24464285714285713","33","10.3","false"
"アルストロメリア","ANOTHER","10","10.7","55.2","4.8388671875","FLIP + 左MIRROR + 右MIRROR","10.762629757785467","10","0.08118730709876493","0.09114583333333334","0.0047685185185186935","0","0.765625","parsed","https://textage.cc/score/21/_alstroe.html?DAA00","0.42511429271249274","0.032938892372236815","0.08941706778393997","0.11972555746140612","0.13419109869481402","3149.5568139613392","0.3293310463121784","38.1","10.4","false"
"あるビー！ feat.ころねぽち","ANOTHER","11","11.2","55.2","4.8388671875","FLIP + 左MIRROR","12.468243727598566","11","0.06770594255226126","0.12109401950187391","0.011139295816756134","0","0.6927083333333334","parsed","https://textage.cc/score/30/_aru_b.html?DAB00","0.4517514440612814","0.03254778548964296","0.07784964736575264","0.148582677165355","0.14562961895350524","3223.908451460427","0.28188976377952757","58.5","10.4","false"
"& Intelligence","ANOTHER","11","11.8","98.3","6.5751953125","FLIP + 左MIRROR","13.852813852813853","15","0.06752197265624935","0.15733203125","0.006049999999999997","0","0.5520833333333334","parsed","https://textage.cc/score/26/_and_int.html?DAB00","0.404334697403917","0.028160469030044398","0.0780825479264454","0.17256990679094475","0.15685034883772042","3476.9319129459745","0.26897470039946736","79.6","12.1","true"
"u&#x4D9;n","HYPER","10","","30.9","4.3427734375","左MIRROR + 右MIRROR","9.469103568320278","11","0.06374310661764715","0.01128791360294119","0.02264705882352873","0","0.6328125","parsed","https://textage.cc/score/32/_uen.html?DHA00","0.39848670507916384","0.02537319055774858","0.07251754449944843","0.1531093279839526","0.13377902290597724","640.6113022691136","0.4353059177532598","27.9","9.8","false"
"イガク","ANOTHER","9","9","4.4","3.474609375","正規","8.601492537313433","11","0.0641112846318469","0.03905662560009235","0.010323326970906103","0","0.6354166666666666","parsed","https://textage.cc/score/32/_igaku.html?DA900","0.4174155422454193","0.02762179984398607","0.08121145288278946","0.20408052230685397","0.11415697674664575","1371.37026889614","0.4276387377584331","10.6","8.5","false"
"イガク","LEGGENDARIA","11","11.2","70.6","5.2109375","正規","12.703482587064677","17","0.1087491188219629","0.07098378632411687","0.005476619409414758","0","0.7369791666666666","parsed","https://textage.cc/score/32/_igaku.html?DXB00","0.5362600829914769","0.037196154690644107","0.10729071837920791","0.20249500998003933","0.16108417471775124","2764.734014564123","0.2375249500998004","98.5","10.8","false"
"ιgniЯRuina","HYPER","10","10.2","30.9","4.3427734375","左MIRROR","9.719780219780219","11","0.070102671000565","0.03187535330695316","0.023548897682307578","0","0.8567708333333335","parsed","https://textage.cc/score/33/_ignirru.html?DHA00","0.4811247962243591","0.029970139636120947","0.08450539978478463","0.13204633204633165","0.12981263154526565","1413.895486880575","0.3474903474903475","38.1","9.8","false"
"十六夜セツナ","ANOTHER","10","10","30.9","4.3427734375","FLIP + 右MIRROR","10.421940928270041","13","0.05115738866396756","0.0402580971659919","0.0005668016194331989","0","0.7213541666666667","parsed","https://textage.cc/score/22/_izayoi.html?DAA00","0.4152674927519073","0.013392485228654567","0.03953148329678545","0.20095890410958944","0.13528202147908674","1378.431468768384","0.2593607305936073","38.1","9.8","false"
"異心前進♪ぴょんぴょんぴょん","ANOTHER","10","9.6","25.1","4.21875","左MIRROR","10.911987860394538","13","0.07558614935335767","0.05611760070458458","0.008406804802298528","0","0.8645833333333331","parsed","https://textage.cc/score/30/_isnpyon.html?DAA00","0.4560114317191291","0.028264357335926006","0.08146782941005049","0.15686735653809977","0.1348534958298017","1977.9428801977263","0.3085606773283161","43.5","9.7","false"
"愛しくてラヴィンユー ft. マナ","ANOTHER","10","10.2","37.2","4.466796875","右MIRROR","11.014864864864865","11","0.05893888275467222","0.02886148938780523","0","0","0.7265624999999999","parsed","https://textage.cc/score/29/_itoshik.html?DAA00","0.43027177978620834","0.025767085419951413","0.07395484042692528","0.17209507042253538","0.14002324692485177","1155.3935030523817","0.37940140845070425","33","10","false"
"犬に雨傘","ANOTHER","9","9.3","6.2","3.5986328125","FLIP + 左MIRROR + 右MIRROR","8.706501315295002","10","0.07590834100675255","0.0354320135052179","0.008422344996929731","0","0.6927083333333334","parsed","https://textage.cc/score/28/_dogumbr.html?DA900","0.4786518851062765","0.03017948407124412","0.08966231712078715","0.1474683544303775","0.11112228535365434","1547.45281406095","0.3878020713463751","18.4","8.8","false"
"命の標本","ANOTHER","11","11.6","75","5.3349609375","FLIP + 右MIRROR","10.81710709318498","15","0.09411653273331125","0.03704918032786888","0.015373577627772002","0","0.5052083333333334","parsed","https://textage.cc/score/25/_inochi.html?DAB00","0.37433079636422106","0.032066856802194114","0.08926751608335375","0.19724556489262227","0.1474101919689538","1414.249587092795","0.4239028944911298","89.1","10.9","false"
"色を喪った街","HYPER","10","10.2","50","4.71484375","FLIP","10.493089430894308","13","0.06514735792042753","0.08291364816177903","0.009764847170030318","0","0.7369791666666667","parsed","https://textage.cc/score/33/_iro_usi.html?DHA00","0.5361437375635909","0.035497786310434244","0.08637119999540907","0.10211397058823357","0.1294522613734367","2909.628412920298","0.26286764705882354","43.5","10.3","false"
"うさ☆かめ 大戦争！","ANOTHER","11","10.5","65.3","5.0869140625","正規","11.223214285714286","16","0.08071258097511029","0.10912224874038705","0.005409705648369087","0","0.7161458333333333","parsed","https://textage.cc/score/25/_usakame.html?DAB00","0.42807916910318494","0.03525387522827047","0.09698349268800463","0.1576923076923071","0.136570506965765","3280.689342008071","0.38642533936651585","63.1","10.6","false"
"泡沫と月","ANOTHER","10","","","","","","","","","","","","unparsed","https://textage.cc/score/34/_utatuki.html?DAA00","","","","","","","","","",""
"ウツシミウツシ","ANOTHER","11","11.8","78.9","5.458984375","FLIP + 左MIRROR","13.326149425287356","14","0.07202470799640558","0.050584007187780784","0.010839173405211497","0","0.8359375000000001","parsed","https://textage.cc/score/29/_utusimi.html?DAB00","0.3918963368670821","0.030471366013678433","0.07867960617997741","0.20834553440702988","0.17131718344876187","2105.4990036632935","0.40263543191800877","83","11","false"
"梅雪夜","ANOTHER","10","10","37.2","4.466796875","FLIP + 左MIRROR","10.72672463768116","14","0.09438576817484103","0.065306210683326","0.008077995633282231","0","0.7369791666666667","parsed","https://textage.cc/score/20/_umeyuki.html?DAA00","0.4579448008634292","0.02918184432940055","0.0832090434438828","0.14296675191815708","0.14276691826639235","1685.7924042719135","0.38235294117647056","72.1","10","false"
"麗 ～うらら～","HYPER","10","10","8.4","3.72265625","FLIP + 左MIRROR","8.670002780094523","10","0.06134900275764791","0.037629064323735036","0","0","0.7552083333333334","parsed","https://textage.cc/score/23/_urara.html?DHA00","0.39484621427584937","0.026879550298150163","0.07861224021020677","0.12410147991543141","0.11383018330316269","1200.7590454524316","0.4312896405919662","5.4","9","false"
"麗 ～うらら～","ANOTHER","11","11.6","89","5.8310546875","左MIRROR","11.746733388935224","12","0.07331443921141635","0.0386008094099827","0.0010943601637753856","0","0.6432291666666667","parsed","https://textage.cc/score/23/_urara.html?DAB00","0.3693884684552636","0.03182483304997243","0.08529180660036541","0.17998405103668239","0.1592860337157616","1625.4379911206302","0.4003189792663477","76.1","11.4","true"
"栄冠のカンパネラ","HYPER","10","10.2","37.2","4.466796875","左MIRROR","10.21316944688323","13","0.06859179790477486","0.06366480984801587","0.01700020631318287","0","0.546875","parsed","https://textage.cc/score/30/_eikan_c.html?DHA00","0.43219487159592307","0.02254711355124908","0.06551657626136362","0.15606965174129275","0.12215921143669761","2059.1857285020255","0.2945273631840796","58.5","10","false"
"映夢雪花抄","ANOTHER","10","","","","","","","","","","","","unparsed","https://textage.cc/score/34/_eimuyuk.html?DAA00","","","","","","","","","",""
"&AElig;THER","ANOTHER","11","","65.3","5.0869140625","右MIRROR","12.175824175824175","13","0.06813898916967472","0.1169336642599278","0.01286642599277977","0","0.6197916666666666","parsed","https://textage.cc/score/21/_aether.html?DAB00","0.3511975601787357","0.026968417719273254","0.07570098017935027","0.17575142160844945","0.14748425267292967","2320.715465397684","0.4524776604386678","58.5","10.6","false"
"駅猫のワルツ","HYPER","10","10.7","55.2","4.8388671875","両RANDOM","11.16128364389234","11","0.06714361238383201","0.05521341519968838","0.00335874652964558","0","0.9192708333333334","parsed","https://textage.cc/score/23/_ekineko.html?DHA00","0.4557064104429701","0.03324904663734796","0.0804621415948499","0.08865086599817494","0.14051287672009397","1687.1331793098873","0.3828623518687329","33","10.4","false"
"エクスプロウル","ANOTHER","10","10.2","30.9","4.3427734375","右MIRROR","10.344535363146209","10","0.06647518788140376","0.04425759865000086","0.0004552322273020872","0","0.7760416666666667","parsed","https://textage.cc/score/32/_explore.html?DAA00","0.468290596100498","0.027616864234661774","0.07528131980421901","0.19727954971857356","0.13157402529453785","1846.189751944473","0.26641651031894936","33","9.8","false"
"エコ爺","ANOTHER","9","8.5","2.2","3.2265625","両RANDOM","7.816208884367582","9","0.08295553145336217","0.024945770065076103","0","0","0.9505208333333335","parsed","https://textage.cc/score/15/_eco_g.html?DA900","0.5022242529692417","0.034408274162842874","0.10298661942571292","0.1722222222222207","0.10194472023908056","841.1824131923004","0.2634207240948814","2.6","8","false"
"えだまめカレークッキング","ANOTHER","11","11","60","4.962890625","左MIRROR + 右MIRROR","11.617795753286149","13","0.06806788511749336","0.03194807078619093","0.002367275892079941","0.0019582245430809398","0.6640625","parsed","https://textage.cc/score/32/_edamame.html?DAB00","0.48411947027647784","0.027202023458878438","0.08119622389606912","0.18717171717171563","0.14158728875272147","1200.2390513513594","0.29393939393939394","63.1","10.5","false"
"エディブルフラワーの独白","ANOTHER","10","10","30.9","4.3427734375","FLIP","10.164502164502165","15","0.09039324247586536","0.033006814310051","0.021306076093128994","0","0.5833333333333334","parsed","https://textage.cc/score/25/_ediblef.html?DAA00","0.411030719721021","0.0394630743430319","0.11709009799310413","0.19914914914914802","0.13096372567666784","1416.5342687776754","0.45045045045045046","79.6","9.8","false"
"ΕΛΠΙΣ","HYPER","10","10.2","30.9","4.3427734375","両RANDOM","9.85105290190036","11","0.06386209593326361","0.04353493222106382","0.0005422314911366574","0","0.9062499999999999","parsed","https://textage.cc/score/20/_elpis.html?DHA00","0.4878859291800881","0.02888357330920219","0.08041560655846834","0.0799082568807321","0.13125933291551115","1489.5983443526584","0.3174311926605505","10.6","9.8","false"
"焔極OVERKILL","HYPER","10","10.5","78.9","5.458984375","左MIRROR","10.433333333333334","14","0.05728783945686903","0.1042540268903089","0.02609424920127793","0","0.6796875","parsed","https://textage.cc/score/24/_enkyoku.html?DHA00","0.3448769783961578","0.02710881562086562","0.07327105443689927","0.1769263336155822","0.1311150275621122","1776.7501410614593","0.5258255715495342","49","11","false"
"おおきなこえで","ANOTHER","7","6.5","0.1","1.8623046875","正規","5.127989928661351","8","0.07199672667757785","0.03109656301145672","0.006939443535188402","0","0.5442708333333333","parsed","https://textage.cc/score/18/_o_koede.html?DA700","0.47440713352383324","0.024421641791044828","0.07306805003737658","0.15708955223880508","0.06912165586565232","778.7486500181291","0.43283582089552236","0.1","5.3","true"
"おおきなこえで","LEGGENDARIA","10","10","6.2","3.5986328125","左MIRROR + 右MIRROR","8.955098615190936","10","0.0747082942830364","0.016752577319587854","0.029465791940018863","0.00548266166822868","0.6276041666666669","parsed","https://textage.cc/score/18/_o_koede.html?DXA00","0.5037892937003681","0.027644507494875684","0.08185671761694084","0.17748603351955244","0.11792033665992524","953.9419596938577","0.3329608938547486","14","8.8","false"
"《ORDERBREAKER》","ANOTHER","11","11.2","55.2","4.8388671875","FLIP + 左MIRROR","11.222291666666667","12","0.07561795719085873","0.07097631666883258","0.012369725434867248","0.00416024653312789","0.734375","parsed","https://textage.cc/score/30/_orderbr.html?DAB00","0.49230974213492534","0.022689164988637968","0.0673916437599665","0.14708029197080236","0.13261482772151847","2120.3948287141066","0.23996350364963503","58.5","10.4","false"
"オーバーライド","ANOTHER","11","11.4","65.3","5.0869140625","FLIP + 右MIRROR","13.387500000000001","14","0.07744649141707904","0.032809918839330675","0.009018171371112677","0","0.8098958333333335","parsed","https://textage.cc/score/33/_overide.html?DAB00","0.4008039634095371","0.03057511603832303","0.08148322101783456","0.2604255319148981","0.16857270793543025","2047.5379060440794","0.2822695035460993","72.1","10.6","false"
"おーまい！らぶりー！すうぃーてぃ！だーりん！","ANOTHER","11","11.2","91.5","5.955078125","FLIP + 左MIRROR","12.480158730158731","14","0.06620349761526169","0.04648251192368847","0.020095389507154202","0","0.9140625","parsed","https://textage.cc/score/26/_omylove.html?DAB00","0.3533500133066537","0.0320968289696531","0.08821252598127163","0.18057733428367806","0.15892411000702436","1997.4995625435897","0.44618674269422665","79.6","11.5","true"
"オールトの雲","ANOTHER","11","11.4","75","5.3349609375","両RANDOM","11.096501572327044","14","0.07874537274836553","0.03447191767477245","0.02450344497777165","0.006169078446306169","0.8515624999999999","parsed","https://textage.cc/score/29/_oortcld.html?DAB00","0.4436956187816472","0.029682355914573032","0.0820702000017552","0.16964757709251108","0.14620668745785712","1591.3382647632388","0.3762114537444934","76.1","10.9","false"
"&#332;u Legends","HYPER","10","","25.1","4.21875","両RANDOM","9.270913242009133","13","0.0740906158112227","0.055222550028812815","0.01288775716262874","0","0.8125000000000001","parsed","https://textage.cc/score/30/_oulgnds.html?DHA00","0.5158892864765093","0.0292138954013006","0.08567690534616659","0.12950377562027846","0.11356803178828401","1743.935643721722","0.2998921251348436","33","9.7","false"
"お菓子の王国","HYPER","10","10.2","30.9","4.3427734375","FLIP + 左MIRROR + 右MIRROR","9.703981655201167","12","0.06320665950590741","0.02373791621911926","0.026208378088076707","0","0.7213541666666667","parsed","https://textage.cc/score/26/_candykd.html?DHA00","0.40545578824116035","0.028612824270819563","0.08386514505892508","0.1293248945147667","0.12920070794604865","1010.4287065003796","0.41434599156118146","27.9","9.8","false"
"お米の美味しい炊き方、そしてお米を食べることによるその効果。","ANOTHER","10","10.2","43.9","4.5908203125","FLIP + 左MIRROR + 右MIRROR","9.465105601469238","11","0.05936987630366232","0.09944215377152571","0.017626000485083372","0","0.8619791666666665","parsed","https://textage.cc/score/20/_howrice.html?DAA00","0.3430218211698643","0.024577679997545836","0.06992387828245579","0.11854990583803941","0.12333739356541716","1540.2154393512237","0.53954802259887","27.9","10.1","false"
"オッド&#9825;ラヴィ","ANOTHER","10","","43.9","4.5908203125","FLIP + 左MIRROR","9.797369614512471","12","0.06158819063842381","0.11246944897052293","0.0033743149163086164","0","0.9010416666666665","parsed","https://textage.cc/score/32/_oddlove.html?DAA00","0.44116084428674335","0.027279380604017276","0.07575946480401143","0.11620209059233297","0.11707892858057714","2813.366009865554","0.313588850174216","27.9","10.1","false"
"おとせサンダー","ANOTHER","10","10","25.1","4.21875","FLIP + 右MIRROR","11.965323992994746","11","0.06818708956607415","0.06843330113287054","0.017993618453792395","0","0.8229166666666666","parsed","https://textage.cc/score/30/_otose_t.html?DAA00","0.4303958353396486","0.030113339028910772","0.07374038181575879","0.2153234358430532","0.14894432572661864","2074.9697288915518","0.3266171792152704","38.1","9.7","false"
"オドループ","ANOTHER","10","10","19.6","4.0947265625","FLIP + 左MIRROR + 右MIRROR","11.143784880771182","12","0.08423539910036197","0.026870754493635234","0.002245087505235734","0","0.7395833333333334","parsed","https://textage.cc/score/29/_oddloop.html?DAA00","0.3623367489424667","0.03412503848735199","0.09698022639738349","0.2614018691588786","0.1440323205898628","1097.3325153503133","0.42710280373831777","27.9","9.5","false"
"オドループ","LEGGENDARIA","11","11.2","43.9","4.5908203125","両RANDOM","13.412683916793506","12","0.07213054727572527","0.02885415563389878","0.001865306925299808","0","0.7421875","parsed","https://textage.cc/score/29/_oddloop.html?DXB00","0.39235071519854275","0.02604130433617341","0.07710938664949694","0.29547600314713296","0.1680991366553276","1313.2299376927074","0.36664044059795436","49","10.1","false"
"鬼天","HYPER","10","10.2","4.4","3.474609375","FLIP + 左MIRROR + 右MIRROR","9.183600713012478","10","0.05149288302277449","0.025404373706004187","0.0029927536231883238","0","0.8541666666666666","parsed","https://textage.cc/score/22/_onigami.html?DHA00","0.3767997865139198","0.01871004319486977","0.056005428378291235","0.12859531772575072","0.11711026562441428","753.5712308958688","0.3690078037904125","5.4","8.5","false"
"お願いアインシュタイン","ANOTHER","10","10.2","19.6","4.0947265625","FLIP + 左MIRROR + 右MIRROR","10.535244161358811","13","0.07875157023571992","0.05097640112049324","0.0026160966794971977","0","0.7734375000000001","parsed","https://textage.cc/score/21/_oneinst.html?DAA00","0.4377554485166802","0.02833513548910583","0.08051034600512216","0.21390532544378577","0.13670218446710483","1392.5977314049949","0.3479289940828402","43.5","9.5","false"
"オブソミート","ANOTHER","10","10","37.2","4.466796875","FLIP + 左MIRROR + 右MIRROR","10.651782775644543","11","0.06139801835391507","0.04805800743632261","0.000028014955041953476","0","0.84375","parsed","https://textage.cc/score/32/_obsomet.html?DAA00","0.42910479387350653","0.02924223543337308","0.08352707424883775","0.15513043478260763","0.13224932409408763","1683.8296937781274","0.32869565217391306","33","10","false"
"朧","ANOTHER","10","10.2","25.1","4.21875","左MIRROR","9.345971014492754","10","0.07065588209753236","0.06947425225471104","0.0019814164671438927","0","0.7213541666666666","parsed","https://textage.cc/score/20/_oboro.html?DAA00","0.41572425113214917","0.026925802644546738","0.0752455273521306","0.17354124748490904","0.12693284289316803","1826.5944651075738","0.358148893360161","22.9","9.7","false"
"朧","LEGGENDARIA","11","11.4","60","4.962890625","正規","10.857565217391306","12","0.07372549961824484","0.07575029499233822","0.002274083921983232","0","0.6223958333333334","parsed","https://textage.cc/score/20/_oboro.html?DXB00","0.44704030474126755","0.027707260471451674","0.07729630500234887","0.18336431226765762","0.15072419276876975","2331.073649220531","0.2825278810408922","67.6","10.5","false"
"オルタネイトβ","ANOTHER","10","10.2","37.2","4.466796875","左MIRROR + 右MIRROR","11.28320251177394","12","0.06706384320709333","0.026963853410134474","0.0008392464590812137","0","0.8984375","parsed","https://textage.cc/score/23/_altbeta.html?DAA00","0.3960168733252509","0.02229786195830243","0.06604420913315008","0.24020852221214842","0.1481169960632238","1365.2707556174832","0.3744333635539438","43.5","10","false"
"オレはビートマニア！お前は何マニア？","ANOTHER","9","9.6","25.1","4.21875","FLIP","7.047712418300653","9","0.05997465145754122","0.1630189495811307","0.0013799499211721593","0","0.5286458333333334","parsed","https://textage.cc/score/12/_orebeat.html?DA900","0.3663218794365358","0.026836559238941356","0.07601189716621587","0.08158584534731232","0.07750985943710484","1438.2095566820738","0.5661861074705111","1.3","9.7","false"
"音楽","HYPER","10","9.6","1.5","3.1025390625","左MIRROR","7.2687189368429665","14","0.06263891607636887","0.014514024787997317","0.036077188329093984","0","0.6744791666666666","parsed","https://textage.cc/score/20/_ongaku.html?DHA00","0.3605310825245311","0.019801581127790537","0.05946195806897606","0.18807339449541083","0.09966413371664704","662.4825812438071","0.5068807339449541","22.9","7.8","false"
"Χ-DEN","HYPER","11","","93.6","6.0791015625","両RANDOM","12.458333333333334","14","0.08807190635451428","0.0732441471571909","0.03500334448160543","0","0.7916666666666667","parsed","https://textage.cc/score/26/_kai_den.html?DHB00","0.405209177356908","0.03365152641410998","0.09479666988839368","0.13687888198757756","0.16008381436515975","1675.276337793573","0.41226708074534163","93.8","11.6","true"
"怪物","ANOTHER","10","10.2","25.1","4.21875","FLIP + 右MIRROR","10.464781746031747","12","0.06692918424420505","0.038820685405507926","0.0009593781106317735","0","0.7421875","parsed","https://textage.cc/score/29/_kaibutu.html?DAA00","0.37210448252949696","0.027092578197838744","0.07803170905933944","0.22882676443629543","0.13394645696879973","1287.0301701867488","0.3593033913840513","22.9","9.7","false"
"怪物","LEGGENDARIA","11","11.6","60","4.962890625","FLIP + 右MIRROR","13.357142857142858","15","0.07586434194890038","0.03475935828877019","0.0035531788472963725","0","0.8385416666666667","parsed","https://textage.cc/score/29/_kaibutu.html?DXB00","0.4490699821660611","0.02388336014212366","0.07114917664017431","0.25008467400508166","0.16793565709874117","1607.5185647121004","0.25910245554614736","86.5","10.5","false"
"蛇神","ANOTHER","11","11.6","91.5","5.955078125","FLIP","12.27725684868542","13","0.07950960424903086","0.03705922287448584","0.006613154426740178","0","0.8619791666666665","parsed","https://textage.cc/score/19/_kagachi.html?DAB00","0.44384972187630917","0.02662914434347369","0.07801613227262863","0.15008190008189998","0.1631466318630685","1477.240687700478","0.2285012285012285","91.1","11.5","true"
"覚悟せよ！エンタンメ～ン ～より身の切り売り自暴自棄版～","ANOTHER","11","11.4","95.4","6.203125","左MIRROR","12.86410416121982","15","0.0729674436891472","0.05701522687828369","0.008540180166727593","0.001148691767708998","0.39322916666666674","parsed","https://textage.cc/score/32/_kakugos.html?DAB00","0.44392322463417117","0.03566812003410143","0.07875113116901739","0.18880379285193377","0.16065118999804645","2587.8295681303707","0.2800875273522976","92.7","11.8","true"
"かげぬい  ～ Ver.BENIBOTAN ～","ANOTHER","10","10.5","37.2","4.466796875","正規","9.138630136986302","12","0.05760223048327124","0.07007297537674381","0","0.005436802973977696","0.5468750000000001","parsed","https://textage.cc/score/18/_kagenui.html?DAA00","0.4070113022023858","0.01757142857142862","0.05243175444592126","0.16387755102040658","0.11574495961556704","1682.198332459777","0.5010204081632653","22.9","10","false"
"陽炎","ANOTHER","10","10.5","43.9","4.5908203125","左MIRROR + 右MIRROR","10.970225127087872","11","0.06641996557659194","0.02949159274460465","0.0018429763008076412","0","0.6536458333333334","parsed","https://textage.cc/score/19/_kagerou.html?DAA00","0.44659868701426203","0.021328617482145415","0.06432696010813686","0.19733333333333217","0.14563228272198578","1018.8097011186915","0.27555555555555555","38.1","10.1","false"
"下弦の月","ANOTHER","9","9.6","8.4","3.72265625","正規","8.4415503875969","12","0.08571119845234552","0.07586443334312862","0.017609952003134522","0","0.6979166666666666","parsed","https://textage.cc/score/20/_kagenno.html?DA900","0.3379347994780627","0.03335530029299376","0.09386534853233452","0.1932234432234415","0.11161775546243387","964.7941681202498","0.5091575091575091","18.4","9","false"
"禍根","ANOTHER","11","11.2","70.6","5.2109375","両RANDOM","10.793229166666666","14","0.055476764947160064","0.027650436712831197","0.005983689620228795","0","0.7213541666666665","parsed","https://textage.cc/score/24/_srcof_c.html?DAB00","0.41926676933403717","0.02309956264414168","0.06280763950648642","0.14827437446074235","0.14614093671349526","1258.707531015264","0.3830888697152718","53.9","10.8","false"
"か・し・ま・し☆PUMP UP！","ANOTHER","11","11.4","70.6","5.2109375","左MIRROR","12.332159624413146","14","0.07731321975825575","0.12503569049205301","0.019819168173598873","0","0.7369791666666666","parsed","https://textage.cc/score/23/_kasimas.html?DAB00","0.3881225765978461","0.034707185274844066","0.08603023526559364","0.15362934362934383","0.14936755353171727","3852.38167689827","0.34826254826254827","67.6","10.8","false"
"かずあそび","ANOTHER","9","8.5","1.5","3.1025390625","FLIP + 右MIRROR","7.957818930041153","9","0.05486102133160961","0.0660310277957337","0.000594699418228842","0","0.6796874999999998","parsed","https://textage.cc/score/17/_kzasobi.html?DA900","0.46895365922704263","0.014347845957613596","0.04176777684780185","0.17267515923566706","0.10260500528233243","1552.5080291628146","0.26878980891719745","1.3","7.8","false"
"仮想空間の旅人たち","ANOTHER","11","11.4","95.4","6.203125","左MIRROR + 右MIRROR","13.125645342312009","12","0.060131210479736484","0.026252784321437975","0","0","0.7890625","parsed","https://textage.cc/score/20/_travels.html?DAB00","0.40079400257874975","0.020952189330569672","0.06127840898977907","0.20010940919037268","0.17020576801788445","1222.4582885078048","0.26258205689277897","86.5","11.8","true"
"華蝶風雪","HYPER","10","9.6","8.4","3.72265625","正規","8.642428035043805","10","0.07148559801891306","0.06387605655559252","0.016286620421995003","0","0.6901041666666665","parsed","https://textage.cc/score/13/_kachofu.html?DHA00","0.43833714655839606","0.03239588373115016","0.08787507492105266","0.14898167006109986","0.11352143338218212","1339.1965383269392","0.3411405295315682","7.9","9","false"
"[E]","ANOTHER","11","11.4","70.6","5.2109375","左MIRROR","14.10631424375918","12","0.07505781859712514","0.030969433076361866","0.005174962723263892","0","0.7838541666666665","parsed","https://textage.cc/score/33/_kakko_e.html?DAB00","0.5460321422647688","0.028262609327323357","0.079770133504079","0.1522359290670782","0.17313511394922662","1688.6251543372996","0.20971472629144178","86.5","10.8","false"
"合体せよ!ストロングイェーガー!! (Ryu☆ remix)","ANOTHER","11","11.4","37.2","4.466796875","正規","8.386863425925926","17","0.0817992064861134","0.040089701569777425","0.0062597895463170706","0","0.8151041666666667","parsed","https://textage.cc/score/12/_tsj_ryu.html?DAB00","0.38863012860984786","0.02804453044909944","0.081550397583843","0.14749340369392983","0.12275314887147343","1015.3322220063121","0.38786279683377306","72.1","10","false"
"がっつり陰キャ!?怪盗いいんちょの億劫^^;","HYPER","10","10.5","55.2","4.8388671875","正規","12.055789967182372","11","0.06751691619677211","0.06022749368073111","0.021789616955084173","0","0.8515625","parsed","https://textage.cc/score/27/_gatturi.html?DHA00","0.39361261604650993","0.02957970598518338","0.08190154959046728","0.17231930103256485","0.1510520971066508","1880.9100116702566","0.3550436854646545","49","10.4","false"
"神様、つれない。","ANOTHER","10","10","30.9","4.3427734375","正規","10.475648323845666","10","0.07293322062552815","0.030431107354184285","0.002550416616350806","0","0.8750000000000001","parsed","https://textage.cc/score/31/_kamitre.html?DAA00","0.47202635572295615","0.028927380455454958","0.0861016314006332","0.21595959595959452","0.13778671832386077","1421.2890680574874","0.2696969696969697","33","9.8","false"
"神っぽいな","ANOTHER","10","10.5","65.3","5.0869140625","左MIRROR","10.33859649122807","11","0.06176010651490019","0.13568249161325674","0.000728896082705677","0","0.7499999999999999","parsed","https://textage.cc/score/30/_kamipoi.html?DAA00","0.427738279226575","0.02659952799297612","0.07596923610382596","0.17149344096871705","0.1273039984556485","2332.5474746159725","0.3340060544904137","33","10.6","false"
"#CMFLG","HYPER","10","10","15","3.970703125","両RANDOM","9.693811074918566","11","0.07343511984767","0.05160730286738349","0","0","0.8437500000000001","parsed","https://textage.cc/score/30/_cmflg.html?DHA00","0.46482166095517585","0.03233188220963295","0.09173813134412159","0.06978557504873177","0.12060842430159645","1614.3406547135874","0.3888888888888889","22.9","9.3","false"
"鴉","HYPER","10","10","37.2","4.466796875","正規","10.165719696969697","12","0.07770610153702816","0.05274802049371204","0.01863809967396321","0","0.9401041666666667","parsed","https://textage.cc/score/24/_karasu.html?DHA00","0.3739356318938882","0.031485165999712995","0.0903125942819505","0.21298896690070165","0.1382417393584687","1685.0995365878816","0.4312938816449348","38.1","10","false"
"鴉","ANOTHER","11","11.2","70.6","5.2109375","左MIRROR","12.108901515151514","14","0.08477750840697555","0.05654180026589489","0.02079924923750645","0","0.7734374999999999","parsed","https://textage.cc/score/24/_karasu.html?DAB00","0.40174848320994905","0.032562703339530354","0.09353073016647631","0.22813333333333216","0.16348060976152676","1957.456925938514","0.36533333333333334","89.1","10.8","false"
"華麗なる大犬円舞曲","HYPER","10","10","19.6","4.0947265625","右MIRROR","9.133487361336535","11","0.06377267795883622","0.05724775686692608","0.04410402915053801","0","0.6979166666666667","parsed","https://textage.cc/score/27/_valse27.html?DHA00","0.4694151721897588","0.03097426292852413","0.08299605494316951","0.09793233082706589","0.12091468551268848","1922.2692296018424","0.3392857142857143","18.4","9.5","false"
"華麗なる！音戯探偵ひなビタ&#9835;","ANOTHER","11","","78.9","5.458984375","左MIRROR + 右MIRROR","11.233617542070208","16","0.0703222906951289","0.09592876984617565","0.011028132856602802","0","0.9010416666666666","parsed","https://textage.cc/score/33/_kareinr.html?DAB00","0.4908566620704613","0.026847224530649014","0.07125477577103248","0.16836734693877448","0.14040331816777468","3035.8593440793748","0.3193877551020408","83","11","false"
"かわいいだけじゃだめですか？","ANOTHER","10","9.6","25.1","4.21875","FLIP","10.68527253668763","13","0.07403617412630274","0.07247087676272233","0.010712446351931066","0","0.7031250000000001","parsed","https://textage.cc/score/33/_kawaiid.html?DAA00","0.3816518970505457","0.030768396528056935","0.08505166059275854","0.23065476190475948","0.13430840931119364","2085.851790904765","0.42956349206349204","33","9.7","false"
"可愛くてごめん","ANOTHER","9","9","4.4","3.474609375","両RANDOM","9.022494887525562","8","0.07622846781504969","0.055133726201269266","0.0007978241160471449","0","0.8958333333333333","parsed","https://textage.cc/score/31/_k_gomen.html?DA900","0.46477784190979365","0.03680865269014453","0.10354671480185573","0.19530095036958756","0.11392726897288065","1985.416106890776","0.32946145723336856","3.8","8.5","false"
"可愛くてごめん","LEGGENDARIA","10","10.5","50","4.71484375","正規","11.0920245398773","12","0.07712850294985198","0.05779867256637168","0.0010766961651917414","0","0.7317708333333334","parsed","https://textage.cc/score/31/_k_gomen.html?DXA00","0.45601727130224623","0.03029930316463282","0.0872476570181703","0.17169312169312162","0.13867077256128857","2483.4908998078254","0.31922398589065254","53.9","10.3","false"
"キスキツネ","ANOTHER","10","10.5","50","4.71484375","FLIP + 左MIRROR","11.694468832309042","11","0.07033033033032984","0.04094094094094103","0","0","0.7812499999999999","parsed","https://textage.cc/score/32/_kissktn.html?DAA00","0.46110881736801373","0.029363186647518105","0.08307687953253638","0.21726649528705994","0.15090529199196354","1558.9450649749963","0.23307626392459296","43.5","10.3","false"
"ギミギミエンターテイメント","ANOTHER","10","","","","","","","","","","","","unparsed","https://textage.cc/score/34/_gimentr.html?DAA00","","","","","","","","","",""
"キミとえがくキセキ","ANOTHER","10","10","11.3","3.8466796875","FLIP + 両RANDOM","9.724846770391324","14","0.07712678896947563","0.03896947601132527","0.006925493542257537","0","0.8515625","parsed","https://textage.cc/score/33/_kimiksk.html?DAA00","0.5436835956191619","0.03003351955307271","0.08906702956340536","0.15458100558659066","0.12126468026920081","1662.2370062550665","0.24581005586592178","38.1","9.2","false"
"きみのせかい","ANOTHER","11","11.8","95.4","6.203125","左MIRROR","13.47985347985348","16","0.08523682065217349","0.03178923233695654","0.004313043478260763","0.005062500000000001","0.8932291666666665","parsed","https://textage.cc/score/32/_kiminos.html?DAB00","0.49770534969201535","0.03306696099236775","0.08689446690657397","0.2187356321839093","0.17102415933637835","1888.9026085603919","0.20383141762452106","94.9","11.8","true"
"ギャ・ギャ・ギャ・ギャラクシー！","ANOTHER","10","9.6","11.3","3.8466796875","FLIP + 左MIRROR + 右MIRROR","9.692307692307692","10","0.07657260435038173","0.06331569664903025","0","0","0.8489583333333331","parsed","https://textage.cc/score/32/_gyalaxy.html?DAA00","0.5007307164241578","0.033398369767511066","0.09688601257954327","0.13592233009708565","0.12187084741062773","2453.7181909324268","0.25533980582524274","18.4","9.2","false"
"キャトられ&hearts;恋はモ～モク","HYPER","10","","55.2","4.8388671875","両RANDOM","10.899358974358975","18","0.08299292771863719","0.0516195671352115","0.036193612891843314","0","0.9296874999999999","parsed","https://textage.cc/score/20/_kyatora.html?DHA00","0.39573530428061754","0.035659376212266884","0.10339757155929699","0.12744000000000105","0.13946692654416812","1461.8056093432626","0.456","76.1","10.4","false"
"きゅうくらりん","ANOTHER","10","10.2","30.9","4.3427734375","FLIP","10.574249605055293","12","0.06821169791588828","0.014192873683424218","0.009872264136849164","0","0.7421875","parsed","https://textage.cc/score/32/_kyukura.html?DAA00","0.38853694218765744","0.029866048572681454","0.08779413467423261","0.21678414096916201","0.13586383079535722","886.7543663014967","0.45462555066079297","22.9","9.8","false"
"きゅんです。","ANOTHER","10","10.2","30.9","4.3427734375","左MIRROR + 右MIRROR","11.887912087912088","14","0.07640075183336388","0.04398533308683049","0.0030122635114315363","0","0.8411458333333335","parsed","https://textage.cc/score/30/_kyundes.html?DAA00","0.468303317081973","0.030008304060362995","0.08568044296841137","0.22189819724284088","0.1482829960225939","1771.312379227082","0.2799575821845175","63.1","9.8","false"
"響花水月","ANOTHER","11","11.4","89","5.8310546875","両RANDOM","13.037974683544304","13","0.06383926645091638","0.029971233369291746","0.0035037756202804258","0","0.8854166666666669","parsed","https://textage.cc/score/30/_kyouka.html?DAB00","0.4634839223136031","0.021485724711484275","0.06449401859530013","0.2036390101892301","0.17101332517053877","1591.4606283801568","0.17758369723435224","86.5","11.4","true"
"狂水一華","ANOTHER","11","11.2","65.3","5.0869140625","右MIRROR","11.642701525054466","13","0.057632391467065607","0.057693207335329344","0.010621257485029933","0","0.8098958333333334","parsed","https://textage.cc/score/27/_kichika.html?DAB00","0.3993326987371867","0.02796054636165192","0.07830237825671191","0.16993695823483124","0.14521892700076908","2203.568113611217","0.4081954294720252","49","10.6","false"
"鏡像都市","ANOTHER","9","9.3","3.1","3.3505859375","右MIRROR","9.476190476190476","10","0.09778768844221065","0.05241834170854271","0.0009849246231155788","0.0004522613065326633","0.8593749999999999","parsed","https://textage.cc/score/33/_kyozots.html?DA900","0.5790246772400321","0.037571552422227164","0.10703469083758355","0.13772919605077422","0.11863665376809689","2233.007221271195","0.1692524682651622","14","8.3","false"
"共犯ヘヴンズコード","ANOTHER","10","10","30.9","4.3427734375","左MIRROR + 右MIRROR","10.181999694392095","13","0.09096218569787724","0.09829357408985939","0.0017118685443756007","0","0.7161458333333334","parsed","https://textage.cc/score/25/_kyouhan.html?DAA00","0.4931370774414306","0.04729194834591806","0.10984548527980037","0.18878406708595305","0.12952467873501242","3053.881481017827","0.3584905660377358","38.1","9.8","false"
"共鳴遊戯の華","HYPER","10","10.7","65.3","5.0869140625","FLIP + 左MIRROR","11.875","13","0.05997943784191615","0.040294284097340156","0.011967553291831712","0","0.6380208333333333","parsed","https://textage.cc/score/22/_kyoumei.html?DHA00","0.39580992134998394","0.022471119018419583","0.06351611770245377","0.2558345642540663","0.15271526400722926","1367.88494790118","0.1935007385524372","53.9","10.6","false"
"ギョギョっと人魚&#9832;爆婚ブライダル","ANOTHER","10","","25.1","4.21875","左MIRROR","10.213707165109035","15","0.08192574574513453","0.08918440797901575","0.03922934585900497","0","0.6510416666666666","parsed","https://textage.cc/score/23/_gyogyo.html?DAA00","0.42520111338400185","0.02930068249984781","0.0815487844657057","0.16270022883295085","0.13253117187193766","1837.777133785114","0.41762013729977115","86.5","9.7","false"
"閠槞彁の願い","HYPER","10","10.2","43.9","4.5908203125","左MIRROR + 右MIRROR","8.953586497890296","11","0.06466174468530736","0.07555765001570823","0.01548224945020418","0.00042412818096135724","0.7526041666666667","parsed","https://textage.cc/score/28/_grk.html?DHA00","0.4704068502177038","0.03155763852851749","0.08549667649931923","0.11372453928224821","0.118744692217084","1926.021689132477","0.3317167798254122","18.4","10.1","false"
"口カラ凸ゲキ","ANOTHER","10","10","65.3","5.0869140625","FLIP + 両RANDOM","10.731292517006803","11","0.068800184891706","0.10797675647120962","0.0443951399894351","0","0.8020833333333333","parsed","https://textage.cc/score/29/_kuchikr.html?DAA00","0.41483623162412353","0.028040472519562147","0.08194579867756341","0.11431064572425673","0.12387102503728667","2407.214960603027","0.3795811518324607","53.9","10.6","false"
"グッバイ宣言","ANOTHER","11","11.4","75","5.3349609375","FLIP + 左MIRROR","13.407128514056225","16","0.07472703785524336","0.0534129628936234","0.006545100535440325","0","0.7786458333333333","parsed","https://textage.cc/score/29/_goodbys.html?DAB00","0.43022019800864564","0.02627192570082284","0.07410925553502783","0.2286585365853678","0.16587472030193526","1887.9514231260357","0.2972560975609756","86.5","10.9","false"
"昏き甲鉄のヴェルガ","ANOTHER","10","10","19.6","4.0947265625","左MIRROR + 右MIRROR","10.139687055476529","11","0.07535259018171911","0.04170290769993357","0.005036895709996557","0","0.7942708333333333","parsed","https://textage.cc/score/30/_k_verga.html?DAA00","0.4902793769680018","0.02979786526847928","0.0846838916378378","0.20834932821497135","0.1313015107452348","1982.0425060127693","0.23512476007677544","43.5","9.5","false"
"グラナダの風","ANOTHER","10","10.5","30.9","4.3427734375","右MIRROR","9.972741433021806","14","0.06991253416634122","0.03809058961343233","0.013938305349473044","0","0.7213541666666666","parsed","https://textage.cc/score/26/_granada.html?DAA00","0.4896201716665666","0.02672719883145378","0.07247582996179311","0.13520710059171426","0.12691981225864032","1382.9216402696","0.3088757396449704","49","9.8","false"
"《GRANDMASTER》","ANOTHER","11","11.6","91.5","5.955078125","FLIP","13.085485729781032","13","0.07431552553050329","0.05897194131299735","0.00014588859416445637","0.0035809018567639263","0.8020833333333335","parsed","https://textage.cc/score/29/_gmaster.html?DAB00","0.4136000514847277","0.02727102066345083","0.07525732256378802","0.14614561027837228","0.1690105266315843","2432.4385687023823","0.284796573875803","83","11.5","true"
"狂イ咲ケ焔ノ華","HYPER","10","10","25.1","4.21875","正規","10.280470231323475","9","0.056929500988579525","0.013275739959276493","0.015913477144627604","0","0.6796874999999999","parsed","https://textage.cc/score/20/_kuruizk.html?DHA00","0.41271192611177543","0.021851845752559943","0.06588504247814723","0.1270914777169673","0.13587258461514912","867.8913794342509","0.4175136825645035","10.6","9.7","false"
"クルクル☆ラブ ～Opioid Peptide MIX～","ANOTHER","10","10","43.9","4.5908203125","右MIRROR","10.251758087201125","15","0.057964284081035204","0.019995884209082153","0.008855352814743728","0","0.7161458333333333","parsed","https://textage.cc/score/14/_curulab.html?DAA00","0.3687588014476033","0.018210447597718848","0.05447278270197048","0.19202226345083545","0.13540330959589011","890.0230061295227","0.4007421150278293","43.5","10.1","false"
"黒髪乱れし修羅となりて","HYPER","10","10","43.9","4.5908203125","正規","10.52901023890785","11","0.0605024311183142","0.04234197730956249","0","0","0.7604166666666666","parsed","https://textage.cc/score/18/_krokami.html?DHA00","0.4026089589887526","0.027222059987523497","0.07855797738395368","0.13824999999999968","0.13200410164775792","1607.6568289229376","0.475","33","10.1","false"
"■□模様","ANOTHER","10","10.5","55.2","4.8388671875","左MIRROR","11.654155495978554","15","0.07505478874319392","0.0733647726401351","0.02981243769649566","0.0006521739130434783","0.8723958333333336","parsed","https://textage.cc/score/30/_ksmoyou.html?DAA00","0.4235291514906044","0.034560909288936736","0.0862415210165619","0.17036881810561633","0.14392992257796547","2721.4818655469926","0.38055322715842416","67.6","10.4","false"
"黒紅掬い","ANOTHER","9","9.3","8.4","3.72265625","右MIRROR","9.500786026200874","9","0.06761858361523743","0.03430651566406808","0","0","0.8255208333333334","parsed","https://textage.cc/score/29/_krobeni.html?DA900","0.5516336388959008","0.025188380564777405","0.07270321061756337","0.24413173652694461","0.1254728877069911","1718.8109088688027","0.11736526946107785","7.9","9","false"
"ゲシュタルト","ANOTHER","10","10.5","37.2","4.466796875","右MIRROR","10.128617363344052","12","0.07836507936507893","0.06865079365079371","0","0","0.7630208333333334","parsed","https://textage.cc/score/32/_gestalt.html?DAA00","0.41606200564351586","0.032919824726845716","0.09904398536280096","0.21109022556390875","0.1276839421481129","1884.0237827100773","0.35150375939849626","49","10","false"
"ゲシュタルト","LEGGENDARIA","11","11.8","86.1","5.70703125","右MIRROR","13.22347266881029","18","0.09221276595744687","0.05258358662613985","0","0","0.7890625","parsed","https://textage.cc/score/32/_gestalt.html?DXB00","0.5071079980051639","0.032132391279834575","0.09705167754525691","0.21376936316695241","0.16832523709486913","2092.0701444864753","0.21600688468158347","99.3","11.3","true"
"月下散刃","HYPER","10","","","","","","","","","","","","unparsed","https://textage.cc/score/34/_gekkasj.html?DHA00","","","","","","","","","",""
"月下繚乱","ANOTHER","11","11.2","82.6","5.5830078125","左MIRROR + 右MIRROR","13.035087719298245","14","0.0732253978307334","0.016685139735571217","0.0027677935238699155","0.0003028263795423957","0.8854166666666665","parsed","https://textage.cc/score/33/_gryoran.html?DAB00","0.45710691214898935","0.02636430342946197","0.07834692481145834","0.2064528301886804","0.16726712165141183","1387.3289925806466","0.26716981132075474","83","11.1","true"
"月光","ANOTHER","10","10.7","25.1","4.21875","FLIP + 左MIRROR + 右MIRROR","10.918764988009592","13","0.054157584076870255","0.06715168153740562","0","0","0.6015625","parsed","https://textage.cc/score/12/_gekkou.html?DAA00","0.4221337416133746","0.01925525789003849","0.046361965550579316","0.12806731813246305","0.14209974965230376","1104.8632442348726","0.3984799131378936","58.5","9.7","false"
"恋は白帯、サンシロー","ANOTHER","9","9.3","1.5","3.1025390625","FLIP + 左MIRROR","8.097141472868218","11","0.05428047868362008","0.054300673148840704","0.022246821241585377","0","0.7291666666666667","parsed","https://textage.cc/score/22/_koisiro.html?DA900","0.38614299863823576","0.018600507969269882","0.055493112027360236","0.20411499436302025","0.104695161798998","956.3013830729728","0.4532130777903044","1.7","7.8","false"
"恋は白帯、サンシロー","LEGGENDARIA","11","11.4","37.2","4.466796875","右MIRROR","12.667151162790699","13","0.07982979537196372","0.029785809906291847","0.026054694970357648","0","0.5234375","parsed","https://textage.cc/score/22/_koisiro.html?DXB00","0.442109680771679","0.028575408839497385","0.07919425282158689","0.24973684210526426","0.16287805313738327","1273.7331614674035","0.34035087719298246","63.1","10","false"
"恋はどう？モロ◎波動OK☆方程式!!","ANOTHER","10","10","8.4","3.72265625","正規","9.372079772079772","10","0.07573215588521387","0.08339919747081712","0.011899319066147858","0","0.8906250000000001","parsed","https://textage.cc/score/24/_koihado.html?DAA00","0.4094227160285028","0.03195882156057839","0.09411268927348151","0.17202127659574443","0.11475161834778709","2082.3841869052267","0.42446808510638295","7.9","9","false"
"高高度降下低高度開傘","ANOTHER","10","10.7","65.3","5.0869140625","左MIRROR + 右MIRROR","10.827338129496404","12","0.07495431893687671","0.03779069767441868","0.0011960132890366205","0","0.8333333333333335","parsed","https://textage.cc/score/15/_kokodo.html?DAA00","0.4230206769051583","0.03380733713612817","0.09669628875013705","0.17437120555073662","0.14132526719094038","1362.2206460495477","0.3434518647007806","49","10.6","false"
"ここからよろしく大作戦143","ANOTHER","10","10.2","37.2","4.466796875","両RANDOM","10.344995648389904","12","0.0804010465742355","0.03233106743841683","0.017025171624714206","0","0.9348958333333334","parsed","https://textage.cc/score/28/_ope_143.html?DAA00","0.40803164519224827","0.03155203628026166","0.09034855100041624","0.1923312883435579","0.1327905140999082","1251.4869825816331","0.3943908851884312","33","10","false"
"ここからよろしく大作戦143","LEGGENDARIA","11","11.4","78.9","5.458984375","正規","13.10739773716275","13","0.08429224987384079","0.07648535231467933","0.015017927810682704","0","0.7526041666666667","parsed","https://textage.cc/score/28/_ope_143.html?DXB00","0.4487006880052619","0.03692826148190963","0.0932657036781854","0.2246854182087365","0.16169923631107247","3192.4932806545053","0.28053293856402667","83","11","false"
"コスモス","ANOTHER","9","9.3","6.2","3.5986328125","FLIP + 左MIRROR + 右MIRROR","9.770123939986954","10","0.04572134387351772","0.051116333725029245","0","0","0.37760416666666674","parsed","https://textage.cc/score/17/_cosmos.html?DA900","0.3796029641131681","0.010094792732507199","0.02916043422175509","0.19462901439645483","0.1243337777242453","1142.8952743943885","0.4263565891472868","5.4","8.8","false"
"こっちを向いてよ","ANOTHER","11","11.8","75","5.3349609375","FLIP + 右MIRROR","10.733333333333333","17","0.07877218278615743","0.08694265749778174","0.015026619343389528","0","0.5833333333333333","parsed","https://textage.cc/score/6/_kotti.html?DAB00","0.5645374787674311","0.028336133560953044","0.08164836237751295","0.1985181119648727","0.15155383953916793","1169.3971692339042","0.2535675082327113","92.7","10.9","false"
"子供の落書き帳","HYPER","10","10.7","50","4.71484375","左MIRROR + 右MIRROR","10.73675631621842","10","0.07262629042052526","0.023455290724153678","0.001316228935782559","0","0.7994791666666665","parsed","https://textage.cc/score/19/_kodomo.html?DHA00","0.3706131823994083","0.031330523614199524","0.0873957010895521","0.1934426229508181","0.1468494439631118","717.0099346480844","0.4484777517564403","43.5","10.3","false"
"今宵、ロマンス横丁。","HYPER","10","10.2","43.9","4.5908203125","左MIRROR","10.387149216179601","12","0.06237687813021687","0.09738452977184202","0.011423801574052749","0.0018781302170283807","0.7656250000000001","parsed","https://textage.cc/score/31/_koyoiry.html?DHA00","0.4397873337902922","0.032636098156715775","0.0801938518075874","0.15201096892138943","0.1281240404667698","2318.165127326021","0.3829981718464351","43.5","10.1","false"
"金野火織の金色提言","HYPER","10","10.2","37.2","4.466796875","両RANDOM","10.381257275902211","13","0.07750210260723268","0.09601906363891215","0.02211382113821115","0","0.9505208333333335","parsed","https://textage.cc/score/26/_k_hiori.html?DHA00","0.3985235718998286","0.032094065985105884","0.09325981720666854","0.16861598440545703","0.1319768264281321","1923.3569762061493","0.42007797270955166","49","10","false"
"斎戒","HYPER","10","","","","","","","","","","","","unparsed","https://textage.cc/score/34/_saikai.html?DHA00","","","","","","","","","",""
"罪過の聖堂","ANOTHER","11","11.6","37.2","4.466796875","右MIRROR","9.114388150691111","13","0.08511648425878032","0.0047935413337818695","0.01657868495981334","0","0.7473958333333333","parsed","https://textage.cc/score/30/_cathsin.html?DAB00","0.4359386782125222","0.030969639233548805","0.0908528104407851","0.20968819599109012","0.13228685003572171","667.1985044678204","0.36414253897550114","53.9","10","false"
"最強頂戴girl&#9825;","ANOTHER","10","","19.6","4.0947265625","FLIP","9.986426608334735","11","0.07807404744787896","0.11772555715312724","0.015741193386053075","0.01598130841121495","0.8854166666666666","parsed","https://textage.cc/score/32/_saikyog.html?DAA00","0.4578372113517464","0.031214985851951142","0.08364653549078037","0.14146757679180694","0.12112032545794509","2628.8493347700305","0.2821387940841866","33","9.5","false"
"最小三倍完全数","HYPER","10","10","37.2","4.466796875","左MIRROR + 右MIRROR","8.580756013745704","12","0.06495544653584312","0.03196335602723271","0.018430116139367368","0","0.6744791666666665","parsed","https://textage.cc/score/26/_saisho3.html?DHA00","0.4307213780888178","0.03093970499002961","0.08566614683527564","0.14475524475524257","0.11987911933183201","1036.2026771321214","0.34498834498834496","22.9","10","false"
"逆月","HYPER","10","10.2","19.6","4.0947265625","右MIRROR","10.0782874617737","12","0.07910547396528661","0.018934336691346053","0","0","0.7552083333333334","parsed","https://textage.cc/score/29/_sakazki.html?DHA00","0.49166603745422455","0.028747433264887146","0.08669360746832568","0.18213552361396168","0.12881537135766652","1001.4443341890037","0.28439425051334705","49","9.5","false"
"桜","HYPER","10","10.2","15","3.970703125","左MIRROR + 右MIRROR","8.505958530442376","11","0.07721739408013929","0.1429716117216117","0.009963369963369988","0","0.765625","parsed","https://textage.cc/score/8/_sakura.html?DHA00","0.3863561016406158","0.03874962877331673","0.10048409077013035","0.1216016150740228","0.10747016628908387","2080.8827472696253","0.4535666218034993","14","9.3","false"
"サタデーナイト☆ギャロップ","HYPER","10","10.2","70.6","5.2109375","FLIP + 両RANDOM","11.765723705901749","13","0.06700704825273253","0.05023449339562583","0.017667978873175852","0","0.8593749999999999","parsed","https://textage.cc/score/33/_sngalop.html?DHA00","0.45491291019702196","0.02848490147096628","0.07548894836602003","0.13204010462074917","0.15140439469744393","2200.4730257265082","0.3260680034873583","53.9","10.8","false"
"サヨナラ・ヘヴン","ANOTHER","8","8.5","3.1","3.3505859375","左MIRROR","8.0475","10","0.05741308706825943","0.05725710036054868","0.015391190563604197","0","0.7942708333333334","parsed","https://textage.cc/score/17/_sheaven.html?DA800","0.4044855912053034","0.02014213832697775","0.05843258453918211","0.19977011494252767","0.10399974254512026","1373.9221964918288","0.44482758620689655","5.4","8.3","false"
"サヨナラ・ヘヴン","LEGGENDARIA","10","10","37.2","4.466796875","右MIRROR","9.207954545454545","17","0.06700390801760657","0.03282734789584094","0.01131432802665708","0","0.7239583333333334","parsed","https://textage.cc/score/17/_sheaven.html?DXA00","0.5036728511568531","0.0271337249086709","0.08030328053693217","0.1679999999999982","0.12180290425200749","1208.5919031857288","0.2894736842105263","67.6","10","false"
"サヨナラ・ヘヴン -Celtic Chip Dance Mix-","ANOTHER","10","10.2","37.2","4.466796875","FLIP + 左MIRROR + 右MIRROR","11.241025641025642","12","0.06630867928832103","0.03449475364963508","0.0060383211678832465","0.002109375","0.7838541666666666","parsed","https://textage.cc/score/30/_shvnccd.html?DAA00","0.5038817057294949","0.025471718638563387","0.07626133912672203","0.2031657355679689","0.1379691410029315","1591.4969827509613","0.1945996275605214","49","10","false"
"#The_Relentless","ANOTHER","11","11.6","86.1","5.70703125","左MIRROR","13.088068181818182","15","0.07090225019897195","0.042471601186600115","0.006960422545401861","0","0.6093750000000001","parsed","https://textage.cc/score/22/_therele.html?DAB00","0.4386381069483725","0.024682887022132","0.06997514092966324","0.1906428571428581","0.16327242781303772","1504.514955525682","0.3221428571428571","83","11.3","true"
"≡＋≡","HYPER","10","9","11.3","3.8466796875","正規","8.884564393939394","10","0.07559592202172191","0.03400091663913189","0.01269225439933458","0","0.84375","parsed","https://textage.cc/score/30/_3plus3.html?DHA00","0.36519951626763353","0.030321065384935925","0.08954957760129825","0.16428571428571204","0.11917452932299066","1239.256489467758","0.45556805399325084","33","9.2","false"
"≡＋≡","ANOTHER","11","11.8","91.5","5.955078125","左MIRROR","13.555208333333333","15","0.08050201546705005","0.05485074366193248","0.012542422612352331","0","0.8958333333333334","parsed","https://textage.cc/score/30/_3plus3.html?DAB00","0.40173827772562276","0.02918287059056218","0.07813358207494192","0.22628865979381413","0.17650306520656978","2012.6692405760407","0.38461538461538464","97.3","11.5","true"
"残像ニ繋ガレタ追憶ノHIDEAWAY","HYPER","10","10","15","3.970703125","FLIP + 左MIRROR","9.62173458725183","13","0.06181581233709812","0.06206559513466551","0.0008340573414422249","0","0.6927083333333334","parsed","https://textage.cc/score/31/_zanzoni.html?DHA00","0.4166188523724304","0.030042984955893297","0.08195660136578631","0.1575278810408908","0.12406373797658099","2258.027773103846","0.379182156133829","18.4","9.3","false"
"じぇりー じゅえる ジャングル","ANOTHER","11","11.8","98.7","6.69921875","左MIRROR + 右MIRROR","14.0974930362117","14","0.06699071329776674","0.06678522031219129","0.005753803596127272","0","0.6614583333333334","parsed","https://textage.cc/score/33/_jellyjw.html?DAB00","0.4202169212766593","0.02840874738517868","0.07335376769714083","0.2201272605492333","0.1741958279379908","2363.202568542352","0.30073677160080375","91.1","12.3","true"
"時空トラベローグ","ANOTHER","11","11.4","43.9","4.5908203125","左MIRROR","11.033019122003772","15","0.051653419779847706","0.018770220217287813","0.023479602398109832","0","0.5182291666666666","parsed","https://textage.cc/score/22/_jikutrv.html?DAB00","0.4241839150067446","0.01653675595086606","0.04690033490702228","0.15506122448979687","0.14305230553673898","865.2935862144328","0.41959183673469386","49","10.1","false"
"獅子霞麗ノ舞","ANOTHER","9","10","6.2","3.5986328125","FLIP + 左MIRROR","8.62826261929401","9","0.0683901918976548","0.008795309168443588","0.009211087420042667","0.0014392324093816633","0.9036458333333334","parsed","https://textage.cc/score/24/_sskasum.html?DA900","0.4910779775761078","0.024830315004266468","0.07466608228240734","0.20853365384615227","0.11237146563479374","709.6307064173803","0.2620192307692308","5.4","8.8","false"
"雫","ANOTHER","11","11.4","78.9","5.458984375","FLIP","11.06826130327929","15","0.07695334911072839","0.05336524670109048","0.012707974756167523","0","0.8671874999999999","parsed","https://textage.cc/score/31/_shizuku.html?DAB00","0.4648398318234669","0.046335042206957916","0.08412211833032751","0.19982547993019173","0.1513651820041915","1972.2189561298178","0.31239092495637","79.6","11","false"
"疾風迅雷","HYPER","10","10.5","65.3","5.0869140625","左MIRROR","10.603369065849922","13","0.046590121317157666","0.022458116695551745","0.003681879453109929","0","0.7682291666666666","parsed","https://textage.cc/score/21/_ltspeed.html?DHA00","0.4598918203519261","0.016575294601282747","0.04908352893168381","0.12155399473222114","0.14156508999226994","941.1440071015545","0.3546971027216857","38.1","10.6","false"
"忍恋花","ANOTHER","11","11.4","70.6","5.2109375","左MIRROR + 右MIRROR","13.195275590551182","17","0.09351199427139255","0.05591956080677882","0.05416970998925843","0","0.5963541666666666","parsed","https://textage.cc/score/24/_snbrnka.html?DAB00","0.3950934905754428","0.03474629579773345","0.09752405044175075","0.1919634263715111","0.17192398566319447","1851.6755216315655","0.3589990375360924","99","10.8","false"
"シムルグの目醒め","HYPER","10","10.5","50","4.71484375","両RANDOM","10.621271076523994","12","0.07220153050840508","0.009301094964790178","0.017083078927016236","0","0.8645833333333333","parsed","https://textage.cc/score/25/_simurgh.html?DHA00","0.4024979300933908","0.029240538540379633","0.08624598009499322","0.14298545765611623","0.14728268572297307","685.287448289249","0.49615055603079555","49","10.3","false"
"〆","HYPER","10","10","15","3.970703125","左MIRROR + 右MIRROR","10.166003712543093","10","0.079042153589315","0.03602358096828047","0.002587646076794659","0","0.609375","parsed","https://textage.cc/score/24/_shime.html?DHA00","0.4090865544165798","0.03256306448957554","0.09574441392743907","0.15657276995305128","0.13094701364914557","1451.52521621479","0.4328638497652582","14","9.3","false"
"灼熱 Pt.2 Long Train Running","HYPER","11","10.7","98.7","6.69921875","FLIP","8.657251908396946","11","0.03390618111277662","0.6292214090468216","0.0016506480909970584","0","0.7161458333333334","parsed","https://textage.cc/score/23/_syaku_2.html?DHB00","0.23159541615116214","0.014229581205101066","0.040579222172782946","0.05790554414784276","0.046178480732757515","3615.00148158627","0.7618069815195072","38.1","12.3","true"
"灼熱Beach Side Bunny","HYPER","10","9.6","75","5.3349609375","正規","7.8519801980198025","10","0.047802786709539205","0.38086081163440727","0","0","0.7942708333333334","parsed","https://textage.cc/score/18/_shakunt.html?DHA00","0.2618971161441926","0.018119552246239033","0.05298902535325895","0.12672811059907632","0.06641972950453769","1985.620074917101","0.7039170506912442","14","10.9","false"
"灼熱Beach Side Bunny (かめりあ's ""Summertime D'n'B"" Remix)","HYPER","10","9.6","25.1","4.21875","FLIP + 右MIRROR","8.221045296167247","10","0.04936018716305581","0.25745092055742036","0.028992190237231028","0","0.859375","parsed","https://textage.cc/score/31/_shaku_c.html?DHA00","0.3460843687174681","0.02294609983312126","0.06640715829864713","0.09353671147879881","0.07955987229949991","2570.066891786465","0.5832471561530507","2.6","9.7","false"
"灼熱Beach Side Bunny (Masayoshi Iimori Remix)","ANOTHER","10","10.2","75","5.3349609375","両RANDOM","8.570127504553735","12","0.05582359192348578","0.41764080765143435","0","0","0.7916666666666666","parsed","https://textage.cc/score/27/_shaku_r.html?DAA00","0.2879524033318058","0.022812092976711853","0.06250373170266735","0.07376237623762287","0.06948665234258575","3059.580663618572","0.6336633663366337","49","10.9","false"
"灼熱 Lost Summer Dayz","HYPER","10","9.3","97.7","6.451171875","正規","8.18208516886931","11","0.03706963388370437","0.3749102656137831","0.006799712849964229","0","0.6588541666666666","parsed","https://textage.cc/score/32/_shakuls.html?DHA00","0.32290501683911094","0.01579108017665193","0.046456583181937364","0.09565445026177866","0.06435371126910637","2984.871881861924","0.5884816753926702","14","12","true"
"シャムシールの舞","ANOTHER","11","11.6","60","4.962890625","FLIP + 左MIRROR","11.969079537075874","17","0.10165848095871216","0.04583996367375019","0.011473945409429092","0","0.5520833333333333","parsed","https://textage.cc/score/27/_shamshr.html?DAB00","0.5166295395814036","0.038464649079370104","0.11266593361042532","0.199498327759197","0.16602315687400057","1981.1673715656766","0.29654403567447046","95.6","10.5","false"
"終焔のClaudia","HYPER","10","10.2","43.9","4.5908203125","FLIP + 左MIRROR + 右MIRROR","9.576403214890414","13","0.06942790573825061","0.01760085208361068","0.007459992011716241","0","0.7447916666666667","parsed","https://textage.cc/score/31/_shuen_c.html?DHA00","0.44017284810429663","0.027360952188312245","0.08116340487435388","0.1571729957805899","0.1343948248534667","896.4577579931489","0.38396624472573837","27.9","10.1","false"
"シュッパツシンコウ・シサカンコ","ANOTHER","10","10.2","55.2","4.8388671875","左MIRROR","11.63061797752809","12","0.08282795958620091","0.01527190757959993","0.005162017469709792","0","0.8098958333333333","parsed","https://textage.cc/score/23/_syupatu.html?DAA00","0.3776620682703339","0.03175348635320398","0.09309002729520854","0.21911130284728256","0.15397338105039376","758.6259692048365","0.4201898188093184","63.1","10.4","false"
"シュレーディンガーの猫","HYPER","10","10.5","30.9","4.3427734375","両RANDOM","11.145572139303482","14","0.08767031505271637","0.00333889816360601","0.01216787337184076","0","0.6458333333333333","parsed","https://textage.cc/score/20/_schrcat.html?DHA00","0.38993903232535704","0.02956835712596251","0.08868865021881374","0.16527377521613723","0.14593044686662235","501.8214053044689","0.4899135446685879","58.5","9.8","false"
"純真可憐デザイア","ANOTHER","10","10","19.6","4.0947265625","右MIRROR","9.457605177993527","11","0.08033563411677233","0.09701541785616521","0.012179422001486072","0","0.5755208333333334","parsed","https://textage.cc/score/25/_jdesire.html?DAA00","0.4028140777859082","0.04253391437756911","0.10216795762922923","0.1606445312499992","0.1183960899211456","2963.7674814382194","0.384765625","27.9","9.5","false"
"純真可憐デザイア","LEGGENDARIA","11","11.4","86.1","5.70703125","FLIP + 右MIRROR","12.688673139158576","15","0.07692245751595836","0.09553443903576526","0.009587839216486538","0","0.6848958333333333","parsed","https://textage.cc/score/25/_jdesire.html?DXB00","0.4368967187650456","0.035061743282694686","0.08853646138641903","0.21270783847980992","0.155395215082511","3634.687928043581","0.25415676959619954","91.1","11.3","true"
"次葉 -turn the page-","ANOTHER","10","10.2","43.9","4.5908203125","FLIP + 左MIRROR + 右MIRROR","10.309047237790233","12","0.07254426840633729","0.05340685513099291","0.01043802423112804","0","0.7499999999999999","parsed","https://textage.cc/score/24/_jiyou.html?DAA00","0.4008507658167785","0.031155891243244357","0.0871054455257692","0.18989690721649524","0.1293686170740387","1629.8984356482201","0.36597938144329895","27.9","10.1","false"
"次葉 -turn the page-","LEGGENDARIA","11","","96.8","6.3271484375","FLIP + 左MIRROR","13.373899119295437","18","0.08389607279693455","0.051749082056193954","0.0006704980842911741","0","0.8151041666666666","parsed","https://textage.cc/score/24/_jiyou.html?DXB00","0.4709740930346403","0.029065327220253394","0.080564120318847","0.2488576449912133","0.16643480936239813","2380.9264795657577","0.19156414762741653","97.6","11.9","true"
"唱","ANOTHER","9","9.3","8.4","3.72265625","FLIP + 左MIRROR + 右MIRROR","9.063291139240507","10","0.06059590316573559","0.07318435754189956","0","0","0.8072916666666666","parsed","https://textage.cc/score/31/_shou.html?DA900","0.4722775213759398","0.025483107230886957","0.07459957252758073","0.1799371069182375","0.11470763539242354","1730.1937801548581","0.2943396226415094","5.4","9","false"
"消極的セツナイズム","ANOTHER","10","10","30.9","4.3427734375","左MIRROR","10.982785602503911","15","0.0749301795383297","0.021858079224850464","0.0068669136506130995","0","0.8593750000000001","parsed","https://textage.cc/score/32/_shokyok.html?DAA00","0.52942393360627","0.025265219874651225","0.0757114203295905","0.19728850325379518","0.14449905747955535","1298.3298136408034","0.21908893709327548","67.6","9.8","false"
"少女アリスと箱庭幻想コンチェルト","ANOTHER","11","11.6","60","4.962890625","右MIRROR","10.908891044293567","10","0.08286859981269128","0","0.005952129740495304","0","0.8098958333333333","parsed","https://textage.cc/score/23/_alicein.html?DAB00","0.349089614732764","0.024006841357654178","0.07231177074944838","0.1738938053097352","0.14299547901853307","526.336812316984","0.45454545454545453","43.5","10.5","false"
"湘南ロンリーMIDNIGHT RAIN","ANOTHER","10","10.2","50","4.71484375","FLIP + 両RANDOM","10.777027027027026","12","0.07768756530825477","0.04535005224660404","0.0038620689655170966","0","0.9036458333333331","parsed","https://textage.cc/score/30/_slonely.html?DAA00","0.5102317195655243","0.030140586919156293","0.08823854544622062","0.2134724857685003","0.13715554142141798","1788.956564522678","0.24478178368121442","53.9","10.3","false"
"少年A","HYPER","10","10.5","43.9","4.5908203125","右MIRROR","8.697042283957753","14","0.07003351938895375","0.04640618879749332","0.0054015383369767234","0","0.7213541666666669","parsed","https://textage.cc/score/15/_kid_a.html?DHA00","0.39426785643046897","0.03235687646882105","0.08852862379781305","0.07931506849314846","0.12910480945325756","1384.4780617038043","0.480365296803653","33","10.1","false"
"少年は空を辿る","HYPER","10","10.5","30.9","4.3427734375","FLIP + 右MIRROR","9.35045871559633","10","0.06408261381475666","0.09249084249084225","0.01553636839351118","0","0.7916666666666666","parsed","https://textage.cc/score/22/_soratad.html?DHA00","0.45757625967449167","0.027039859943134358","0.0722931081661156","0.11172962226639967","0.1177408569622571","1940.7019624983122","0.36779324055666","22.9","9.8","false"
"少年リップルズ","ANOTHER","11","10.7","65.3","5.0869140625","両RANDOM","11.96804260985353","13","0.07357198486871346","0.025255896751223934","0.03818424566088084","0.005957943925233647","0.8020833333333334","parsed","https://textage.cc/score/30/_sripple.html?DAB00","0.3968834192195692","0.02709866042487672","0.07880069389385053","0.23445229681978808","0.1529579732862153","1077.9459521547349","0.3392226148409894","83","10.6","false"
"白露の風","ANOTHER","9","9","8.4","3.72265625","FLIP + 左MIRROR + 右MIRROR","8.273899371069183","10","0.0677558815704456","0.10392358075836457","0.010301394853863352","0","0.7057291666666666","parsed","https://textage.cc/score/22/_shiraty.html?DA900","0.40185303407013245","0.025089811205115393","0.07226056802712613","0.1758519388954152","0.10398956080663072","2529.4518750558937","0.43243243243243246","7.9","9","false"
"シル・ヴ・プレジデント","ANOTHER","10","9.6","8.4","3.72265625","正規","10.33067678684377","10","0.0721737852664578","0.0526364126175549","0.008761755485893015","0","0.6822916666666666","parsed","https://textage.cc/score/29/_silvous.html?DAA00","0.4140575462188118","0.02756050659696973","0.08254300461151919","0.20410447761193856","0.12911824216812454","1302.3957209506164","0.376865671641791","10.6","9","false"
"シル・ヴ・プレジデント","LEGGENDARIA","11","11.4","65.3","5.0869140625","FLIP + 左MIRROR + 右MIRROR","13.97090449082859","15","0.08912640347700096","0.043729626946758415","0.009095255342267052","0","0.7447916666666666","parsed","https://textage.cc/score/29/_silvous.html?DXB00","0.4856602444151063","0.030021386409326202","0.08784335819280095","0.23868534482758422","0.17602660367854453","1447.0780792559694","0.25323275862068967","83","10.6","false"
"深愛のリグレット","ANOTHER","9","9.3","6.2","3.5986328125","右MIRROR","9.339894451576095","11","0.06329739470388787","0.02006658318316474","0","0","0.8619791666666665","parsed","https://textage.cc/score/26/_shinair.html?DA900","0.46503101243926087","0.020651436125461733","0.06215606317105829","0.13749999999999793","0.12396313999768246","1014.9676772881865","0.3609913793103448","22.9","8.8","false"
"神謳  -RESONANCE-","HYPER","10","10.5","55.2","4.8388671875","右MIRROR","10.719367588932808","13","0.07903638151425695","0.021202064896755187","0.006882989183874057","0","0.8072916666666667","parsed","https://textage.cc/score/25/_resonan.html?DHA00","0.4295315141402955","0.03220013292161758","0.09508778539226319","0.15314309346567398","0.13906914216750726","1185.527508036188","0.43755169561621177","53.9","10.4","false"
"真 地獄超特急 -HELL or HELL-","HYPER","11","11","78.9","5.458984375","FLIP + 左MIRROR + 右MIRROR","9.791666666666666","12","0.056811605415860805","0.1753062540296581","0.003509477756286011","0","0.7239583333333333","parsed","https://textage.cc/score/23/_sjigoku.html?DHB00","0.3493212511689689","0.023245164920197223","0.06642083282274996","0.14956634865568086","0.10188733569868585","1576.8861143277702","0.49176062445793584","27.9","11","false"
"新宝島","ANOTHER","10","10.2","30.9","4.3427734375","FLIP + 右MIRROR","10.855263157894736","12","0.08565037878787815","0.026685606060606083","0.0006000000000000002","0","0.8203124999999999","parsed","https://textage.cc/score/28/_stakara.html?DAA00","0.49103732173849485","0.03020249694511938","0.0871777633455804","0.11612377850162661","0.13480675577641718","1334.3230248861296","0.31053203040173727","58.5","9.8","false"
"進捗ダメダメです","ANOTHER","10","10","30.9","4.3427734375","FLIP + 右MIRROR","12.051639344262297","14","0.08982962660681472","0.026587544492053698","0","0","0.8567708333333333","parsed","https://textage.cc/score/32/_sindame.html?DAA00","0.48238851154025664","0.03614295254282115","0.10537844806986528","0.23119953863898327","0.15185600514279143","1098.7059215925212","0.33102652825836215","58.5","9.8","false"
"シンデレラ","ANOTHER","10","10.2","15","3.970703125","右MIRROR","9.627205199628598","10","0.06437093118580287","0.08374403240584458","0.011955827747504094","0","0.6979166666666667","parsed","https://textage.cc/score/31/_cindrla.html?DAA00","0.42101714844729","0.026989318518534238","0.07897966109503887","0.18275362318840563","0.12127442920378759","2201.5641667014806","0.3111111111111111","10.6","9.3","false"
"水上の提督 (Short mix from ""幻想水滸伝V"")","ANOTHER","10","10.7","75","5.3349609375","FLIP + 左MIRROR","9.714458560193588","20","0.08265615269647474","0.023298355959646275","0.007512766222443595","0","0.4895833333333333","parsed","https://textage.cc/score/17/_suijo17.html?DAA00","0.4395393468493026","0.028170328314578177","0.08442978133876591","0.16019367991845","0.13866960322723543","924.0305892168469","0.4016309887869521","99.5","10.9","false"
"衰色小町メランコリア","ANOTHER","10","10.5","19.6","4.0947265625","左MIRROR + 右MIRROR","10.734196547144753","12","0.07875916291901941","0.0526268581007936","0","0","0.8593750000000001","parsed","https://textage.cc/score/19/_suishok.html?DAA00","0.4591855924021621","0.02564319474292071","0.07436781170667846","0.19032921810699596","0.13173779576397626","2134.2370989586825","0.2654320987654321","38.1","9.5","false"
"スーパー戦湯ババンバーン","HYPER","10","9","6.2","3.5986328125","FLIP + 左MIRROR","8.392913385826773","9","0.06702632621363269","0.04346353107963011","0.015218438252493204","0","0.8177083333333334","parsed","https://textage.cc/score/28/_spbaban.html?DHA00","0.4465983864681996","0.032393964224273986","0.0873462665239129","0.11873065015479702","0.10854383066358347","1452.6866385189178","0.41589267285861714","5.4","8.8","false"
"スキッテイエェエエェ!!!!","HYPER","10","10.2","37.2","4.466796875","FLIP + 左MIRROR + 右MIRROR","11.322751322751323","11","0.06393886292834859","0.05763239875389428","0.0346417445482868","0","0.5781250000000001","parsed","https://textage.cc/score/32/_sukitte.html?DHA00","0.3546653904898247","0.02615999723131297","0.07302175354295795","0.16572123176661274","0.14156845804211846","1718.675654047659","0.47487844408427876","27.9","10","false"
"スパークリング☆彡ハイパーチューン！！","HYPER","10","8.5","3.1","3.3505859375","FLIP + 右MIRROR","8.840080699394756","9","0.06926406597084869","0.09376046009189677","0.003681952347624955","0","0.6067708333333334","parsed","https://textage.cc/score/32/_sparkht.html?DHA00","0.5008705170152756","0.03280774156692741","0.0918753122931329","0.06382868937048408","0.10757237060730493","2137.271173828841","0.3931888544891641","5.4","8.3","false"
"聖人の塔","HYPER","10","10.7","25.1","4.21875","FLIP","10.007518115942029","10","0.0629148828326529","0.00953540363675858","0.010928016074871257","0","0.7473958333333334","parsed","https://textage.cc/score/19/_seijin.html?DHA00","0.48570282940295917","0.02484555226669309","0.07227343154165165","0.11618313689936427","0.13596219905168402","744.3726238687977","0.34542157751586583","18.4","9.7","false"
"セカンドピアス","ANOTHER","9","9.3","4.4","3.474609375","両RANDOM","8.418630136986302","9","0.07430443460904276","0.03811941334721859","0","0","0.9166666666666665","parsed","https://textage.cc/score/26/_scndear.html?DA900","0.4646106107062537","0.03406314893798828","0.1020882936888389","0.2042491268917336","0.11089730232049567","1652.843331680173","0.3317811408614668","5.4","8.5","false"
"雪月花","HYPER","10","10.5","65.3","5.0869140625","FLIP + 左MIRROR","10.532546884452511","12","0.051723003049918635","0.07217853799187833","0.0025162116678057694","0","0.75","parsed","https://textage.cc/score/10/_stgekka.html?DHA00","0.35951449257129436","0.018426388568311452","0.04739295366904379","0.17768791627021902","0.1404696987114783","1203.8637719715543","0.38534728829686016","58.5","10.6","false"
"雪上断火","HYPER","10","9","8.4","3.72265625","右MIRROR","7.59304084720121","9","0.05544136448163661","0.21640266985455267","0.0013668061366806188","0","0.6901041666666666","parsed","https://textage.cc/score/29/_setsujo.html?DHA00","0.3792527139246805","0.023688524590164","0.07058583830972284","0.14754098360655563","0.08066804292985505","2060.347121055075","0.468384074941452","3.8","9","false"
"セピアの軌跡 ft. 天宮みや(少女フラクタル)","ANOTHER","10","9.6","30.9","4.3427734375","正規","9.941938388320793","13","0.08854363103801537","0.015781384228448398","0.00007120900048635365","0","0.7421874999999999","parsed","https://textage.cc/score/27/_sepiano.html?DAA00","0.4781416045504209","0.028072527612035318","0.08316901500909357","0.13785046728971787","0.13296904908158638","931.4393010167316","0.3852544132917965","63.1","9.8","false"
"零 -ZERO-","ANOTHER","10","10.2","37.2","4.466796875","FLIP + 両RANDOM","9.835227272727273","13","0.06446851530906954","0.11736953591372978","0.002264586943963159","0","0.7109375","parsed","https://textage.cc/score/14/_zero.html?DAA00","0.4091524975024564","0.028481336924251244","0.07294818746472961","0.16434223541048318","0.12760190350278586","2617.3408479918794","0.3293768545994065","43.5","10","false"
"零 -ZERO-","LEGGENDARIA","11","11.6","86.1","5.70703125","FLIP","12.110795454545455","14","0.07493079990616876","0.10014954257565067","0.005648604269293898","0.02090077410274452","0.7864583333333335","parsed","https://textage.cc/score/14/_zero.html?DXB00","0.4211521174755956","0.040583541561441526","0.07870588439746394","0.20907949790794958","0.16647290218823713","2746.27246887865","0.2895397489539749","92.7","11.3","true"
"セロトニン","ANOTHER","11","11.4","78.9","5.458984375","左MIRROR + 右MIRROR","10.68576388888889","12","0.060848903330625356","0.06668020579474694","0.0018413214189006845","0","0.8567708333333334","parsed","https://textage.cc/score/23/_seroton.html?DAB00","0.42802828514589886","0.02579179565307827","0.07018444412173035","0.1681088314005342","0.13708698479882095","1610.963243612242","0.33541480820695807","58.5","11","false"
"センチメンタル・サマー","ANOTHER","9","9.6","8.4","3.72265625","右MIRROR","8.828352671876234","11","0.0708388647287707","0.01627231631952391","0","0.002626459143968872","0.6640625","parsed","https://textage.cc/score/31/_cntismr.html?DA900","0.4079500126694989","0.026098477575078518","0.07599456580911677","0.19552083333333217","0.11325988281650606","873.2278840776828","0.365625","7.9","9","false"
"閃と雷管とロープ","ANOTHER","11","11.4","70.6","5.2109375","両RANDOM","11.817683881064163","11","0.0644580546911204","0.0375753161623516","0.0006197444216380457","0.002294246176256373","0.8645833333333333","parsed","https://textage.cc/score/33/_sraikan.html?DAB00","0.4616790307223412","0.02886473313778438","0.07780128201851798","0.2068793235972335","0.14888143193902773","1817.1840155298164","0.2167563412759416","49","10.8","false"
"旋律のドグマ ～Mis&eacute;rables～","HYPER","10","","30.9","4.3427734375","右MIRROR","10.279245283018868","11","0.06486049926578512","0.009453010279001469","0.005947136563876651","0","0.4713541666666667","parsed","https://textage.cc/score/21/_s_dogma.html?DHA00","0.37193787661321887","0.026277089783281825","0.0797596494525441","0.20046439628482884","0.13809553575747402","662.7779110541512","0.44272445820433437","22.9","9.8","false"
"草原の王女  -軌跡を辿って-","ANOTHER","10","10","11.3","3.8466796875","両RANDOM","10.697459893048128","16","0.0806404888961091","0.016971393578864548","0.004988939850281696","0","0.9114583333333331","parsed","https://textage.cc/score/25/_psougen.html?DAA00","0.48831115533087893","0.029793765742860124","0.08954756935551943","0.2167766776677657","0.13770515253342094","1023.9768781850423","0.2816281628162816","43.5","9.2","false"
"ぞうしょく！？マイデンティティ","HYPER","10","10","30.9","4.3427734375","両RANDOM","10.194148208914411","11","0.06848927038626594","0.0231759656652361","0.01510729613733914","0","0.8411458333333335","parsed","https://textage.cc/score/30/_zoshoku.html?DHA00","0.41071152094748037","0.03312759523530482","0.09330427712553882","0.13492279745685543","0.13370229859801622","893.8816625345447","0.5186194368755677","22.9","9.8","false"
"創世ノート","ANOTHER","11","11.2","43.9","4.5908203125","左MIRROR","10.770540655598127","17","0.08100197628458455","0.02766798418972343","0.04932806324110678","0","0.5130208333333334","parsed","https://textage.cc/score/20/_gennote.html?DAB00","0.37800069774528605","0.02991636529209083","0.07529306289441248","0.18481071098799806","0.14618554214945942","1064.131105384711","0.5041551246537396","83","10.1","false"
"それが、ボクの使命 ～レスキュー隊長 メンキュー～","ANOTHER","10","10.2","43.9","4.5908203125","両RANDOM","9.693750000000001","13","0.0673742746615085","0.05971953578336557","0.009426176660218924","0.0008704061895551257","0.7942708333333333","parsed","https://textage.cc/score/33/_sorebok.html?DAA00","0.44340081384616203","0.024123647014622236","0.06780182605415593","0.20065359477124056","0.12123819241691051","1424.7530921456412","0.25163398692810457","43.5","10.1","false"
"それは花火のような恋","HYPER","10","10.2","55.2","4.8388671875","FLIP + 右MIRROR","10.36594399277326","11","0.07305653109776782","0.11200773849465367","0.00894040139083774","0","0.9062499999999999","parsed","https://textage.cc/score/22/_shanabi.html?DHA00","0.39119557863312593","0.036160411538276385","0.08453282963921391","0.11290189612530811","0.12346911343624122","3142.4379775883776","0.4517724649629019","33","10.4","false"
"∀","HYPER","10","9.6","25.1","4.21875","FLIP + 右MIRROR","10.054054054054054","11","0.06955794504181563","0.041367980884109895","0.0038470728793309024","0","0.5885416666666666","parsed","https://textage.cc/score/28/_turn_a.html?DHA00","0.469855750295841","0.029013863117639566","0.0825172643959093","0.12613751263902687","0.12945575010686686","1446.9330248894203","0.2972699696663296","27.9","9.7","false"
"たからもの","ANOTHER","10","10.5","60","4.962890625","FLIP + 左MIRROR + 右MIRROR","11.534249999999998","15","0.0930863876426","0.06729233948168852","0.011515269740121842","0","0.7890625000000001","parsed","https://textage.cc/score/17/_takara.html?DAA00","0.4736035191869532","0.0311677162516043","0.09356450854128863","0.21599118942731224","0.14779460357004065","2512.0487254850664","0.29779735682819386","89.1","10.5","false"
"たからもの","LEGGENDARIA","11","11.4","86.1","5.70703125","正規","13.998833333333332","15","0.0936843248842162","0.06136002404962313","0.013523031681211533","0","0.8203125","parsed","https://textage.cc/score/17/_takara.html?DXB00","0.5185574055972094","0.03099169342545959","0.09062892058610132","0.2282232704402531","0.17844591124805598","3037.86254453023","0.22641509433962265","96.2","11.3","true"
"抱きしめてモナムール","HYPER","10","9.3","19.6","4.0947265625","正規","9.418404907975459","10","0.06499131492096566","0.10435122459614352","0.021191592843494044","0","0.8697916666666667","parsed","https://textage.cc/score/26/_dakismt.html?DHA00","0.40851295576307234","0.03407312464998503","0.09050958883504517","0.11652286453839439","0.11532656600139814","2754.3809300306807","0.41932700603968937","10.6","9.5","false"
"タシカナモノ","ANOTHER","10","10.5","43.9","4.5908203125","FLIP + 右MIRROR","10.150568181818182","13","0.07717184438846864","0.06129303106633076","0.013949062412538382","0","0.8723958333333335","parsed","https://textage.cc/score/13/_tashika.html?DAA00","0.37705319033922324","0.03048831932742858","0.0871159210305385","0.22342026078234628","0.132298086404682","1184.6319476268986","0.47141424272818455","63.1","10.1","false"
"打打打打打打打打打打","ANOTHER","11","11","78.9","5.458984375","正規","12.861596958174905","16","0.08524212144504208","0.03864384398588848","0.09423599203768307","0","0.8593750000000001","parsed","https://textage.cc/score/22/_dadada.html?DAB00","0.37151192421533075","0.0325094133503645","0.09648848108226664","0.23448616600790306","0.17299392215654008","1263.0802656817439","0.4407114624505929","99.6","11","false"
"ダダダダダル","ANOTHER","9","","","","","","","","","","","","unparsed","https://textage.cc/score/34/_dddddru.html?DA900","","","","","","","","","",""
"旅人リラン","HYPER","10","10","43.9","4.5908203125","右MIRROR","8.986248624862485","11","0.06624349635796035","0.03533390463365366","0.024765868886576392","0","0.8958333333333331","parsed","https://textage.cc/score/18/_t_rerun.html?DHA00","0.39692259981797196","0.03129251366289719","0.0886907382117346","0.17829643888354083","0.12631568255826975","1245.0919197019382","0.44850818094321465","22.9","10.1","false"
"たまゆら","HYPER","10","10.5","75","5.3349609375","右MIRROR","10.82475029186665","15","0.0977336784584407","0.04768238903269099","0.024964049467932164","0","0.8697916666666666","parsed","https://textage.cc/score/20/_tamayra.html?DHA00","0.4195375075988835","0.034998705379909","0.09982714056217794","0.22153846153846043","0.16418639383336112","1385.3213105781792","0.3934065934065934","96.9","10.9","false"
"断罪の一花","ANOTHER","11","11.2","65.3","5.0869140625","FLIP + 左MIRROR","10.740277777777777","14","0.08803375145480384","0.046014914435967","0.0017759386180439076","0.0010765550239234451","0.6822916666666666","parsed","https://textage.cc/score/32/_danzai1.html?DAB00","0.5456898467460091","0.032535758992110975","0.09093101833241818","0.1743486973947888","0.1416997516193986","2174.0788464478323","0.20541082164328658","67.6","10.6","false"
"断罪のミメシス","HYPER","10","10","19.6","4.0947265625","両RANDOM","8.605597336949822","11","0.06241165234001906","0.0009551098376313276","0.004813753581661849","0.0012893982808022924","0.8984374999999999","parsed","https://textage.cc/score/33/_dz_mmss.html?DHA00","0.49203923500224145","0.022626262626262696","0.06889540429305167","0.1291919191919171","0.11796814657969146","385.46378309762645","0.33131313131313134","7.9","9.5","false"
"タンポポ","ANOTHER","11","11.4","65.3","5.0869140625","FLIP","14.373955296404276","12","0.09691734050896478","0.06392149173810725","0.009640046515401403","0","0.5859375","parsed","https://textage.cc/score/33/_tanpopo.html?DAB00","0.427946776366369","0.03817073198556591","0.102109831785925","0.25692446043165573","0.17850621969595215","2345.0461470915952","0.3426258992805755","79.6","10.6","false"
"弾幕信仰","ANOTHER","10","10.5","43.9","4.5908203125","両RANDOM","11.007178705291913","12","0.06657055129744187","0.046126142764798185","0.011332533013205012","0.000706436420722135","0.9374999999999999","parsed","https://textage.cc/score/32/_dmsinko.html?DAA00","0.3968279663151271","0.026878693232529494","0.0765770369232208","0.19830875975715623","0.141346624643629","1632.1986638915585","0.3599306157849089","49","10.1","false"
"チェイスチェイスジョーカーズのうた (オニスタイルリミックス)","ANOTHER","11","11.2","55.2","4.8388671875","左MIRROR + 右MIRROR","11.622641509433961","13","0.09020923520923449","0.09559884559884617","0.025627705627705326","0","0.7265625","parsed","https://textage.cc/score/30/_ccj_oni.html?DAB00","0.42874752933162585","0.03926997276361508","0.10606396987042217","0.20132819194515802","0.14050428834005133","2939.1722390344976","0.40359897172236503","58.5","10.4","false"
"中華急行","ANOTHER","10","10.7","50","4.71484375","FLIP + 右MIRROR","13.112126865671641","12","0.07363832330217242","0.037414094847825034","0.00481837196397348","0","0.8697916666666666","parsed","https://textage.cc/score/18/_chinaex.html?DAA00","0.4591801636909385","0.02873065820577436","0.07995795336220952","0.20044510385756464","0.16428353936082668","1484.146472932933","0.21463897131552917","86.5","10.3","false"
"超!!遠距離らぶ&hearts;メ～ル","ANOTHER","11","","70.6","5.2109375","正規","11.722636815920398","12","0.06618302387267842","0.02708222811671074","0.011437665782493372","0","0.8776041666666666","parsed","https://textage.cc/score/21/_cholove.html?DAB00","0.3729239488727179","0.02467128238978188","0.07012040622652076","0.19022169437846378","0.1541869918901719","1081.4716545052022","0.3665874901029295","63.1","10.8","false"
"ちょえちょえまぎか","HYPER","10","9.6","15","3.970703125","左MIRROR + 右MIRROR","9.935860058309038","11","0.06801203051643177","0.02684859154929576","0.011830985915492967","0","0.7890625","parsed","https://textage.cc/score/30/_choe.html?DHA00","0.3910707898211346","0.030443234583230984","0.08557729339337984","0.16723136495643612","0.12891110168670145","1046.014046938068","0.40561471442400776","18.4","9.3","false"
"ちょえちょえまぎか","ANOTHER","11","11.4","82.6","5.5830078125","正規","13.224489795918368","14","0.07104497354497297","0.04420194003527335","0.005925925925926037","0","0.5286458333333333","parsed","https://textage.cc/score/30/_choe.html?DAB00","0.40126869868334","0.03139324451577143","0.083234059357027","0.21286764705882524","0.16732170872245403","1748.188297098147","0.32279411764705884","76.1","11.1","true"
"ちらちら・はらはら","ANOTHER","7","7.5","0.6","2.73046875","FLIP","6.270422535211268","10","0.07572327044025165","0.035564540281521374","0.002012578616352061","0","0.8515625","parsed","https://textage.cc/score/24/_crahara.html?DA700","0.41969361938121236","0.031438609827080556","0.09154655236435143","0.16908517350157562","0.08232489930686447","1159.019220379961","0.4085173501577287","2.6","7","false"
"追想快晴テーマパーク","HYPER","10","10","15","3.970703125","左MIRROR","9.304733727810651","11","0.07237122416534159","0.04597244303126651","0.020655007949125538","0","0.8151041666666667","parsed","https://textage.cc/score/23/_sunpark.html?DHA00","0.44762018629467215","0.03247342075828756","0.09203351385657912","0.15121827411167382","0.12221208586152668","1815.0672844042467","0.3411167512690355","14","9.3","false"
"追想快晴テーマパーク","ANOTHER","11","11.6","86.1","5.70703125","FLIP + 左MIRROR + 右MIRROR","13.185897435897436","14","0.07227254029392996","0.020511573987509746","0.0179978310459598","0","0.6927083333333335","parsed","https://textage.cc/score/23/_sunpark.html?DAB00","0.4412655017601033","0.03015456639394939","0.07997562175570794","0.19870030581039744","0.17436473941176525","1586.9401636174114","0.2966360856269113","86.5","11.3","true"
"津軽雪","HYPER","10","10.2","25.1","4.21875","右MIRROR","9.301397205588822","10","0.07546512875536435","0.045895922746781115","0.006145922746781098","0","0.6145833333333333","parsed","https://textage.cc/score/24/_tgryuki.html?DHA00","0.39164455526268793","0.03444641200534506","0.09843218251984794","0.15259159964253832","0.12504182042967674","1452.520639966996","0.4450402144772118","22.9","9.7","false"
"月とミルク","ANOTHER","11","11","50","4.71484375","右MIRROR","11.625452898550725","13","0.0787270637734227","0.023958860882776847","0.018821146129573044","0","0.7604166666666666","parsed","https://textage.cc/score/29/_tktmilk.html?DAB00","0.4744724115732397","0.028715825002452098","0.08446916702071348","0.16621621621621482","0.15386162306320295","1375.9885195839668","0.24585876198779424","72.1","10.3","false"
"月と夢の跡 ft. マナ","ANOTHER","10","10.2","30.9","4.3427734375","両RANDOM","10.405063291139241","10","0.08035634630981318","0.0625","0.011192214111922134","0","0.9661458333333334","parsed","https://textage.cc/score/30/_tkiyume.html?DAA00","0.4391832878454373","0.034182081183750664","0.09470329061582146","0.1806280193236706","0.1355350100622537","2058.4986039813016","0.40096618357487923","43.5","9.8","false"
"月雪に舞う華のように","ANOTHER","10","9.3","3.1","3.3505859375","左MIRROR","7.999956586858841","10","0.061851851851851845","0.011301044634377973","0.0037226970560305796","0.0008547008547008547","0.546875","parsed","https://textage.cc/score/24/_tkiyuki.html?DAA00","0.5163529205628092","0.01986651139830696","0.053995656525339136","0.18003412969283222","0.10814055150473573","731.3863061507996","0.29692832764505117","14","8.3","false"
"九十九ノ恋結ビ","ANOTHER","11","","","","","","","","","","","","unparsed","https://textage.cc/score/34/_tsukumo.html?DAB00","","","","","","","","","",""
"翼","ANOTHER","9","9.3","8.4","3.72265625","左MIRROR","9.05","10","0.08349907918968645","0.02055646807028031","0","0","0.8151041666666667","parsed","https://textage.cc/score/16/_tsubasa.html?DA900","0.44788999257555207","0.034241441109475634","0.10157225737691339","0.20405690200210688","0.12301368304645972","1000.4580135887951","0.30031612223393045","7.9","9","false"
"翼","LEGGENDARIA","11","11","37.2","4.466796875","左MIRROR","12.058333333333334","13","0.08208250060703377","0.039303124824894134","0.002940660079568103","0","0.7317708333333335","parsed","https://textage.cc/score/16/_tsubasa.html?DXB00","0.4444830167172665","0.02777327092391174","0.08311307523022674","0.2392547660311961","0.15772840401709326","1445.5156053614533","0.2885615251299827","67.6","10","false"
"罪と罰","ANOTHER","10","10.7","75","5.3349609375","FLIP + 左MIRROR + 右MIRROR","10.213123359580052","11","0.025337171052631745","0.008840460526315768","0","0","0.7109375","parsed","https://textage.cc/score/21/_tsumito.html?DAA00","0.34608803852855446","0.0022960992907801415","0.007001051914450815","0.16897163120567268","0.14697538487875528","418.8191407962868","0.39893617021276595","58.5","10.9","false"
"でぃすこみゅーたんと！","ANOTHER","10","","","","","","","","","","","","unparsed","https://textage.cc/score/34/_dmutant.html?DAA00","","","","","","","","","",""
"ディスコルディア","HYPER","10","10.2","50","4.71484375","右MIRROR","10.659602766582116","12","0.06777509652509617","0.03104417442652739","0.022200772200772472","0.002861685214626391","0.6927083333333333","parsed","https://textage.cc/score/28/_dscrdia.html?DHA00","0.45634131841636866","0.029473367553666252","0.07406470801936438","0.15895390070922033","0.13357957521683453","1380.4164263075882","0.28368794326241137","53.9","10.3","false"
"ディッシュウォッシャー◎彡おいわちゃん","ANOTHER","11","11.4","65.3","5.0869140625","正規","11.715025906735752","16","0.08838898717381628","0.06424148606811157","0.058089340999557884","0","0.7916666666666666","parsed","https://textage.cc/score/24/_dw_oiwa.html?DAB00","0.3733364790032394","0.03848499668585638","0.10944399658640495","0.19011571841851413","0.1484940381343941","1757.8383369795592","0.49662487945998074","89.1","10.6","false"
"天空脳番長危機十六連打","HYPER","10","10.2","43.9","4.5908203125","FLIP + 左MIRROR","9.714030384271672","11","0.06575283655320428","0.046534805274455575","0","0","0.78125","parsed","https://textage.cc/score/16/_rage16.html?DHA00","0.4587797225731586","0.03222041197357099","0.08291303082930422","0.1327852998065747","0.128103691785194","1306.9673879480633","0.3065764023210832","27.9","10.1","false"
"天空脳番長危機十六連打","ANOTHER","11","11.6","86.1","5.70703125","正規","11.697944593386953","14","0.06715558950853005","0.011713776419658775","0","0","0.7760416666666669","parsed","https://textage.cc/score/16/_rage16.html?DAB00","0.4705586264397699","0.026827323939757796","0.07726719819639097","0.16543513957307115","0.16048117312122326","784.2439810581673","0.2077175697865353","79.6","11.3","true"
"鉄甲乙女 -under the steel-","ANOTHER","10","10.5","55.2","4.8388671875","正規","10.772626931567329","12","0.08348770491803259","0.013063524590163935","0.005172131147540984","0","0.7630208333333331","parsed","https://textage.cc/score/16/_tkotome.html?DAA00","0.45309009731829747","0.02842759449009225","0.0864500159373583","0.21002098635886543","0.15314538906183903","545.3940854166173","0.3336831059811123","67.6","10.4","false"
"デッドボヲルdeホームラン","ANOTHER","11","11.8","93.6","6.0791015625","FLIP + 左MIRROR","13.767388451443571","16","0.07518170769487362","0.04069060839310811","0.0011495841574719965","0","0.53125","parsed","https://textage.cc/score/21/_deadbal.html?DAB00","0.46610112660237807","0.02655062549557457","0.07344917839187631","0.21404593639576033","0.17486918290463274","1509.9108601277678","0.3206713780918728","92.7","11.6","true"
"デビルじゃないもん","ANOTHER","10","10","37.2","4.466796875","左MIRROR","10.236111111111112","11","0.06930322413904492","0.08228338825353752","0","0","0.6901041666666665","parsed","https://textage.cc/score/31/_devilja.html?DAA00","0.49248999118360604","0.029648896370084877","0.0810486946102153","0.1879975874547648","0.13272374339891096","2353.7470100328665","0.2388419782870929","49","10","false"
"デラむぅのでらっくす☆かるた  ～NOTES・CHORD・PEAK編～","ANOTHER","11","","","","","","","","","","","","unparsed","https://textage.cc/score/34/_derakrt.html?DAB00","","","","","","","","","",""
"デラむぅのでらっくす☆どり～むぅ","ANOTHER","10","9.6","15","3.970703125","FLIP + 両RANDOM","9.047254150702427","10","0.07205392433653296","0.09796725014116313","0","0.0026679841897233204","0.8177083333333335","parsed","https://textage.cc/score/33/_delamuu.html?DAA00","0.4538707403790781","0.02974077837612082","0.08281467324618799","0.1603638368246952","0.11124728452589626","2007.0438647570911","0.3472987872105843","7.9","9.3","false"
"Τ&#x03AD;λο&#x03C2;","ANOTHER","11","","82.6","5.5830078125","FLIP + 右MIRROR","12.27843137254902","15","0.08034185031406292","0.05895525036374595","0.011833493026721934","0","0.8854166666666666","parsed","https://textage.cc/score/33/_telos.html?DAB00","0.4454874561184202","0.03683681986201088","0.08919121830951295","0.20535117056856175","0.16456190305619792","2413.746327195326","0.25585284280936454","83","11.1","true"
"天空の夜明け","HYPER","11","11.4","95.4","6.203125","FLIP + 左MIRROR + 右MIRROR","13.272058823529411","16","0.06610918744228948","0","0.005484764542936398","0","0.7135416666666667","parsed","https://textage.cc/score/19/_tkyoake.html?DHB00","0.4335908549406156","0.022766871368500263","0.06918665580441462","0.1968135326514545","0.18072512036178667","487.91806689238615","0.3154996066089693","91.1","11.8","true"
"電光","HYPER","10","10","15","3.970703125","右MIRROR","8.424471299093655","10","0.06369912139142907","0.14772727272727276","0.0050636542944234395","0.0008875739644970415","0.6692708333333333","parsed","https://textage.cc/score/31/_denkou.html?DHA00","0.4101433269046867","0.024187976635268203","0.06915786257523913","0.12588888888888708","0.10029913444843783","2108.0726173314956","0.4711111111111111","14","9.3","false"
".59","ANOTHER","7","7.5","0.4","2.6064453125","左MIRROR + 右MIRROR","5.992587862972628","8","0.056571699905033294","0.024438113327002402","0.049053497942387204","0","0.7031250000000001","parsed","https://textage.cc/score/2/_59.html?DA700","0.3341802660090014","0.02417799145299183","0.07249037618586716","0.08367521367521295","0.08934502093635353","471.144218969248","0.5418803418803418","0.1","6.8","true"
"電子になりたい","ANOTHER","10","9.6","15","3.970703125","左MIRROR + 右MIRROR","9.835696517412934","12","0.07794471351433384","0.06625020549071174","0.0004066819256689132","0","0.7942708333333334","parsed","https://textage.cc/score/31/_densini.html?DAA00","0.44482508849847635","0.03098184727214699","0.09109722786956205","0.16443418013856717","0.12243596547894564","1274.9240083439224","0.35912240184757505","27.9","9.3","false"
"天使のカンタータ  -Cantata of Angels-","HYPER","10","10.2","30.9","4.3427734375","FLIP + 両RANDOM","10.414878892733565","11","0.05602279145486583","0","0.003552277484301934","0.0062992125984251985","0.9453124999999999","parsed","https://textage.cc/score/32/_cantata.html?DHA00","0.40811039117330056","0.023681898066783908","0.07212643769586341","0.08506151142354855","0.13549117737921781","467.58619479014123","0.4209138840070299","18.4","9.8","false"
"電人、暁に斃れる。","HYPER","10","10.2","37.2","4.466796875","FLIP + 両RANDOM","10.119664634146341","12","0.05593507569481041","0.05065150259847858","0.008411538751223918","0","0.7057291666666667","parsed","https://textage.cc/score/14/_fattack.html?DHA00","0.33489907611848935","0.02629780774708536","0.062399763916910204","0.08694158075601242","0.129939728322742","1112.058700789035","0.6194158075601375","27.9","10","false"
"電腦都市","HYPER","10","10.5","65.3","5.0869140625","両RANDOM","11.185185185185185","12","0.07174772350993343","0.09954470198675497","0.01678807947019867","0","0.8411458333333331","parsed","https://textage.cc/score/31/_dennots.html?DHA00","0.4749962715778075","0.031712856767123536","0.08386979821970429","0.16295387634936076","0.14434761293840018","2860.2860975328013","0.25024533856722275","72.1","10.6","false"
"でんぱ どりる わんにゃー☆三","ANOTHER","11","11.4","82.6","5.5830078125","FLIP + 左MIRROR + 右MIRROR","14.465366759517178","13","0.07268466930265961","0.08245288589914769","0.011876861456300876","0","0.6822916666666666","parsed","https://textage.cc/score/33/_dpdrill.html?DAB00","0.4869191690779263","0.028449878211673912","0.06971587361046293","0.2112472160356356","0.1734338113045875","3130.699051310376","0.20193021529324426","92.7","11.1","true"
"ドーナツホール 2024","ANOTHER","10","10.2","30.9","4.3427734375","FLIP + 左MIRROR + 右MIRROR","10.531219028741328","10","0.06693826463391653","0.06536796536796545","0.0035896856766422197","0","0.9348958333333335","parsed","https://textage.cc/score/32/_donut24.html?DAA00","0.4389708162402885","0.027023255813953574","0.0811785761205119","0.2465581395348825","0.13331947934615027","1896.6373044333309","0.3041860465116279","33","9.8","false"
"ドッキン☆サマーあばんちゅーる","ANOTHER","11","11.2","89","5.8310546875","FLIP + 左MIRROR + 右MIRROR","12.339943342776206","15","0.08770737679828529","0.05926691153963898","0.017875726966636005","0","0.7708333333333333","parsed","https://textage.cc/score/22/_dsummer.html?DAB00","0.39637717611940176","0.03311064497600646","0.09109846599811819","0.22206405693950057","0.16029193256144586","1633.6351769962846","0.4128113879003559","94.9","11.4","true"
"突撃!ガラスのニーソ姫!","ANOTHER","10","10.7","65.3","5.0869140625","FLIP","10.648553459119496","15","0.08100134662634619","0.08142955017955018","0.00817614817614825","0","0.7708333333333334","parsed","https://textage.cc/score/19/_rovknee.html?DAA00","0.4832668636983674","0.031030699989713535","0.08461887630984638","0.1723913043478248","0.14010525145105684","1995.2151534948273","0.3065217391304348","72.1","10.6","false"
"轟け！恋のビーンボール！！","HYPER","10","10.2","50","4.71484375","左MIRROR","10.446177847113884","14","0.05776583034647546","0.10130426125049775","0.04303464755077675","0","0.5807291666666667","parsed","https://textage.cc/score/21/_todorok.html?DHA00","0.3951881943079686","0.021095686249086542","0.06120298866080569","0.1271784232365123","0.1288929521191606","1816.0747908661147","0.4367219917012448","76.1","10.3","false"
"取り残された美術 (Arranged:HiZuMi)","ANOTHER","10","10.2","43.9","4.5908203125","左MIRROR","11.522388059701493","12","0.0728697107081171","0.08139032815198619","0.004041450777202074","0","0.7916666666666665","parsed","https://textage.cc/score/22/_toribjt.html?DAA00","0.4191065609115921","0.03090781955590359","0.08649049159158408","0.20658031088082868","0.14025497071209111","2818.2598074701036","0.2621761658031088","43.5","10.1","false"
"ドリムチウ","ANOTHER","10","10.5","55.2","4.8388671875","FLIP + 左MIRROR","10.209239130434781","12","0.07012576523822132","0.03975911631620977","0.003513441575725228","0","0.7526041666666667","parsed","https://textage.cc/score/32/_dremchu.html?DAA00","0.4338271601064661","0.026053318950684638","0.07770858058425749","0.1606557377049199","0.13094067458483089","1163.9758572758205","0.31065573770491806","38.1","10.4","false"
"とろぴかる倶楽部","ANOTHER","11","11.8","82.6","5.5830078125","正規","10.91686460807601","18","0.07840731070496089","0.31957136640557005","0.022175805047867706","0","0.8177083333333334","parsed","https://textage.cc/score/22/_trpclub.html?DAB00","0.4444062734852113","0.05696326379860897","0.08298448187236683","0.1219999999999982","0.11464028068109022","3925.02634523032","0.32555555555555554","99.6","11.1","true"
"ないないルーティン","ANOTHER","10","10","50","4.71484375","FLIP + 右MIRROR","8.442892156862746","11","0.06949088454727564","0.13414085406566606","0","0.004350161117078411","0.7239583333333335","parsed","https://textage.cc/score/31/_nairtin.html?DAA00","0.3910601975946357","0.024834498092553597","0.07337403706202372","0.14143546441495605","0.11355772490820436","1883.5335565933349","0.30156815440289503","38.1","10.3","false"
"ナイトシティー・アヴァンチュール","ANOTHER","9","9.3","8.4","3.72265625","左MIRROR","9.394953905870937","10","0.07364457986882166","0.048210504570572674","0.012543510819604446","0","0.7786458333333334","parsed","https://textage.cc/score/25/_nitcity.html?DA900","0.35927510524689793","0.034737403504386116","0.09890281163980881","0.2142261353104722","0.12021160258020878","1261.1541423477486","0.48748841519925856","5.4","9","false"
"ナイトフィクション","ANOTHER","10","10.5","43.9","4.5908203125","FLIP + 左MIRROR","10.307630057803468","11","0.06945225490965758","0.03604154282702075","0.0019115981202543868","0","0.7734375","parsed","https://textage.cc/score/29/_nightfc.html?DAA00","0.4475473065269185","0.027558257649122085","0.08147027221329017","0.19535974973931175","0.13839187447657547","1430.4254400939965","0.3044838373305527","33","10.1","false"
"IX","HYPER","11","11.2","82.6","5.5830078125","正規","11.649042145593869","14","0.06279996053150859","0.018491718925872362","0.01826777178441381","0","0.9192708333333331","parsed","https://textage.cc/score/21/_nine_ix.html?DHB00","0.39455485423426234","0.024445221336608064","0.07151247886266543","0.1741590214067283","0.15238838897786627","962.1249347794578","0.4074923547400612","63.1","11.1","true"
"嘆きの樹","HYPER","11","11.6","82.6","5.5830078125","FLIP + 左MIRROR + 右MIRROR","11.501683501683502","15","0.0718706088992968","0.0585236143637783","0.0019359875097580033","0","0.5494791666666666","parsed","https://textage.cc/score/13/_nageki.html?DHB00","0.4025150946732946","0.02733856847558076","0.07582790703716653","0.13548657718120827","0.15008567617553276","1613.2262610789348","0.3624161073825503","72.1","11.1","true"
"夏色DIARY  - L.E.D.-G STYLE MIX -","HYPER","10","10","43.9","4.5908203125","FLIP + 両RANDOM","10.696924603174603","13","0.04956132622304669","0.06320426617203805","0.015300718757245712","0","0.8385416666666667","parsed","https://textage.cc/score/22/_ntdiary.html?DHA00","0.3962509116820317","0.02068421221450504","0.05780736614613871","0.11855059252506651","0.13157211458188414","1262.4234220689898","0.43208751139471285","33","10.1","false"
"夏色のセレナーデ","ANOTHER","10","10.2","30.9","4.3427734375","左MIRROR + 右MIRROR","11.059027777777779","12","0.07710361067503868","0.04323652537938254","0.0014965986394558316","0.0004120879120879121","0.7395833333333333","parsed","https://textage.cc/score/33/_natsere.html?DAA00","0.4709697034778442","0.026015922930597454","0.0752724810817311","0.1868421052631563","0.13753765264558404","1231.9942122389793","0.2866741321388578","38.1","9.8","false"
"夏風邪デスコ","ANOTHER","10","10","25.1","4.21875","両RANDOM","11.344855305466238","10","0.07476688159852611","0.050804223056756255","0.00158152058385914","0","0.9166666666666666","parsed","https://textage.cc/score/31/_natkaze.html?DAA00","0.48441657574076974","0.028679299637387207","0.08397354034189254","0.16205882352941103","0.13923791246936268","1737.9991289839018","0.2627450980392157","53.9","9.7","false"
"夏の匂い。キミの残像。 ft. Kanae Asaba","ANOTHER","10","10.2","30.9","4.3427734375","正規","10.765277777777778","11","0.09227251783180006","0.04125965313231482","0.0007611921042442894","0","0.9114583333333335","parsed","https://textage.cc/score/26/_ntnnioi.html?DAA00","0.44459083081708695","0.03505569030676705","0.10440065085410614","0.2066440349175548","0.14147207842817175","1474.81078945433","0.33365664403491757","58.5","9.8","false"
"涙のテ・エストラーニョ・ムーチョ","ANOTHER","11","11.8","86.1","5.70703125","FLIP","13.272050246747419","14","0.0702176896502763","0.03856977223713304","0.02317921537078266","0.008817951959544875","0.6171874999999999","parsed","https://textage.cc/score/28/_namidam.html?DAB00","0.43898729473702547","0.02833600321363067","0.07288323360184593","0.1930036630036632","0.17073623841356605","1725.5740150571135","0.32234432234432236","79.6","11.3","true"
"虹色","ANOTHER","8","8","3.1","3.3505859375","FLIP + 左MIRROR + 右MIRROR","9.258983890954152","10","0.08656116167023493","0.04737687366167023","0.003126338329764457","0","0.8072916666666667","parsed","https://textage.cc/score/13/_nijiiro.html?DA800","0.3044046364334966","0.024833677140618474","0.07261274908428961","0.14871134020618362","0.122648644754829","690.2913715296389","0.5850515463917526","14","8.3","false"
"廿","ANOTHER","10","10.2","30.9","4.3427734375","正規","10","12","0.06719187675069996","0.17682072829131654","0.0018823529411764722","0","0.6197916666666666","parsed","https://textage.cc/score/21/_twenty.html?DAA00","0.38483175345267384","0.032763031178291074","0.08263950087765877","0.10582706766917115","0.11697881098139329","3126.8746963093695","0.4793233082706767","43.5","9.8","false"
"寝起きヤシの木","ANOTHER","11","10.7","55.2","4.8388671875","左MIRROR + 右MIRROR","12.272017837235229","12","0.07812863372092967","0.12976925872093023","0.0014098837209302337","0","0.5677083333333334","parsed","https://textage.cc/score/31/_neokiys.html?DAB00","0.4505650288854872","0.033013993513817556","0.09633235824336933","0.16415850400712304","0.14236124577605055","2823.661778444915","0.3072128227960819","72.1","10.4","false"
"眠りの国のステラ","ANOTHER","11","11.2","60","4.962890625","右MIRROR","11.86198600174978","14","0.07909958881123988","0.042385632364058755","0.02616768388250723","0.001601423487544484","0.78125","parsed","https://textage.cc/score/27/_stellad.html?DAB00","0.40698043543506224","0.03334119886640605","0.08859095667711503","0.18965917893106102","0.1500838764150162","1986.7521081702089","0.3020914020139427","79.6","10.5","false"
"ハードベース・フェスタ","ANOTHER","11","11","65.3","5.0869140625","両RANDOM","12.065606783253843","15","0.0854115022092595","0.1040021433779288","0.0003970519769148173","0","0.8671875","parsed","https://textage.cc/score/26/_hbfesta.html?DAB00","0.4637074635683871","0.04047891793648786","0.0995730599224309","0.1644499178981938","0.14716118031085143","3287.7787848929597","0.3013136288998358","76.1","10.6","false"
"パーフェクトイーター","ANOTHER","11","11.4","65.3","5.0869140625","右MIRROR","12.502318034306908","12","0.06301427644386726","0.11759525354593463","0.007156762770001349","0","0.8463541666666667","parsed","https://textage.cc/score/30/_pfeater.html?DAB00","0.45741686039452784","0.029050762259072282","0.07416924847264125","0.15241477272727438","0.14953404350911456","4059.760904664394","0.25426136363636365","49","10.6","false"
"ハイテックトキオ","ANOTHER","11","11.4","86.1","5.70703125","両RANDOM","11.90234375","12","0.06232031506399702","0.0973416475221531","0.0013705283885789268","0","0.9062499999999999","parsed","https://textage.cc/score/29/_hitokio.html?DAB00","0.39261873369173905","0.024506132907277905","0.06810271769324451","0.1737421383647809","0.14951921186128359","1771.3182119096368","0.375","63.1","11.3","true"
"倍倍FIGHT!","ANOTHER","10","","","","","","","","","","","","unparsed","https://textage.cc/score/34/_bbfight.html?DAA00","","","","","","","","","",""
"ハイ＊ビスカス ft. Kanae Asaba","ANOTHER","10","10.5","65.3","5.0869140625","左MIRROR + 右MIRROR","10.721750524109016","13","0.057996930161166284","0.018343264685610393","0.007701580380405735","0","0.8385416666666667","parsed","https://textage.cc/score/25/_hibiscs.html?DAA00","0.38843450253439926","0.02414484154614095","0.0697779889742418","0.16204318936877127","0.14831509735468384","1017.8529871189488","0.38704318936877075","49","10.6","false"
"ハオ","ANOTHER","11","11.4","37.2","4.466796875","両RANDOM","11.365456368317547","12","0.07937095448411201","0.05822475769844193","0.0024140350877192734","0","0.8828125","parsed","https://textage.cc/score/32/_hao.html?DAB00","0.45287626236281886","0.03272878474892656","0.08767639123076111","0.22401639344262295","0.14391643882111016","2634.5096309531486","0.2934426229508197","38.1","10","false"
"好吃来世deエレクトリック","ANOTHER","10","10.2","11.3","3.8466796875","左MIRROR","9.914110429447852","13","0.060750825082508286","0.04084158415841578","0.001359735973597341","0","0.5598958333333333","parsed","https://textage.cc/score/33/_haochi.html?DAA00","0.47336590767180237","0.0236773604816713","0.06973432576562685","0.17661381653453992","0.12702591768115637","1464.5388746089277","0.2944507361268403","27.9","9.2","false"
"儚キ戀ノ幻想譚","HYPER","10","10","19.6","4.0947265625","左MIRROR","10.066919191919192","9","0.06886554621848714","0.08372005518625374","0.0043045277812614495","0","0.8359375","parsed","https://textage.cc/score/30/_hgensou.html?DHA00","0.41398459895517764","0.03218056119235011","0.09046607127201958","0.14222011385199332","0.12707331314405365","1693.9948433351858","0.42599620493358636","14","9.5","false"
"儚き恋の華","ANOTHER","11","11.2","82.6","5.5830078125","左MIRROR","13.421103896103896","12","0.07286885840772137","0.08252896920434474","0.002314633379296752","0","0.8880208333333335","parsed","https://textage.cc/score/28/_hakakoi.html?DAB00","0.40784933558020015","0.02962118051173018","0.08349210394000876","0.18731688511950723","0.16691565124949617","2306.7390870706504","0.3299922898997687","89.1","11.1","true"
"爆ゼニ☆がってんワーカー","ANOTHER","11","11.2","70.6","5.2109375","両RANDOM","11.332460732984293","13","0.07714897589897562","0.0355836605836606","0.023799183799183856","0","0.9140624999999999","parsed","https://textage.cc/score/26/_bakzeni.html?DAB00","0.43786911566797426","0.033358466864459924","0.08932712497959495","0.18895993179880588","0.15258213646204838","1703.2586273465322","0.34612105711849955","72.1","10.8","false"
"ＰＡＳＴＥＬＩＳＭ","ANOTHER","10","10","37.2","4.466796875","FLIP + 両RANDOM","9.46933962264151","12","0.06700705687007033","0.05595682855956838","0.0049016189290155545","0.0024657534246575346","0.7604166666666669","parsed","https://textage.cc/score/32/_pastlsm.html?DAA00","0.4407210203976816","0.031237196506715834","0.07916410148864676","0.16226993865030617","0.12440720385208576","1676.4357961416079","0.35685071574642124","27.9","10","false"
"伐折羅 -vajra-","HYPER","10","10","15","3.970703125","FLIP + 左MIRROR","9.33609437751004","11","0.06717185105524921","0.033391584890442284","0.008642021777120389","0","0.640625","parsed","https://textage.cc/score/28/_vajra.html?DHA00","0.45844195776203406","0.030561115182668536","0.08688887931941879","0.09764705882352774","0.12477035431281978","1475.069039133172","0.3803921568627451","10.6","9.3","false"
"刃図羅","HYPER","10","9.6","11.3","3.8466796875","正規","8.6117900790798","10","0.06736789381417481","0.038024876867852","0.0006611570247935974","0","0.7734375","parsed","https://textage.cc/score/24/_buzra.html?DHA00","0.4369108888006199","0.030419487629682024","0.08545566608628495","0.13397959183673364","0.11711642612653002","1502.1576355512427","0.3510204081632653","14","9.2","false"
"バスルーム ロマンス","ANOTHER","10","10.7","70.6","5.2109375","正規","10.660954013139103","12","0.08185698210266798","0.06131443575179493","0","0","0.7890624999999999","parsed","https://textage.cc/score/25/_bathrom.html?DAA00","0.39034353717357","0.03744590292732728","0.09394450988253672","0.16571298819255284","0.13925002837120906","1825.5007891521511","0.43505903723887374","53.9","10.8","false"
"爆ぜりゃんせ","ANOTHER","11","11.6","86.1","5.70703125","FLIP + 左MIRROR + 右MIRROR","13.52281746031746","18","0.07012449563494955","0.13853348983933675","0.029739270779839073","0","0.8098958333333335","parsed","https://textage.cc/score/32/_hazerya.html?DAB00","0.47045103414779593","0.03180858286388135","0.07637034478200692","0.12715384615384617","0.15433801035464842","3814.826192460537","0.33","95.6","11.3","true"
"果たせぬ約束 ft. 小林マナ","ANOTHER","11","11.2","55.2","4.8388671875","FLIP + 左MIRROR","12.31626984126984","11","0.07459701324225834","0.04582836614363519","0.0033263524180817895","0","0.7552083333333334","parsed","https://textage.cc/score/31/_hatasen.html?DAB00","0.4041082308604276","0.03296725244388425","0.0926158083909003","0.24076576576576916","0.15583398768059054","2065.6177795685744","0.2905405405405405","53.9","10.4","false"
"バッドエンド・シンドローム","ANOTHER","11","11.6","78.9","5.458984375","左MIRROR","12.345454545454546","16","0.08911783055146447","0.0347068810342006","0.014667812142038925","0","0.8203125000000001","parsed","https://textage.cc/score/27/_badends.html?DAB00","0.4818222549481197","0.030457332562988715","0.0800374602693824","0.2250407830342582","0.16181942038084096","1609.818159941078","0.29200652528548127","98.1","11","false"
"花冠 feat.Aikapin","ANOTHER","11","12","99.7","7.5673828125","FLIP","11.44543915275936","18","0.08038300279515453","0.28203819760162263","0.029569486963338314","0","0.46875","parsed","https://textage.cc/score/26/_hanakan.html?DAB00","0.3396992412672949","0.046194864409581406","0.1016997671585567","0.10269814502529352","0.11377198149329028","3409.617929765334","0.581787521079258","94.9","13.1","true"
"花吹雪  ～ IIDX LIMITED ～","ANOTHER","8","9","19.6","4.0947265625","左MIRROR + 右MIRROR","9.436936936936938","15","0.07587112171837718","0.00954653937947494","0","0","0.7395833333333334","parsed","https://textage.cc/score/14/_hanafbk.html?DA800","0.4585063635057085","0.03217430864030605","0.09639006446596401","0.2366270430906367","0.12907342491331977","586.7361835293833","0.3521545319465082","58.5","9.5","false"
"華爛漫 -Flowers-","ANOTHER","10","10","30.9","4.3427734375","FLIP + 左MIRROR + 右MIRROR","10.097378277153558","13","0.07321463897131525","0.06673466864490603","0.0004945598417408511","0","0.7421875","parsed","https://textage.cc/score/15/_hranman.html?DAA00","0.39727047479020317","0.02901816604843416","0.08437417294524902","0.19260089686098442","0.1311281100211319","1437.2715904923161","0.29035874439461884","38.1","9.8","false"
"バ→ビ→ブ→Bomb!","ANOTHER","11","11.2","65.3","5.0869140625","FLIP","11.26077519379845","12","0.0716372948562614","0.12762969490031914","0.015807908359951606","0","0.8515624999999999","parsed","https://textage.cc/score/25/_babibu.html?DAB00","0.38854181790154","0.03428235724147104","0.0918255617068404","0.13752196836555236","0.14619500497968044","2799.3670595722524","0.44112478031634444","83","10.6","false"
"パ→ピ→プ→Yeah!","ANOTHER","11","11.8","93.6","6.0791015625","両RANDOM","13.02415458937198","16","0.077038204747774","0.03725426557863502","0.0016913946587537108","0","0.8802083333333333","parsed","https://textage.cc/score/22/_papipu.html?DAB00","0.43585570425080544","0.026814264578907225","0.06682168023905675","0.17482051282051142","0.1752607607883005","1226.3570897159127","0.35794871794871796","96.2","11.6","true"
"バビロニア","ANOTHER","8","9","1.2","2.978515625","正規","7.794302848575713","9","0.06970595778512992","0.08023005308917452","0.0010115154779308376","0","0.5416666666666665","parsed","https://textage.cc/score/17/_babylon.html?DA800","0.543211439683952","0.029443446369897618","0.08183834750438682","0.1718942189421878","0.09723777211242662","2685.3466796093235","0.24600246002460024","1.3","7.5","false"
"バブリン","ANOTHER","10","9.6","4.4","3.474609375","正規","8.812087912087913","8","0.0715074198777898","0.03651328095772537","0.013430103504177279","0","0.6458333333333334","parsed","https://textage.cc/score/33/_bubblin.html?DAA00","0.4186366574530013","0.03198113711338572","0.0927002233241426","0.12097649186256648","0.1138789049128091","1671.8770837304191","0.36618444846292947","3.8","8.5","false"
"パラドキシカル・タイムリープトライアル (Short Ver.)","ANOTHER","11","11.4","89","5.8310546875","右MIRROR","12.89945652173913","15","0.09637195421669772","0.04698054911874158","0.01333501860824362","0","0.7005208333333335","parsed","https://textage.cc/score/25/_paradox.html?DAB00","0.42606298579289487","0.04128649197431923","0.11249859158442554","0.197202521670606","0.16667178387548434","1953.778640893013","0.3743104806934594","91.1","11.4","true"
"ハリツヤランデヴー","ANOTHER","10","10.2","19.6","4.0947265625","FLIP + 右MIRROR","11.484169884169885","11","0.08535424511386014","0","0","0","0.7942708333333334","parsed","https://textage.cc/score/16/_haritya.html?DAA00","0.4411274488721909","0.02660147115611184","0.08055057062899017","0.2417255297679098","0.14832201590749414","361.1362069912136","0.2512613521695257","33","9.5","false"
"ハルイロメロディー","ANOTHER","10","9.6","19.6","4.0947265625","FLIP + 左MIRROR","10.359252772913019","15","0.09635584433148821","0.054002727467400015","0.004235013017457752","0","0.7734374999999999","parsed","https://textage.cc/score/32/_haruiro.html?DAA00","0.5165272786771757","0.03498837018794566","0.1021456382992719","0.22355163727959598","0.13117759466645657","2200.5360988462053","0.1964735516372796","83","9.5","false"
"バンブーソード・ガール","HYPER","10","9.6","15","3.970703125","FLIP","9.04426946631671","10","0.06982839343754821","0.07528343135737516","0.010314192849404118","0","0.8854166666666666","parsed","https://textage.cc/score/21/_bamboos.html?DHA00","0.47503305828953607","0.03332610455331226","0.08117422333209103","0.06599999999999918","0.11320965622257805","1717.7290452952795","0.39473684210526316","5.4","9.3","false"
"ピアノ協奏曲第１番""蠍火""","HYPER","10","","37.2","4.466796875","左MIRROR + 右MIRROR","8.26654578930793","14","0.07314120611236831","0.019038194353422227","0.04057122157980199","0","0.5885416666666666","parsed","https://textage.cc/score/11/_psasori.html?DHA00","0.4151071602822975","0.03454643503063037","0.08425658162384286","0.13093812375249278","0.12913318650545513","811.2322410851372","0.42115768463073855","43.5","10","false"
"ピアノ協奏曲第１番""蠍火""  (BlackY Remix)","HYPER","10","","6.2","3.5986328125","左MIRROR + 右MIRROR","8.88888888888889","11","0.07180530973451303","0.0060564159292035395","0.0138230088495575","0","0.6015624999999999","parsed","https://textage.cc/score/27/_psaso_r.html?DHA00","0.47439329342512176","0.02730688605058156","0.08252118572042642","0.10449897750511049","0.11902961130697388","715.8570162785865","0.3967280163599182","14","8.8","false"
"ピアノ独奏無言歌 ""灰燼""","HYPER","10","10.5","55.2","4.8388671875","FLIP + 右MIRROR","9.349438689765302","11","0.06919868454432816","0","0.009781265060461985","0","0.7369791666666666","parsed","https://textage.cc/score/29/_pkaijin.html?DHA00","0.4986031215101779","0.029308943089430994","0.08936609708070258","0.10268292682926629","0.13612834804469967","647.4349231332372","0.3203252032520325","33","10.4","false"
"&iexcl;Viva!","ANOTHER","11","","43.9","4.5908203125","FLIP","11.30625","11","0.08848765432098739","0.028376635341809404","0.006940605613905808","0","0.8697916666666667","parsed","https://textage.cc/score/24/_viva_.html?DAB00","0.5038074812014725","0.03385420509138203","0.10118111872735458","0.20198675496688562","0.14534809274334878","1082.7714120790495","0.26600441501103755","63.1","10.1","false"
"ビビデバ","ANOTHER","10","10","30.9","4.3427734375","右MIRROR","9.907443251803626","10","0.049825589656152275","0.04113384484228474","0.005143506678033491","0","0.8020833333333333","parsed","https://textage.cc/score/32/_bibbidi.html?DAA00","0.45698499162639766","0.018230046068123316","0.0535442743957589","0.2071561338289954","0.12868932803640928","1313.6353310159527","0.26022304832713755","22.9","9.8","false"
"ヒマワリ","ANOTHER","9","9","4.4","3.474609375","両RANDOM","8.476919339164237","10","0.06966610300650615","0.04354991258490728","0.012044366742139906","0","0.8333333333333334","parsed","https://textage.cc/score/12/_hima_gd.html?DA900","0.37746718203333207","0.033225956497815186","0.08825482831470122","0.1521327014217989","0.11125354471024025","1122.2526591455864","0.471563981042654","10.6","8.5","false"
"卑弥呼","HYPER","11","11.6","70.6","5.2109375","FLIP + 左MIRROR + 右MIRROR","11.071045253810778","15","0.07117958558323788","0.02435658377333393","0.023538919268653875","0","0.7682291666666666","parsed","https://textage.cc/score/16/_himiko.html?DHB00","0.4055295389218542","0.029586347724865722","0.0854567932069224","0.0932533733133415","0.15383904405506338","1176.6390732887578","0.44677661169415295","86.5","10.8","false"
"百恋ラブラスター","ANOTHER","10","10.2","43.9","4.5908203125","FLIP","11.33774834437086","13","0.06653767523364457","0.08377141744548286","0.000685358255451714","0","0.703125","parsed","https://textage.cc/score/33/_hyakkoi.html?DAA00","0.4653095570992016","0.026643051416921006","0.07580083990512794","0.1904295051353868","0.1392096632698819","2751.856233445782","0.2950513538748833","63.1","10.1","false"
"ビューティフルレシート","ANOTHER","11","11.6","70.6","5.2109375","FLIP + 左MIRROR","11.325100401606425","14","0.08740589372151968","0.10373854146350132","0.03851132112271443","0","0.7109375","parsed","https://textage.cc/score/19/_bt_rcpt.html?DAB00","0.446638359399467","0.03548539491701463","0.09221434528416621","0.21729910714285608","0.15840338014382302","2442.6704810772485","0.25223214285714285","91.1","10.8","false"
"表裏一体!?怪盗いいんちょの悩み&hearts;","HYPER","10","","89","5.8310546875","FLIP + 左MIRROR","10.950301204819276","14","0.06185978544904397","0.2189176179342594","0.006287993398432017","0","0.7552083333333333","parsed","https://textage.cc/score/22/_hyouri.html?DHA00","0.437031946660194","0.026188866842058945","0.07007318844900993","0.15691443388072637","0.1123502665078433","3527.708549350614","0.4140017286084702","58.5","11.4","true"
"開きたまえ！Next stAge！","HYPER","10","9.3","11.3","3.8466796875","左MIRROR","8.809826344769165","9","0.052163461538461534","0.13389423076923082","0.021846153846153793","0","0.828125","parsed","https://textage.cc/score/27/_hiraki.html?DHA00","0.335553614309188","0.023887344587303176","0.0676827447764753","0.16581685744016478","0.10469443214666681","1608.1154166959655","0.49323621227887615","7.9","9.2","false"
"開きたまえ！Next stAge！","ANOTHER","11","11.2","93.6","6.0791015625","正規","12.477763659466328","15","0.09192803801765059","0.11990835030549889","0.018900203665988043","0","0.7864583333333335","parsed","https://textage.cc/score/27/_hiraki.html?DAB00","0.40914417224483507","0.03220597624419154","0.08757048190822622","0.2065517241379319","0.15078459148907503","2017.6350862021877","0.4060344827586207","94.9","11.6","true"
"ファイナルレター","ANOTHER","11","11.4","70.6","5.2109375","両RANDOM","11.298503651498903","13","0.06286110759550838","0.054954889800936685","0.0033658174980563537","0.00867309117865085","0.8645833333333334","parsed","https://textage.cc/score/32/_fletter.html?DAB00","0.4421414487645943","0.03193793592858991","0.07195816156559262","0.15598425196850477","0.14593561171082586","2255.515805412942","0.30236220472440944","49","10.8","false"
"フォニイ","ANOTHER","11","11.4","70.6","5.2109375","FLIP + 左MIRROR + 右MIRROR","12.966666666666667","12","0.0718688567972168","0.030716013911991486","0.0055647966127323695","0","0.7994791666666666","parsed","https://textage.cc/score/31/_phony.html?DAB00","0.42275614893679286","0.02733130139331994","0.07723911300852486","0.23124076809453675","0.16382375765295917","1521.5339411446","0.29542097488921715","63.1","10.8","false"
"不死身ごっこ","ANOTHER","10","10","30.9","4.3427734375","右MIRROR","10.380263157894737","10","0.06308190201546421","0.046979972113068744","0.002680525626399665","0","0.6718749999999999","parsed","https://textage.cc/score/33/_fujimi.html?DAA00","0.45963210878502514","0.02843562602103315","0.07817625351687887","0.16261410788381725","0.13350870753693123","1881.8245978595648","0.3053941908713693","14","9.8","false"
"二人ノ廃城幽踊宴","HYPER","10","10.5","25.1","4.21875","両RANDOM","10.716181685869882","12","0.07354929882841589","0.08738561087642585","0.00007902830598584491","0","0.8333333333333334","parsed","https://textage.cc/score/28/_a_rvnant.html?DHA00","0.5165615215458186","0.039381270823846494","0.09666498889935847","0.10583804143125995","0.13115665587313732","2764.8949542033224","0.3210922787193974","33","9.7","false"
"不沈艦CANDY","ANOTHER","11","12","89","5.8310546875","左MIRROR + 右MIRROR","12.721675774134791","14","0.070811116520145","0.011252183499899782","0.022767961971306847","0","0.6796874999999998","parsed","https://textage.cc/score/16/_fuchin.html?DAB00","0.38350638978476087","0.02551246733001339","0.07552791601661907","0.22087745839637082","0.17279705723410496","742.6923830167384","0.4205748865355522","91.1","11.4","true"
"冬椿 ft. Kanae Asaba","ANOTHER","10","9.6","11.3","3.8466796875","正規","9.43551912568306","12","0.06930879712746847","0.06914924422308444","0","0","0.875","parsed","https://textage.cc/score/24/_fuyutbk.html?DAA00","0.43803732636499415","0.029094388425753903","0.0843538114981359","0.15622406639004013","0.11905921981041757","2020.3232361064327","0.32987551867219916","14","9.2","false"
"冬椿 ft. Kanae Asaba","LEGGENDARIA","11","11.2","78.9","5.458984375","正規","12.781147540983607","13","0.07015893884007723","0.0425832104149298","0","0","0.8072916666666665","parsed","https://textage.cc/score/24/_fuyutbk.html?DXB00","0.4068037919292672","0.028434153767894634","0.08298466666425235","0.1848610067618334","0.16329606825837606","1705.838199464951","0.3072877535687453","79.6","11","false"
"&#8317;&#8317;&#2840;( &#729;&#42163;&#729; )&#2835;&#8318;&#8318; beyond reason","HYPER","10","","19.6","4.0947265625","FLIP + 左MIRROR","9.563095238095238","10","0.07116244449977155","0.013626084069878164","0.010049379642308877","0","0.9635416666666667","parsed","https://textage.cc/score/33/_beyondr.html?DHA00","0.49600966150306375","0.028976314890636","0.07965941225534345","0.07299717247879219","0.12385555732884757","895.7083125918803","0.3901979264844486","14","9.5","false"
"フランケンシュタインの怪物","ANOTHER","10","","","","","","","","","","","","unparsed","https://textage.cc/score/34/_franken.html?DAA00","","","","","","","","","",""
"ぷろぐれっしぶ時空少女!うらしまたろ子ちゃん!","ANOTHER","10","10","37.2","4.466796875","左MIRROR + 右MIRROR","10.99721941354904","11","0.08473853580048217","0.076715320078152","0.0038248477186529984","0","0.8411458333333334","parsed","https://textage.cc/score/22/_progura.html?DAA00","0.4346694476084889","0.03247869952886366","0.08893721915418826","0.14795539033457242","0.1387950179908823","2663.124026235585","0.275092936802974","38.1","10","false"
"ベィスドロップ・フリークス","ANOTHER","11","10.7","50","4.71484375","FLIP + 左MIRROR + 右MIRROR","10.964915584008034","12","0.06750494550783004","0.1057468632658668","0.011456360472570763","0","0.8125000000000001","parsed","https://textage.cc/score/22/_basdrop.html?DAB00","0.46986700197781234","0.028580441433060544","0.07861512937583948","0.1764258555133072","0.13217813666504524","2178.510498553196","0.32509505703422054","38.1","10.3","false"
"ベィスドロップ・フリークス","LEGGENDARIA","11","11.8","93.6","6.0791015625","FLIP + 右MIRROR","11.252519927195129","14","0.07008241562103963","0.29061434665429164","0.010306459385653294","0","0.6510416666666667","parsed","https://textage.cc/score/22/_basdrop.html?DXB00","0.3826474623693214","0.04051409960964301","0.0833079412710635","0.11642599277978113","0.11052021694382927","3575.2543844330153","0.5144404332129964","58.5","11.6","true"
"閉塞的フレーション","ANOTHER","10","10","19.6","4.0947265625","右MIRROR","10.458333333333334","11","0.07004617892068048","0.03837377761680547","0.01158710612097108","0","0.7786458333333333","parsed","https://textage.cc/score/31/_heisoku.html?DAA00","0.4576132797173581","0.0270725105126258","0.07986452640435986","0.15774193548387042","0.13395905446467346","1811.5546428139771","0.30783410138248846","22.9","9.5","false"
"霹靂","ANOTHER","10","","65.3","5.0869140625","FLIP + 右MIRROR","10.257748776508972","15","0.0681663486005088","0.07143235793044954","0.0004919423240033931","0.0034351145038167947","0.7578125000000001","parsed","https://textage.cc/score/34/_hekirek.html?DAA00","0.43143619427331514","0.025383218579162127","0.07325227139407303","0.1571935157041531","0.13087414083074558","1680.2863017488162","0.3657548125633232","86.5","10.6","false"
"紅牡丹","ANOTHER","11","10.7","97.7","6.451171875","正規","12.6857220412595","14","0.06842000077031343","0.09064667844961495","0.013827304201206213","0","0.8463541666666665","parsed","https://textage.cc/score/22/_benibtn.html?DAB00","0.40831057461190434","0.025487880574308085","0.07229249728276853","0.17093023255814044","0.15713774641507758","2174.428295677864","0.3211091234347048","93.8","12","true"
"ベラ・ベ・カラベラ","ANOTHER","11","11.6","99","6.8232421875","左MIRROR + 右MIRROR","12.025423728813559","16","0.0492988019732206","0.2906976744186053","0","0","0.7395833333333333","parsed","https://textage.cc/score/33/_bl_clvr.html?DAB00","0.33497465544362454","0.020841634316979166","0.059483596302038","0.12718631178707115","0.11667013800450451","3290.042503176855","0.552851711026616","83","12.4","true"
"ベンガル vs. アムール Battle","HYPER","10","10","8.4","3.72265625","FLIP","8.811737804878048","10","0.07815370642677938","0.043018193351209516","0.0035498659285526668","0","0.8567708333333334","parsed","https://textage.cc/score/33/_bengal.html?DHA00","0.43477385539040697","0.030844146997132876","0.08949916247985609","0.14012875536480526","0.1116505971721542","1343.9023151012627","0.3959227467811159","5.4","9","false"
"烽火連天の刃","HYPER","10","10.5","43.9","4.5908203125","FLIP + 両RANDOM","10.161746110286437","11","0.066621039646814","0.04564144736842105","0.018620152354570065","0","0.78125","parsed","https://textage.cc/score/29/_hrenten.html?DHA00","0.4500606285624062","0.024382909907576876","0.07201360164846365","0.1635835567470957","0.12191692549164973","1722.5771401216268","0.2707774798927614","27.9","10.1","false"
"牧神笛吹きて","ANOTHER","11","10.7","37.2","4.466796875","右MIRROR","8.86039603960396","11","0.07585475099638637","0.04279186997926518","0","0","0.6770833333333334","parsed","https://textage.cc/score/21/_aigipan.html?DAB00","0.41191322941546377","0.0290784638310765","0.08094634460483728","0.15577124868835127","0.1272688972221305","1163.348880679341","0.4428121720881427","33","10","false"
"星屑ディスタンシア","ANOTHER","10","10","11.3","3.8466796875","左MIRROR","8.814102564102564","10","0.05521749999999999","0.0490909090909091","0.002363636363636474","0","0.8333333333333334","parsed","https://textage.cc/score/23/_stardst.html?DAA00","0.45475283815843226","0.02162604625326921","0.05780451674679736","0.1691441441441421","0.11300043438572718","1309.799674311539","0.37274774774774777","7.9","9.2","false"
"星をこの手に","ANOTHER","10","10.5","60","4.962890625","左MIRROR","11.682313495389774","14","0.07564612183396674","0.0838056970653656","0.008162445289516884","0","0.5807291666666667","parsed","https://textage.cc/score/14/_ninelem.html?DAA00","0.4230164666278966","0.02899662100628215","0.07387774890489308","0.14735294117647","0.14501154773964992","1831.9743844565694","0.4372549019607843","72.1","10.5","false"
"ポラリスノウタ","ANOTHER","10","9.3","8.4","3.72265625","FLIP + 右MIRROR","9.615625","10","0.08288592785180351","0.012349691257718527","0.01056440255660266","0","0.8333333333333334","parsed","https://textage.cc/score/31/_polauta.html?DAA00","0.4476725441555774","0.03016636740013948","0.09036382156056716","0.22415865384615216","0.12929061577239262","809.1765330826162","0.36177884615384615","43.5","9","false"
"マーシャル・マキシマイザー","ANOTHER","11","11.2","65.3","5.0869140625","FLIP + 右MIRROR","12.258795468097794","15","0.07999416285630863","0.047013328144761155","0.00973246424749479","0","0.7656249999999999","parsed","https://textage.cc/score/31/_marsmax.html?DAB00","0.4477663346428465","0.027843507047968268","0.07911997089804745","0.23044237485448069","0.15815546802567598","1542.244596564816","0.32479627473806755","83","10.6","false"
"-65℃","HYPER","10","10","25.1","4.21875","左MIRROR","9.284729064039409","12","0.06862595866752502","0.022821409753527217","0.01834084655465135","0","0.6822916666666667","parsed","https://textage.cc/score/28/_65c.html?DHA00","0.44902844391126573","0.026683799181836748","0.07604756375289534","0.10425219941348787","0.11912860861458195","959.8633003083006","0.3812316715542522","14","9.7","false"
"#MAGiCVLGiRL_TRVP_B3VTZ","ANOTHER","11","11.2","70.6","5.2109375","正規","12.998266897746966","13","0.086916666666666","0.03450000000000018","0.011306666666666644","0","0.8255208333333334","parsed","https://textage.cc/score/24/_magicvl.html?DAB00","0.42306569697013424","0.03601373964659413","0.10566560528393343","0.23594638505280338","0.16837111284768522","1620.3578835440778","0.34443541835905767","83","10.8","false"
"マチ子の唄","ANOTHER","9","8.5","15","3.970703125","両RANDOM","8.127007299270074","12","0.08799772468714434","0.08165678701874136","0","0","0.9166666666666669","parsed","https://textage.cc/score/15/_s_machi.html?DA900","0.43032992369517964","0.03392953245025744","0.10045540143917862","0.18891273247496213","0.10854476121573169","1479.683662607873","0.37625178826895567","27.9","9.3","false"
"真夏の花・真夏の夢","ANOTHER","10","10.5","25.1","4.21875","左MIRROR","8.657657657657658","13","0.0745885695989752","0.06683742896021748","0.0036692547826783226","0.019667013527575425","0.78125","parsed","https://textage.cc/score/9/_manatsu.html?DAA00","0.5011747474286548","0.03703265503352631","0.08479440568125436","0.16884422110552635","0.1263411797844757","1713.3170626946348","0.22236180904522612","49","9.7","false"
"まほろば","ANOTHER","11","11.4","70.6","5.2109375","FLIP + 左MIRROR","10.44297263681592","11","0.06949417292449492","0.024371289221845747","0","0","0.7473958333333331","parsed","https://textage.cc/score/16/_mhoroba.html?DAB00","0.3644169713100535","0.020720227693089083","0.06219614584846089","0.19290220820189125","0.15568613194022554","727.815033618648","0.4048370136698212","67.6","10.8","false"
"真夜中のバベル","ANOTHER","9","9.3","4.4","3.474609375","FLIP","8.136986301369863","10","0.05982804232804243","0.02340869007535677","0.0021164021164020437","0","0.5781249999999999","parsed","https://textage.cc/score/30/_mybabel.html?DA900","0.4825226037936939","0.0262072417578968","0.07867539174454773","0.13729216152018822","0.10811408800888274","966.3091452685619","0.29572446555819476","2.6","8.5","false"
"曼荼羅恋々","ANOTHER","11","11","55.2","4.8388671875","正規","11.171788413098238","11","0.07844208453583403","0.1043808621933622","0.005955988455988314","0.0016741071428571428","0.7604166666666667","parsed","https://textage.cc/score/27/_mandara.html?DAB00","0.41009232021014996","0.04377473321359309","0.10438551621678781","0.16377343113284396","0.13806946117841493","3298.271377300577","0.34311328443357786","43.5","10.4","false"
"未完成ノ蒸氣驅動乙女","HYPER","10","10","37.2","4.466796875","左MIRROR","9.780944840327264","10","0.061808958445763666","0.02895304910955207","0.0001985968699404896","0","0.7942708333333334","parsed","https://textage.cc/score/31/_mikanse.html?DHA00","0.4833311867637469","0.02823404959760572","0.07712552738045698","0.09289799809342057","0.1278405963769427","1183.6788597603775","0.3107721639656816","18.4","10","false"
"ミストレス・アンに花束を","ANOTHER","8","8","0.4","2.6064453125","FLIP + 左MIRROR","7.105790645879732","8","0.07347411586480726","0.008514861829389264","0","0","0.7473958333333334","parsed","https://textage.cc/score/26/_bouqann.html?DA800","0.415687087681583","0.03407176287051492","0.10359658164998992","0.19929797191887455","0.09367995568809691","502.9727481092045","0.3666146645865835","0.3","6.8","true"
"禊","HYPER","10","10","30.9","4.3427734375","FLIP","10.114035087719298","12","0.06967692974848194","0.04266045099739809","0.002029488291413705","0","0.7343750000000001","parsed","https://textage.cc/score/29/_misogi.html?DHA00","0.4778945471918835","0.028032371864723828","0.0779069897002392","0.08273453093812284","0.13599155257498705","1515.111652693281","0.26447105788423153","38.1","9.8","false"
"三日天下モンキー","ANOTHER","11","11.2","98.3","6.5751953125","FLIP + 両RANDOM","8.68586387434555","12","0.05813441832429169","0.2616284910588707","0.009596142254370195","0","0.7708333333333333","parsed","https://textage.cc/score/33/_mktenka.html?DAB00","0.424138662144105","0.023775605255273023","0.0664537914731677","0.14736540664375541","0.08335905334245236","1974.6235265653759","0.47193585337915234","22.9","12.1","true"
"ミッドナイト☆WAR","ANOTHER","11","10.5","37.2","4.466796875","右MIRROR","11.876655052264809","20","0.08927000821451567","0.043184885290148356","0.0005304230475854523","0","0.4973958333333333","parsed","https://textage.cc/score/26/_mid_war.html?DAB00","0.5128632710326028","0.028370158150634015","0.08362090546320947","0.12215686274509581","0.1459690804984122","1637.320362371414","0.28921568627450983","97.9","10","false"
"水無月の雫 ft. 小林まな","ANOTHER","11","11.2","75","5.3349609375","FLIP + 右MIRROR","12.444630192502533","12","0.06404246571438996","0.029445527707331727","0.002985951957403763","0","0.9062500000000001","parsed","https://textage.cc/score/28/_minatki.html?DAB00","0.42316354591393474","0.025625466921217047","0.0748480387713049","0.21124148372445223","0.16455224427449222","1365.7618542738371","0.29901589704769116","63.1","10.9","false"
"ミュージック・アワー","ANOTHER","11","11","60","4.962890625","FLIP + 両RANDOM","12.98136645962733","14","0.08580771531100445","0.075657894736842","0.006846889952152439","0","0.8671875","parsed","https://textage.cc/score/29/_mschour.html?DAB00","0.4588932079131083","0.034027467121334073","0.09197065271732509","0.18061224489796027","0.15836330210089575","2265.057195577889","0.3112244897959184","83","10.5","false"
"ミラージュ･レジデンス","HYPER","10","10.2","11.3","3.8466796875","両RANDOM","8.81163387510693","10","0.07703557005281107","0.11184244589417021","0","0","0.8255208333333333","parsed","https://textage.cc/score/15/_m_resid.html?DHA00","0.40682395039164987","0.040166235596807084","0.0938462546799018","0.13514957264957086","0.1140878683181722","2352.0895410756134","0.3952991452991453","14","9.2","false"
"未来のプリズム","ANOTHER","10","10.2","19.6","4.0947265625","FLIP + 左MIRROR","9.033545647558386","11","0.07550640844849718","0.016263984206073147","0","0","0.7265624999999998","parsed","https://textage.cc/score/17/_prismof.html?DAA00","0.425173008318543","0.026049962868676075","0.07748260958695563","0.1945358401880131","0.12116602211828152","692.3272858839152","0.3078730904817861","22.9","9.5","false"
"無意識のフィロソフィア","ANOTHER","11","11.2","82.6","5.5830078125","FLIP","13.317269076305221","12","0.061330669481301996","0.030741103739445115","0.0006755126658624856","0","0.84375","parsed","https://textage.cc/score/28/_unphilo.html?DAB00","0.3839033793493014","0.02611248441894507","0.07575090066522706","0.2117330803289101","0.16988347257690858","1574.5895472282548","0.3611638203668564","67.6","11.1","true"
"霧幻メモリア","ANOTHER","10","10.7","60","4.962890625","左MIRROR","10.705009276437847","16","0.08710571923743439","0.03906701328711723","0.0016406701328711367","0.002729636048526863","0.5494791666666665","parsed","https://textage.cc/score/28/_mugen_m.html?DAA00","0.468833760735594","0.031919892826352665","0.09270922955021207","0.20244831338411282","0.14222100559968107","1361.96400118046","0.34276387377584333","91.1","10.5","false"
"無双","ANOTHER","11","11","78.9","5.458984375","FLIP + 左MIRROR + 右MIRROR","12.470290771175726","13","0.07460360908353522","0.05852088402270891","0.010446066504460654","0","0.8359375000000001","parsed","https://textage.cc/score/32/_musou.html?DAB00","0.4342524453581742","0.030034029056088596","0.078903736674454","0.21598302687411822","0.15553150576593663","2930.4769076260727","0.29066478076379065","79.6","11","false"
"冥","HYPER","11","10.7","25.1","4.21875","FLIP + 左MIRROR + 右MIRROR","8.949005367802318","11","0.07262267271038828","0.07407630850336414","0.01768115942028968","0","0.5911458333333334","parsed","https://textage.cc/score/12/_mei.html?DHB00","0.4146232581609951","0.03306268767457887","0.08507631563090554","0.07451612903225689","0.12051714376793718","1755.8183626716611","0.4129032258064516","14","9.7","false"
"明鏡止水","ANOTHER","11","11.2","60","4.962890625","FLIP + 両RANDOM","11.098399772402052","12","0.07657004150227982","0.02153251011938294","0.00761387508326057","0.0177191679049034","0.8437499999999999","parsed","https://textage.cc/score/23/_meikyou.html?DAB00","0.46038727906773025","0.02714412386193873","0.0806071360415736","0.1744227353463584","0.15673535400393582","1105.596204693226","0.31705150976909413","76.1","10.5","false"
"めいさいアイドル☆あいむちゃん♪","HYPER","10","10.2","30.9","4.3427734375","FLIP + 左MIRROR","10.70957361222848","10","0.06444661458333287","0.02795723157051282","0.0015384615384615398","0","0.7864583333333331","parsed","https://textage.cc/score/23/_meisai.html?DHA00","0.3749838693950518","0.02889781886985922","0.07520578629511786","0.16512605042016745","0.14135172088638817","993.2402335576388","0.4865546218487395","18.4","9.8","false"
"メイメツ、フラグメンツ","ANOTHER","11","11.2","50","4.71484375","左MIRROR + 右MIRROR","11.084200000000001","12","0.08686226039467553","0.06433181164781109","0","0","0.6406249999999999","parsed","https://textage.cc/score/20/_meimetu.html?DAB00","0.4359351633759606","0.0328376460264698","0.09031100185824205","0.19845238095238005","0.1451709154384866","1629.2736894650263","0.36547619047619045","63.1","10.3","false"
"めうめうぺったんたん！！ (ZAQUVA Remix)","ANOTHER","11","11","60","4.962890625","FLIP + 右MIRROR","12.336290663286862","14","0.07026198630136926","0.09101027397260336","0.023671232876712276","0","0.7552083333333334","parsed","https://textage.cc/score/31/_meumeuz.html?DAB00","0.41154713858814407","0.029559939103004855","0.07776024519846007","0.20039123630672967","0.14917379165216413","2714.8119020962754","0.3591549295774648","72.1","10.5","false"
"メズマライザー","ANOTHER","11","11.2","86.1","5.70703125","左MIRROR + 右MIRROR","12.18572695035461","14","0.06367220181150146","0.022707431523043838","0.011288057909861407","0","0.8359375","parsed","https://textage.cc/score/32/_mesmerz.html?DAB00","0.4108380290200462","0.02540055831747421","0.07270085799280837","0.18442157558552258","0.15239380459400714","1134.8420067901639","0.30234208658623135","67.6","11.3","true"
"メテオラ -meteor-","ANOTHER","11","11.2","60","4.962890625","FLIP + 左MIRROR","10.834782608695653","14","0.0825175561797748","0.04894830123060459","0.006934189406099517","0","0.7812499999999999","parsed","https://textage.cc/score/33/_meteor.html?DAB00","0.4454400260087444","0.034260715961510396","0.09180655895285642","0.18868613138686058","0.13966926652465667","1710.8591111003436","0.3494525547445255","53.9","10.5","false"
"めでてえ","ANOTHER","10","10.2","55.2","4.8388671875","左MIRROR + 右MIRROR","10.858333333333333","12","0.06869723714504944","0.17284631619339985","0.04190330007674605","0","0.546875","parsed","https://textage.cc/score/29/_medetee.html?DAA00","0.3797805336281376","0.02850688633260976","0.08135774985555003","0.15284482758620482","0.12477949119437916","3205.9844819605532","0.39655172413793105","53.9","10.4","false"
"メルト CPK! Remix  (初音ミク ver.)","ANOTHER","11","11.8","65.3","5.0869140625","左MIRROR","10.86591836734694","14","0.08469526510527152","0.04059688597562127","0.015321450707135122","0","0.7578125","parsed","https://textage.cc/score/34/_meltcpk.html?DAB00","0.5201312434059115","0.0344715493298646","0.09228136683363464","0.19903846153846194","0.14640428217257656","1992.0594903120293","0.2089160839160839","79.6","10.6","false"
"もっと!モット!ときめき feat.松下","ANOTHER","11","10.5","43.9","4.5908203125","左MIRROR","10.06056701030928","13","0.03600753597199084","0.11265530933777369","0.016272575893429137","0","0.5312499999999999","parsed","https://textage.cc/score/22/_mottoki.html?DAB00","0.37486928934461256","0.014750766214419331","0.03720735765365729","0.06708860759493532","0.12504609543182563","2227.473691078862","0.5","22.9","10.1","false"
"もんめためたもん","ANOTHER","10","10.2","60","4.962890625","正規","10.36111111111111","11","0.06099886262084648","0.062474612072467364","0.007550031142524477","0","0.8125000000000001","parsed","https://textage.cc/score/33/_monmeta.html?DAA00","0.40925946071227104","0.0258136496782955","0.07408013673129056","0.1590471607314711","0.13174466772029014","1855.2489501111888","0.3455245428296439","38.1","10.5","false"
"夜叉ノ魂","ANOTHER","11","","","","","","","","","","","","unparsed","https://textage.cc/score/34/_yashano.html?DAB00","","","","","","","","","",""
"山岡晃の「クイズ！家事都合！」","ANOTHER","10","10.5","55.2","4.8388671875","FLIP + 右MIRROR","10.40111111111111","12","0.05328543958978743","0.007845048605918096","0","0","0.7421875000000001","parsed","https://textage.cc/score/16/_ay_quiz.html?DAA00","0.39114176104224696","0.020152369829257555","0.06042326644582558","0.20412262156448238","0.14225821548904036","386.9909305490357","0.39006342494714585","38.1","10.4","false"
"勇者","ANOTHER","11","11.2","70.6","5.2109375","左MIRROR","12.83656509695291","12","0.07452902460077646","0.02632714717306864","0.009969788519637424","0","0.7604166666666666","parsed","https://textage.cc/score/31/_yuusha.html?DAB00","0.4709876696037551","0.029379514426027046","0.08337452356083809","0.21834080717488674","0.16183361092987858","1579.953268856762","0.24932735426008967","72.1","10.8","false"
"夕焼け ～Fading Day～","ANOTHER","11","11.4","65.3","5.0869140625","FLIP + 左MIRROR + 右MIRROR","11.761111111111111","14","0.06909213772109345","0.10336954810266093","0.0028908833254603214","0","0.6093750000000001","parsed","https://textage.cc/score/18/_yuuyake.html?DAB00","0.4403415461908353","0.029985095404127877","0.07875187214704993","0.13873602751504674","0.15222666787624564","2345.0607535016466","0.3301805674978504","63.1","10.6","false"
"ユミル","ANOTHER","11","11.8","60","4.962890625","右MIRROR","12.105993690851736","14","0.08389418733930858","0.039916440831074824","0.016393579320408677","0","0.3880208333333333","parsed","https://textage.cc/score/19/_ymir.html?DAB00","0.4503725564873193","0.031076729299595388","0.07912028927628237","0.2034344335414798","0.15975118751279924","1379.316378902007","0.3452274754683318","83","10.5","false"
"夢色ワンダー","ANOTHER","11","11","50","4.71484375","両RANDOM","10.449452728241198","11","0.09017247473107014","0.05648646817377727","0.010161615192786978","0.0008416458852867831","0.9505208333333334","parsed","https://textage.cc/score/33/_yumeiro.html?DAB00","0.5548971763731683","0.034065487494751065","0.09233616787795339","0.1773895582329328","0.13647212852623064","3378.590488297877","0.19036144578313252","58.5","10.3","false"
"夢縁","HYPER","10","9.6","11.3","3.8466796875","FLIP + 両RANDOM","9.125","10","0.060310671401995794","0.09208523592085235","0.005542589773944505","0","0.9479166666666667","parsed","https://textage.cc/score/31/_ymenisi.html?DHA00","0.427418959235054","0.03340610079023079","0.09005331545955476","0.12959961868445974","0.11427664907217512","2258.675899718289","0.35843660629170637","7.9","9.2","false"
"夢縁","ANOTHER","11","11.4","70.6","5.2109375","FLIP + 右MIRROR","12.55","13","0.07217131474103528","0.05903546308592789","0.0032482416014949283","0","0.6979166666666666","parsed","https://textage.cc/score/31/_ymenisi.html?DAB00","0.41210944133119987","0.029090177014138383","0.0809718289228008","0.21113569321534076","0.159657574992322","2178.844973130435","0.32448377581120946","67.6","10.8","false"
"酔いどれ知らず","ANOTHER","10","10.2","15","3.970703125","両RANDOM","9.349789915966387","9","0.07666591768715098","0.029509792907164024","0","0","0.78125","parsed","https://textage.cc/score/31/_yoidore.html?DAA00","0.5388172630394682","0.030493508480009805","0.08964863906880444","0.21189024390243813","0.12276585295589139","1715.44082550215","0.21036585365853658","10.6","9.3","false"
"ヨシダさん","ANOTHER","8","7.5","2.2","3.2265625","FLIP + 両RANDOM","8.036858974358974","8","0.05654037886340973","0.04137587238285141","0","0","0.8489583333333333","parsed","https://textage.cc/score/14/_yoshida.html?DA800","0.3423274187526332","0.02148421650666454","0.06420736925657193","0.2098979591836718","0.10432109788345115","986.8715303958579","0.5306122448979592","1.7","8","false"
"雷霆の如し","ANOTHER","11","","","","","","","","","","","","unparsed","https://textage.cc/score/34/_raitei.html?DAB00","","","","","","","","","",""
"ラキラキ","ANOTHER","10","10.7","55.2","4.8388671875","右MIRROR","10.272058823529411","13","0.0721581961345738","0.020848246241946977","0.0041875447387258275","0","0.8177083333333334","parsed","https://textage.cc/score/20/_rakirak.html?DAA00","0.34395027615441537","0.026483028938542666","0.07475218531364217","0.20613463626492856","0.1403077404627647","527.0095434117487","0.4549402823018458","49","10.4","false"
"ラクエン","ANOTHER","11","10.7","37.2","4.466796875","FLIP + 左MIRROR + 右MIRROR","8.970789473684212","11","0.05750476693361496","0.29811669453489387","0.0019149872392853406","0","0.7369791666666665","parsed","https://textage.cc/score/12/_rakuen.html?DAB00","0.3966484273141139","0.024987446123052124","0.06304434468215026","0.11719914802981718","0.09059655626727574","2979.695483458218","0.4696485623003195","18.4","10","false"
"楽園追放","ANOTHER","10","10.7","50","4.71484375","正規","11.122412480974125","13","0.06350915336113566","0.054237641850583565","0.0032575086299208565","0","0.7890625","parsed","https://textage.cc/score/30/_expulsn.html?DAA00","0.4969261991931355","0.027017619311109523","0.07745889980593396","0.18027604630454233","0.14163797150653332","1815.69639360319","0.2920747996438112","33","10.3","false"
"ラストセンチュリーメランコリック","ANOTHER","11","11.4","91.5","5.955078125","FLIP + 左MIRROR + 右MIRROR","8.89599242289706","13","0.05926270960873034","0.09743146127229169","0.0016289592760179454","0.008552036199095022","0.6901041666666666","parsed","https://textage.cc/score/25/_lastcen.html?DAB00","0.398524530176165","0.021306756946331794","0.05867486024834047","0.136213786213785","0.12319684421794225","1659.782507105521","0.4005994005994006","76.1","11.5","true"
"ラビットホール","ANOTHER","11","10.7","75","5.3349609375","両RANDOM","11.490238206445587","12","0.06361377364779715","0.036515369543832346","0.0018666211393217776","0","0.8984375","parsed","https://textage.cc/score/31/_rabbith.html?DAB00","0.3903376886705378","0.024614307585974726","0.07274962802528837","0.2213719270420308","0.15261449849514272","1437.9204707027222","0.3917525773195876","58.5","10.9","false"
"ラブキラ☆スプラッシュ","ANOTHER","10","10.2","15","3.970703125","右MIRROR","9.44632768361582","10","0.07203145933014335","0.09348086124401919","0","0","0.7447916666666665","parsed","https://textage.cc/score/27/_lvkiras.html?DAA00","0.45811478086070573","0.02883625069611848","0.08439106617833464","0.17638164754953","0.11475909534439864","1996.8114880417118","0.3013555787278415","10.6","9.3","false"
"ラブコメトキドキシリアス","HYPER","10","10","8.4","3.72265625","FLIP","9.165165165165165","9","0.06358797509829614","0.04933650065530794","0.026338138925294883","0","0.8072916666666667","parsed","https://textage.cc/score/33/_lovcome.html?DHA00","0.43997277621255976","0.028264140647964717","0.07823725242507688","0.1613496932515328","0.11830042096001511","1520.9219867282266","0.37423312883435583","5.4","9","false"
"ラブパラ","ANOTHER","10","","","","","","","","","","","","unparsed","https://textage.cc/score/34/_lovpara.html?DAA00","","","","","","","","","",""
"ランカーキラーガール","ANOTHER","11","11","60","4.962890625","FLIP + 左MIRROR","11.869510664993728","12","0.08058491895701143","0.024665257223397068","0.018266384778012935","0.0003171247357293869","0.8697916666666666","parsed","https://textage.cc/score/27/_rankerk.html?DAB00","0.4308216011412877","0.032830578133907606","0.09906137683089536","0.20320197044334976","0.1522209920130816","1520.334831358276","0.32676518883415434","53.9","10.5","false"
"乱膳の舞姫","ANOTHER","11","11.2","82.6","5.5830078125","両RANDOM","12.320496894409938","13","0.061710631343684486","0.02849826914028361","0.006376285541439791","0","0.9140625","parsed","https://textage.cc/score/28/_feastof.html?DAB00","0.43715619312071113","0.023499253768403002","0.06765967125446516","0.1921378776142529","0.1545785698211313","1231.6039444870764","0.273431448489543","63.1","11.1","true"
"輪廻の鴉","ANOTHER","11","11.2","65.3","5.0869140625","FLIP + 右MIRROR","12.140526315789474","14","0.07766173899221067","0.025910030201875645","0.0187193826678803","0","0.5755208333333333","parsed","https://textage.cc/score/30/_rinne_k.html?DAB00","0.45594145860031243","0.02827416178136114","0.07991324418177205","0.17402376910016915","0.16169159687311857","1473.7671097068203","0.33191850594227507","76.1","10.6","false"
"リメンバーリメンバー","ANOTHER","9","8.5","6.2","3.5986328125","正規","7.642193663315943","9","0.0635765567765569","0.03029637029637036","0.018133333333333324","0","0.9114583333333333","parsed","https://textage.cc/score/31/_rememx2.html?DA900","0.4685421996321713","0.0259191655801826","0.07817659904853796","0.1737288135593207","0.10250159539452386","1059.5040755565217","0.29335071707953064","3.8","8.8","false"
"龍王の霊廟 (Mausoleum Of The Primal Dragon)","HYPER","10","10","4.4","3.474609375","正規","8.705084745762711","11","0.060185747663551406","0","0.0025669781931463025","0","0.7395833333333334","parsed","https://textage.cc/score/26/_mausole.html?DHA00","0.41770053198639867","0.018882238398763528","0.05724790563156866","0.10313765182186097","0.11624637647929596","287.5793409895047","0.340080971659919","2.6","8.5","false"
"龍王の霊廟 (Mausoleum Of The Primal Dragon)","ANOTHER","11","11.8","89","5.8310546875","FLIP + 右MIRROR","13.008813559322034","12","0.06292708984782096","0","0.006870961017302455","0","0.8984375","parsed","https://textage.cc/score/26/_mausole.html?DAB00","0.39394321990498105","0.019067805652210213","0.0565397283658529","0.21033112582781696","0.17279232183301424","555.7911838091758","0.27549668874172184","72.1","11.4","true"
"龍と少女とデコヒーレンス","ANOTHER","11","11.6","91.5","5.955078125","正規","11.628810975609756","13","0.06424613838456629","0.01782788228354205","0.003749098774333172","0","0.6927083333333333","parsed","https://textage.cc/score/20/_decoher.html?DAB00","0.397829561420273","0.023149291250190922","0.06576329894558611","0.1558689024390253","0.16426866621016015","883.5737197478668","0.3117378048780488","76.1","11.5","true"
"量子の海のリントヴルム","HYPER","10","9.6","11.3","3.8466796875","FLIP","8.82740116547185","10","0.03960790273556227","0.01850303951367782","0.007756838905775058","0","0.7161458333333333","parsed","https://textage.cc/score/23/_maudand.html?DHA00","0.45162381884415986","0.0159382889054864","0.04426163714507417","0.09281045751633857","0.11752505107408615","831.4792805425661","0.340958605664488","7.9","9.2","false"
"量子の海のリントヴルム","ANOTHER","11","11.6","91.5","5.955078125","正規","13.212929191296693","12","0.05370799065894989","0.021347344908112405","0.016488983653162804","0","0.8776041666666667","parsed","https://textage.cc/score/23/_maudand.html?DAB00","0.38966722593114883","0.019336948438706977","0.057213238041246166","0.18802281368821153","0.17059677572774568","1123.2689946072821","0.31634980988593153","79.6","11.5","true"
"リリーゼと炎龍レーヴァテイン","HYPER","10","10.2","43.9","4.5908203125","FLIP + 右MIRROR","11.986723565670935","14","0.06468354430379722","0.04489715189873398","0.030126582278481293","0","0.7604166666666665","parsed","https://textage.cc/score/22/_lilieze.html?DHA00","0.38203621163336793","0.02665865362940745","0.07843740070947784","0.16728931364031277","0.14648587394282256","1259.2194755030532","0.40399652476107734","91.1","10.1","false"
"凛として咲く花の如く","ANOTHER","10","10.5","50","4.71484375","FLIP","11.951676829268292","12","0.08954608454608388","0.027273616230671455","0.00484981442036655","0","0.5651041666666666","parsed","https://textage.cc/score/16/_rintost.html?DAA00","0.4485775152248278","0.03370261627795107","0.09854379828500286","0.186583184257603","0.15357369971279283","1432.2345072826697","0.38014311270125223","76.1","10.3","false"
"流桜ノ門","ANOTHER","10","10","37.2","4.466796875","左MIRROR","9.619341563786008","12","0.07885454545454502","0.06619652406417108","0.0038374331550802853","0.005727272727272728","0.7760416666666667","parsed","https://textage.cc/score/31/_ruoumon.html?DAA00","0.5189652208351682","0.03493116096114759","0.08551367536456063","0.18562091503267833","0.12605047049634233","2207.3970848577374","0.19607843137254902","38.1","10","false"
"レシピのリドル","ANOTHER","10","10","11.3","3.8466796875","右MIRROR","9.072368421052632","11","0.057042888221278266","0.06676680824614109","0.006000207189475183","0","0.7447916666666666","parsed","https://textage.cc/score/33/_reciper.html?DAA00","0.5320008993516296","0.025927670142189368","0.07062883119081274","0.18256972111553715","0.1139980555743018","2426.1481887688246","0.23207171314741035","18.4","9.2","false"
"れとりば！","ANOTHER","9","9","8.4","3.72265625","FLIP + 左MIRROR","9.068285280728377","11","0.08462014725568923","0.03413654618473908","0.008808567603748362","0.0054216867469879535","0.7005208333333333","parsed","https://textage.cc/score/31/_retrver.html?DA900","0.5070614646735603","0.03004920049200501","0.0895521888608641","0.17742927429274127","0.11637337949413219","1396.1870612140451","0.2952029520295203","22.9","9","false"
"恋愛=精度×認識力","HYPER","10","10","25.1","4.21875","FLIP","9.37534788718301","12","0.07225759946081464","0.07121820229261142","0.004891288655328815","0","0.8437499999999998","parsed","https://textage.cc/score/30/_r_s_x_n.html?DHA00","0.4329411737903407","0.04159134713824431","0.09007373180811805","0.17356435643564233","0.12632553630440124","1730.842073732226","0.3613861386138614","43.5","9.7","false"
"恋愛観測","ANOTHER","10","10","30.9","4.3427734375","FLIP","10.774229691876752","11","0.07234971855418254","0.07319914504195126","0.0028349913265127732","0","0.8880208333333333","parsed","https://textage.cc/score/33/_rkansok.html?DAA00","0.5164494292589347","0.029634139691457395","0.08269348921831295","0.18746130030959732","0.13150798598768956","2305.929940159804","0.23735810113519093","43.5","9.8","false"
"煉獄コンフィチュール","ANOTHER","11","11.4","75","5.3349609375","左MIRROR + 右MIRROR","11.22311111111111","12","0.06613377158244892","0.0825479169966734","0.002333808543217691","0","0.890625","parsed","https://textage.cc/score/33/_rconfit.html?DAB00","0.4347423323228762","0.03237536197036037","0.0853805699943431","0.17861924686192546","0.14230932335139923","2683.6051843237024","0.4100418410041841","53.9","10.9","false"
"煉獄のエルフェリア","HYPER","10","10.5","78.9","5.458984375","左MIRROR","10.89901129943503","14","0.08857940776258622","0.020190500874748867","0.010679107540119708","0","0.8255208333333333","parsed","https://textage.cc/score/21/_elefthe.html?DHA00","0.3658945690266819","0.03331566967067004","0.09997892213823532","0.1924976700838773","0.15336948937111514","1114.957002123608","0.4678471575023299","93.8","11","false"
"錬成人間トリコロイダー","ANOTHER","11","11.4","65.3","5.0869140625","右MIRROR","13.188644688644688","18","0.08815424940980379","0.039326135258991944","0.03252881544229968","0","0.71875","parsed","https://textage.cc/score/27/_rensein.html?DAB00","0.4494428026120772","0.026514131943070347","0.07626860545146633","0.23177816901408463","0.16584803162234266","1409.211792970689","0.335387323943662","96.2","10.6","false"
"ロマンシングエスケープ","ANOTHER","9","9.3","11.3","3.8466796875","FLIP + 左MIRROR","8.543333333333333","9","0.0692274678111588","0.04539967811158798","0.003932891143191528","0.004828326180257512","0.8776041666666665","parsed","https://textage.cc/score/32/_romaesc.html?DA900","0.4968665791693865","0.024298207895832015","0.07323017079056936","0.1517010935601438","0.11653260823004931","1109.061569422561","0.16646415552855406","7.9","9.2","false"
"惑星鉄道","HYPER","11","11.6","82.6","5.5830078125","正規","9.635758781084457","14","0.0661977906513806","0.021860042052199515","0.0008346187518238379","0.0007785467128027682","0.9296875","parsed","https://textage.cc/score/31/_waktetu.html?DHB00","0.4223676367871608","0.026947152523619726","0.079795252740642","0.13492279745685767","0.14524090780240032","1440.6626851315614","0.31244323342415986","67.6","11.1","true"
"惑星☆ロリポップ","ANOTHER","11","11.2","89","5.8310546875","両RANDOM","14.073954983922832","18","0.059174091843728197","0.0614956972050872","0.01241032670779118","0","0.8333333333333333","parsed","https://textage.cc/score/30/_wakloli.html?DAB00","0.3709173650428137","0.021359828051444426","0.05912632407212276","0.23116410670978316","0.17347222083625716","1852.3761790850665","0.3807599029911075","96.2","11.4","true"
"海神","HYPER","10","10.2","37.2","4.466796875","右MIRROR","9.531675392670156","11","0.04718988767130813","0.020820631127955826","0.0003045233583258374","0","0.7890625000000001","parsed","https://textage.cc/score/21/_wadatmi.html?DHA00","0.3738190804597406","0.017862745104984645","0.05202140029893103","0.17209405501330974","0.13093148587753717","879.1298539217222","0.43478260869565216","22.9","10","false"
"ワルツ第17番 ト短調""大犬のワルツ""","HYPER","10","","50","4.71484375","右MIRROR","10.25962422772956","12","0.0722530625404952","0","0.025230838233956204","0","0.6536458333333333","parsed","https://textage.cc/score/17/_valse17.html?DHA00","0.4218564287782127","0.026652463468385814","0.07871506940527383","0.14254098360655582","0.14174137425701072","514.6374420449001","0.38278688524590165","33","10.3","false"
"我ら完全無敵のアイドル!!","ANOTHER","10","10.5","30.9","4.3427734375","FLIP + 左MIRROR + 右MIRROR","9.971801566579634","11","0.07125261834939228","0.08783253037285302","0.014171205138946852","0","0.7786458333333333","parsed","https://textage.cc/score/32/_we_idol.html?DAA00","0.46159592956960455","0.03044473929406605","0.08122119102704788","0.17836624775583462","0.12702800203591066","2822.6569540956775","0.31508078994614","38.1","9.8","false"