title,difficulty,h5Required,h5Rank,h80Rank,ereterHc,ereterRank,gap,recommendation,validationClearRate,hcCount,ereterUrl,inference
"A","ANOTHER","5.5830078125","56.00539811066126","61.53846153846154","8.807117825649819","59.37921727395412","-3.3738191632928576","FLIP + 両RANDOM","0.04296875","1022","https://ereter.net/iidxranking/250/","ソフラン認識・HS操作コストが未校正 / 局所的な殺しを平均化しすぎている可能性 / 皿の早押し・遅押し最適化が実戦より有利な可能性"
"A MINSTREL  ～ ver.short-scape ～","LEGGENDARIA","4.21875","8.097165991902834","7.557354925775979","6.265741264988915","15.114709851551957","-7.017543859649123","正規","0.0625","775","https://ereter.net/iidxranking/5882/","CN/HCNの拘束・継続ダメージをモデルが簡略化している"
"AA","ANOTHER","5.458984375","50.67476383265856","47.57085020242915","7.341739401435397","31.039136302294196","19.635627530364367","FLIP","0.01953125","1626","https://ereter.net/iidxranking/576/","8配置標本では実際のRANDOM当たり待ちを十分に拾えていない可能性"
"AA -rebuild-","ANOTHER","5.5830078125","56.00539811066126","52.091767881241566","8.027171957969811","44.80431848852901","11.201079622132248","右MIRROR","0.046875","1235","https://ereter.net/iidxranking/3195/","8配置標本では実際のRANDOM当たり待ちを十分に拾えていない可能性"
"ABSOLUTE EVIL","ANOTHER","5.70703125","61.20107962213225","61.53846153846154","8.57489082203598","55.19568151147099","6.005398110661261","FLIP","0.04296875","805","https://ereter.net/iidxranking/4828/","8配置標本では実際のRANDOM当たり待ちを十分に拾えていない可能性"
"ACT&Oslash;","ANOTHER","4.5908203125","17.813765182186234","20.78272604588394","5.639771784193521","9.176788124156547","8.636977058029688","正規","0.03125","1026","https://ereter.net/iidxranking/5580/","8配置標本では実際のRANDOM当たり待ちを十分に拾えていない可能性"
"Adularia","ANOTHER","4.8388671875","25.910931174089068","29.217273954116056","7.448747337138167","33.063427800269906","-7.152496626180838","両RANDOM","0.06640625","1477","https://ereter.net/iidxranking/2090/","局所的な殺しを平均化しすぎている可能性 / CN/HCNの拘束・継続ダメージをモデルが簡略化している"
"Afterimage d'automne","ANOTHER","4.5908203125","17.813765182186234","20.78272604588394","3.5081788724289154","0.6747638326585695","17.139001349527664","正規","0.03515625","2007","https://ereter.net/iidxranking/3848/","ホームを崩す階段・運指負荷を強く見ている / 8配置標本では実際のRANDOM当たり待ちを十分に拾えていない可能性"
"Aftermath","ANOTHER","4.466796875","15.317139001349528","10.323886639676113","7.9083967281918754","42.51012145748988","-27.192982456140353","正規","0.07421875","910","https://ereter.net/iidxranking/4722/","CN/HCNの拘束・継続ダメージをモデルが簡略化している / 長さと実プレイ疲労を過小評価している可能性"
"AIR RAID FROM THA UNDAGROUND","LEGGENDARIA","7.3193359375","93.45479082321188","95.47908232118758","7.818895481657076","41.02564102564102","52.42914979757086","正規","0.046875","966","https://ereter.net/iidxranking/3814/","縦連負荷・同レーンのタイミングずれの持越しを強く見ている可能性 / 8配置標本では実際のRANDOM当たり待ちを十分に拾えていない可能性"
"AKASHIC BREAK","ANOTHER","5.458984375","50.67476383265856","52.091767881241566","7.029455601448676","24.291497975708502","26.38326585695006","正規","0.05078125","1256","https://ereter.net/iidxranking/4025/","8配置標本では実際のRANDOM当たり待ちを十分に拾えていない可能性"
"ALBA -黎明-","LEGGENDARIA","5.458984375","50.67476383265856","52.091767881241566","8.335169167803612","52.091767881241566","-1.4170040485830029","正規","0.09375","703","https://ereter.net/iidxranking/5762/","CN/HCNの拘束・継続ダメージをモデルが簡略化している"
"Almagest","ANOTHER","8.68359375","99.527665317139","99.59514170040485","13.262547553607671","98.9203778677463","0.6072874493927003","左MIRROR","0.05859375","61","https://ereter.net/iidxranking/1291/","片手の瞬間密度を強く見ている / ホームを崩す階段・運指負荷を強く見ている / 皿・着地の身体コストをモデルが強く見ている"
"ALTERNATOR","ANOTHER","5.0869140625","36.032388663967616","34.54790823211876","7.769139124054611","39.40620782726046","-3.3738191632928434","正規","0.078125","964","https://ereter.net/iidxranking/4734/","認識難・ギミック・個人差など、現特徴量にない要因の可能性"
"Always We Trust In You","ANOTHER","5.0869140625","36.032388663967616","34.54790823211876","7.755484415094388","38.8663967611336","-2.8340080971659845","正規","0.0078125","763","https://ereter.net/iidxranking/5206/","CN/HCNの拘束・継続ダメージをモデルが簡略化している"
"Amazing Mirage","LEGGENDARIA","5.3349609375","46.0863697705803","40.21592442645074","7.407532102053465","32.11875843454791","13.967611336032391","正規","0.12109375","1308","https://ereter.net/iidxranking/3342/","8配置標本では実際のRANDOM当たり待ちを十分に拾えていない可能性"
"Ambivalent Vermilia","ANOTHER","6.8232421875","89.13630229419704","89.67611336032388","9.758653672640106","73.8191632928475","15.317139001349531","正規","0.05078125","366","https://ereter.net/iidxranking/5494/","片手の瞬間密度を強く見ている / 8配置標本では実際のRANDOM当たり待ちを十分に拾えていない可能性"
"Amor∞Fati","ANOTHER","6.69921875","87.51686909581646","87.38191632928475","10.590264930835263","86.5047233468286","1.0121457489878622","正規","0.0390625","199","https://ereter.net/iidxranking/6126/","8配置標本では実際のRANDOM当たり待ちを十分に拾えていない可能性"
"ANCHOR","ANOTHER","5.955078125","69.02834008097166","78.2051282051282","8.12302247622379","47.09851551956815","21.929824561403507","両RANDOM","0.03125","1110","https://ereter.net/iidxranking/3515/","認識難・ギミック・個人差など、現特徴量にない要因の可能性"
"Ancient Scapes","ANOTHER","5.3349609375","46.0863697705803","52.091767881241566","8.161837836325242","48.313090418353575","-2.226720647773277","FLIP + 両RANDOM","0.03515625","1243","https://ereter.net/iidxranking/2096/","複雑な押し引きリズムの認識負荷をモデルが軽く見ている可能性"
"Ancient Scapes","LEGGENDARIA","6.451171875","83.19838056680162","78.2051282051282","10.711307144065637","87.71929824561403","-4.52091767881241","正規","0.12109375","446","https://ereter.net/iidxranking/2097/","複雑な押し引きリズムの認識負荷をモデルが軽く見ている可能性"
"Angel's Ladder","ANOTHER","5.458984375","50.67476383265856","52.091767881241566","7.948702051651901","43.31983805668016","7.354925775978401","正規","0.0234375","1007","https://ereter.net/iidxranking/4570/","8配置標本では実際のRANDOM当たり待ちを十分に拾えていない可能性"
"Anisakis -somatic mutation type ""Forza""-","ANOTHER","4.8388671875","25.910931174089068","29.217273954116056","5.299229336183531","6.612685560053981","19.29824561403509","正規","0.078125","2241","https://ereter.net/iidxranking/1022/","8配置標本では実際のRANDOM当たり待ちを十分に拾えていない可能性"
"Anisakis -somatic mutation type ""Forza""-","LEGGENDARIA","7.69140625","96.221322537112","95.47908232118758","11.632519266912377","93.65721997300945","2.564102564102555","正規","0.13671875","191","https://ereter.net/iidxranking/4561/","ホームを崩す階段・運指負荷を強く見ている / 片手の瞬間密度を強く見ている / 8配置標本では実際のRANDOM当たり待ちを十分に拾えていない可能性"
"Antigravity","ANOTHER","4.5908203125","17.813765182186234","13.360323886639677","5.295861946777086","6.477732793522267","11.336032388663966","右MIRROR","0.15234375","1769","https://ereter.net/iidxranking/3493/","皿・着地の身体コストをモデルが強く見ている / ホームを崩す階段・運指負荷を強く見ている / 8配置標本では実際のRANDOM当たり待ちを十分に拾えていない可能性"
"Any%","ANOTHER","4.71484375","21.120107962213226","20.78272604588394","7.710859229946703","38.05668016194332","-16.936572199730094","左MIRROR","0.078125","401","https://ereter.net/iidxranking/6315/","ソフラン認識・HS操作コストが未校正"
"AO-1","ANOTHER","4.8388671875","25.910931174089068","34.54790823211876","6.917142729437757","23.21187584345479","2.699055330634277","FLIP","0.08203125","1578","https://ereter.net/iidxranking/2626/","皿・着地の身体コストをモデルが強く見ている / ホームを崩す階段・運指負荷を強く見ている / 8配置標本では実際のRANDOM当たり待ちを十分に拾えていない可能性"
"Apocalypse","ANOTHER","5.8310546875","65.31713900134952","65.45209176788124","8.329145000696814","51.821862348178136","13.49527665317138","FLIP + 両RANDOM","0.03515625","1109","https://ereter.net/iidxranking/3165/","ホームを崩す階段・運指負荷を強く見ている"
"Aqvion","ANOTHER","5.0869140625","36.032388663967616","24.966261808367072","7.190388344132575","27.66531713900135","8.367071524966267","FLIP + 両RANDOM","0.13671875","697","https://ereter.net/iidxranking/5898/","8配置標本では実際のRANDOM当たり待ちを十分に拾えていない可能性"
"Arabian Rave Night","LEGGENDARIA","5.458984375","50.67476383265856","40.21592442645074","7.476085918980894","33.33333333333333","17.341430499325234","正規","0.11328125","1074","https://ereter.net/iidxranking/4346/","片手の瞬間密度を強く見ている / 8配置標本では実際のRANDOM当たり待ちを十分に拾えていない可能性"
"Arca","ANOTHER","4.962890625","30.971659919028337","34.54790823211876","6.226952741190439","14.84480431848853","16.126855600539805","正規","0.0234375","1625","https://ereter.net/iidxranking/3213/","8配置標本では実際のRANDOM当たり待ちを十分に拾えていない可能性"
"Arkadia","ANOTHER","6.8232421875","89.13630229419704","88.59649122807018","9.235555160394743","65.72199730094466","23.414304993252372","FLIP + 両RANDOM","0.08203125","652","https://ereter.net/iidxranking/4881/","片手の瞬間密度を強く見ている / ホームを崩す階段・運指負荷を強く見ている"
"Artist","ANOTHER","6.203125","76.58569500674763","78.2051282051282","9.826342681094303","75.03373819163292","1.551956815114707","左MIRROR","0.09375","588","https://ereter.net/iidxranking/4137/","8配置標本では実際のRANDOM当たり待ちを十分に拾えていない可能性"
"ASIAN VIRTUAL REALITIES  (MELTING TOGETHER IN DAZZLING DARKNESS)","ANOTHER","5.0869140625","36.032388663967616","34.54790823211876","7.556594428388469","35.49257759784076","0.5398110661268589","FLIP + 右MIRROR","0.01953125","1104","https://ereter.net/iidxranking/4402/","8配置標本では実際のRANDOM当たり待ちを十分に拾えていない可能性"
"Astra Blaze","ANOTHER","5.2109375","41.29554655870445","40.21592442645074","8.5718239429667","55.06072874493927","-13.765182186234817","FLIP + 左MIRROR","0.06640625","284","https://ereter.net/iidxranking/6129/","複雑な押し引きリズムの認識負荷をモデルが軽く見ている可能性 / HARD件数が少なくereter推定自体の不確実性も大きい / CN/HCNの拘束・継続ダメージをモデルが簡略化している"
"B.O.D.Y.","ANOTHER","5.2109375","41.29554655870445","34.54790823211876","7.007627359500905","24.021592442645073","17.27395411605938","正規","0.12109375","1111","https://ereter.net/iidxranking/4902/","8配置標本では実際のRANDOM当たり待ちを十分に拾えていない可能性"
"B4U (BEMANI FOR YOU MIX)","LEGGENDARIA","5.0869140625","36.032388663967616","34.54790823211876","8.276557128494241","50.877192982456144","-14.844804318488528","左MIRROR","0.05859375","983","https://ereter.net/iidxranking/3812/","複雑な押し引きリズムの認識負荷をモデルが軽く見ている可能性"
"BabeL ～Grand Story～","ANOTHER","4.5908203125","17.813765182186234","13.360323886639677","6.277233724603804","15.654520917678813","2.1592442645074215","正規","0.0859375","1764","https://ereter.net/iidxranking/2918/","ホームを崩す階段・運指負荷を強く見ている / 8配置標本では実際のRANDOM当たり待ちを十分に拾えていない可能性"
"Bad Encryption","ANOTHER","6.3271484375","80.02699055330635","81.5114709851552","11.060881001956316","90.14844804318489","-10.121457489878537","正規","0.10546875","274","https://ereter.net/iidxranking/4905/","実際の皿技術差をモデルが軽く見ている可能性 / HARD件数が少なくereter推定自体の不確実性も大きい"
"Bad Maniacs","ANOTHER","6.8232421875","89.13630229419704","87.38191632928475","11.16044668078868","91.63292847503374","-2.4966261808366994","左MIRROR","0.03125","341","https://ereter.net/iidxranking/1297/","認識難・ギミック・個人差など、現特徴量にない要因の可能性"
"Battle Train -IIDX Edition-","ANOTHER","4.466796875","15.317139001349528","10.323886639676113","5.775330533309676","10.121457489878543","5.195681511470985","正規","0.109375","1866","https://ereter.net/iidxranking/2635/","8配置標本では実際のRANDOM当たり待ちを十分に拾えていない可能性"
"Be OK","ANOTHER","4.8388671875","25.910931174089068","20.78272604588394","6.071262385908126","13.225371120107962","12.685560053981106","正規","0.08984375","2037","https://ereter.net/iidxranking/1028/","8配置標本では実際のRANDOM当たり待ちを十分に拾えていない可能性"
"Be quiet","LEGGENDARIA","5.5830078125","56.00539811066126","52.091767881241566","10.408551644693485","84.34547908232119","-28.34008097165993","正規","0.0390625","399","https://ereter.net/iidxranking/4458/","実際の皿技術差をモデルが軽く見ている可能性 / 複雑な押し引きリズムの認識負荷をモデルが軽く見ている可能性 / 旧作DP特有の配置・認識難を現特徴量で捉え切れていない可能性"
"BEAT PRISONER","ANOTHER","4.8388671875","25.910931174089068","20.78272604588394","8.23735212953878","49.932523616734144","-24.021592442645076","正規","0.06640625","989","https://ereter.net/iidxranking/4105/","認識難・ギミック・個人差など、現特徴量にない要因の可能性"
"Beat Radiance","LEGGENDARIA","5.0869140625","36.032388663967616","29.217273954116056","7.916599298711683","42.7800269905533","-6.747638326585687","FLIP","0.05078125","1228","https://ereter.net/iidxranking/2344/","認識難・ギミック・個人差など、現特徴量にない要因の可能性"
"Begin","ANOTHER","5.3349609375","46.0863697705803","44.12955465587044","8.153486716842202","48.043184885290145","-1.9568151147098476","左MIRROR","0.0390625","613","https://ereter.net/iidxranking/6135/","認識難・ギミック・個人差など、現特徴量にない要因の可能性"
"Beyond Evolution","ANOTHER","8.0634765625","98.65047233468286","97.70580296896087","12.23105365155461","96.49122807017544","2.1592442645074215","FLIP + 両RANDOM","0.10546875","119","https://ereter.net/iidxranking/5133/","片手の瞬間密度を強く見ている / ホームを崩す階段・運指負荷を強く見ている / 皿・着地の身体コストをモデルが強く見ている"
"BIGソムタム","ANOTHER","4.0947265625","5.195681511470985","5.195681511470985","5.8360109583893065","11.336032388663968","-6.140350877192983","正規","0.015625","1569","https://ereter.net/iidxranking/4225/","CN/HCNの拘束・継続ダメージをモデルが簡略化している"
"BIGWAVERS","ANOTHER","5.0869140625","36.032388663967616","34.54790823211876","8.062764071193069","45.883940620782724","-9.851551956815108","正規","0.05859375","772","https://ereter.net/iidxranking/5154/","CN/HCNの拘束・継続ダメージをモデルが簡略化している"
"Binary Black Hole","ANOTHER","6.0791015625","72.8744939271255","65.45209176788124","10.605256092004925","86.77462887989203","-13.900134952766535","正規","0.12890625","353","https://ereter.net/iidxranking/4752/","CN/HCNの拘束・継続ダメージをモデルが簡略化している"
"BitRacer","ANOTHER","5.2109375","41.29554655870445","44.12955465587044","8.671685989802258","56.14035087719298","-14.844804318488528","正規","0.046875","362","https://ereter.net/iidxranking/6138/","ソフラン認識・HS操作コストが未校正"
"BITTER CHOCOLATE STRIKER","LEGGENDARIA","6.203125","76.58569500674763","73.75168690958165","10.081241523877452","79.08232118758434","-2.4966261808367136","FLIP","0.0703125","362","https://ereter.net/iidxranking/5763/","長さと実プレイ疲労を過小評価している可能性"
"BLACK or WHITE?","ANOTHER","6.0791015625","72.8744939271255","73.75168690958165","8.757183041899925","58.2995951417004","14.574898785425098","正規","0.0390625","779","https://ereter.net/iidxranking/4463/","片手の瞬間密度を強く見ている / 8配置標本では実際のRANDOM当たり待ちを十分に拾えていない可能性"
"BLACK.by X-Cross Fade","ANOTHER","4.8388671875","25.910931174089068","20.78272604588394","6.4869804552644865","17.94871794871795","7.962213225371119","左MIRROR + 右MIRROR","0.08203125","1680","https://ereter.net/iidxranking/1653/","皿・着地の身体コストをモデルが強く見ている / 8配置標本では実際のRANDOM当たり待ちを十分に拾えていない可能性"
"BLAZING_LAZER","ANOTHER","5.0869140625","36.032388663967616","40.21592442645074","8.120916435857286","46.963562753036435","-10.931174089068818","左MIRROR + 右MIRROR","0.046875","666","https://ereter.net/iidxranking/5544/","認識難・ギミック・個人差など、現特徴量にない要因の可能性"
"BLOCKS","ANOTHER","4.3427734375","11.875843454790823","13.360323886639677","5.928161865453561","12.010796221322536","-0.13495276653171295","正規","0.046875","1944","https://ereter.net/iidxranking/591/","旧作DP特有の配置・認識難を現特徴量で捉え切れていない可能性"
"BLUE DRAGON (雷龍RemixIIDX)","LEGGENDARIA","5.3349609375","46.0863697705803","40.21592442645074","8.27260086565304","50.607287449392715","-4.520917678812417","正規","0.05859375","694","https://ereter.net/iidxranking/5381/","実際の皿技術差をモデルが軽く見ている可能性 / 複雑な押し引きリズムの認識負荷をモデルが軽く見ている可能性"
"Blue Rain","LEGGENDARIA","6.8232421875","89.13630229419704","87.38191632928475","9.816151458437322","74.89878542510121","14.237516869095828","正規","0.12890625","661","https://ereter.net/iidxranking/3424/","片手の瞬間密度を強く見ている / 8配置標本では実際のRANDOM当たり待ちを十分に拾えていない可能性"
"Blue Spring Express","ANOTHER","5.2109375","41.29554655870445","52.091767881241566","7.354981463732547","31.17408906882591","10.12145748987854","正規","0.01953125","1464","https://ereter.net/iidxranking/2638/","8配置標本では実際のRANDOM当たり待ちを十分に拾えていない可能性"
"Boomy and The Boost","ANOTHER","4.71484375","21.120107962213226","24.966261808367072","8.360587280784928","52.90148448043185","-31.78137651821862","正規","0.046875","1137","https://ereter.net/iidxranking/3365/","複雑な押し引きリズムの認識負荷をモデルが軽く見ている可能性"
"Bow shock!!","LEGGENDARIA","6.5751953125","85.69500674763833","78.2051282051282","9.613203928189563","71.52496626180836","14.170040485829972","左MIRROR","0.05859375","369","https://ereter.net/iidxranking/5883/","片手の瞬間密度を強く見ている / 8配置標本では実際のRANDOM当たり待ちを十分に拾えていない可能性"
"BRAINSTORM","ANOTHER","4.8388671875","25.910931174089068","20.78272604588394","5.462639154301396","7.557354925775979","18.35357624831309","正規","0.109375","1997","https://ereter.net/iidxranking/2109/","8配置標本では実際のRANDOM当たり待ちを十分に拾えていない可能性"
"BRAVE OUT","LEGGENDARIA","4.962890625","30.971659919028337","20.78272604588394","6.328135584936241","16.464237516869098","14.50742240215924","正規","0.125","623","https://ereter.net/iidxranking/5981/","片手の瞬間密度を強く見ている / 8配置標本では実際のRANDOM当たり待ちを十分に拾えていない可能性"
"Bring The Fire","ANOTHER","4.21875","8.097165991902834","7.557354925775979","6.258765724310674","14.979757085020243","-6.882591093117409","正規","0.046875","1004","https://ereter.net/iidxranking/5632/","CN/HCNの拘束・継続ダメージをモデルが簡略化している"
"BroGamer","LEGGENDARIA","7.1953125","92.44264507422402","91.76788124156545","11.98238548385807","95.54655870445345","-3.103913630229428","FLIP","0.0078125","148","https://ereter.net/iidxranking/4692/","複雑な押し引きリズムの認識負荷をモデルが軽く見ている可能性 / 実際の皿技術差をモデルが軽く見ている可能性 / HARD件数が少なくereter推定自体の不確実性も大きい"
"Broken","ANOTHER","4.466796875","15.317139001349528","13.360323886639677","4.596682502357175","3.7786774628879893","11.538461538461538","FLIP + 左MIRROR","0.0390625","2455","https://ereter.net/iidxranking/1475/","8配置標本では実際のRANDOM当たり待ちを十分に拾えていない可能性"
"Broken Sword","ANOTHER","5.3349609375","46.0863697705803","44.12955465587044","7.157185543939043","26.720647773279353","19.365721997300945","右MIRROR","0.015625","1576","https://ereter.net/iidxranking/2356/","ホームを崩す階段・運指負荷を強く見ている / 8配置標本では実際のRANDOM当たり待ちを十分に拾えていない可能性"
"Burning Flame","LEGGENDARIA","5.8310546875","65.31713900134952","65.45209176788124","7.7454217645895165","38.46153846153847","26.85560053981105","FLIP + 右MIRROR","0.09765625","818","https://ereter.net/iidxranking/5125/","8配置標本では実際のRANDOM当たり待ちを十分に拾えていない可能性"
"CADENZA","ANOTHER","6.5751953125","85.69500674763833","83.80566801619433","9.992189766505756","77.86774628879893","7.827260458839405","正規","0.0625","405","https://ereter.net/iidxranking/5482/","片手の瞬間密度を強く見ている / 8配置標本では実際のRANDOM当たり待ちを十分に拾えていない可能性"
"Caldwell 99","LEGGENDARIA","4.71484375","21.120107962213226","29.217273954116056","8.18999323254605","49.392712550607285","-28.27260458839406","FLIP + 右MIRROR","0.03515625","497","https://ereter.net/iidxranking/5886/","複雑な押し引きリズムの認識負荷をモデルが軽く見ている可能性 / CN/HCNの拘束・継続ダメージをモデルが簡略化している / 実際の皿技術差をモデルが軽く見ている可能性"
"Candy Galy","ANOTHER","3.2265625","0.5398110661268556","0.47233468286099867","3.6424711628505078","1.214574898785425","-0.6747638326585694","FLIP","0.06640625","2445","https://ereter.net/iidxranking/906/","実際の皿技術差をモデルが軽く見ている可能性 / 旧作DP特有の配置・認識難を現特徴量で捉え切れていない可能性"
"Candy Galy","LEGGENDARIA","5.70703125","61.20107962213225","57.3549257759784","9.310240769428567","66.80161943319838","-5.600539811066135","FLIP","0.05078125","639","https://ereter.net/iidxranking/4693/","旧作DP特有の配置・認識難を現特徴量で捉え切れていない可能性"
"CaptivAte～浄化～","LEGGENDARIA","4.71484375","21.120107962213226","24.966261808367072","8.273941117615756","50.742240215924426","-29.6221322537112","FLIP + 右MIRROR","0.05078125","509","https://ereter.net/iidxranking/5982/","長さと実プレイ疲労を過小評価している可能性 / 旧作DP特有の配置・認識難を現特徴量で捉え切れていない可能性"
"Carmina","ANOTHER","7.0712890625","91.3630229419703","90.7557354925776","11.051123926618033","90.01349527665316","1.3495276653171402","正規","0.078125","330","https://ereter.net/iidxranking/3746/","片手の瞬間密度を強く見ている / 縦連負荷・同レーンのタイミングずれの持越しを強く見ている可能性 / ホームを崩す階段・運指負荷を強く見ている"
"Carry Me Away","ANOTHER","4.21875","8.097165991902834","10.323886639676113","4.9382681827183745","4.8582995951417","3.238866396761134","正規","0.0390625","1761","https://ereter.net/iidxranking/3716/","8配置標本では実際のRANDOM当たり待ちを十分に拾えていない可能性"
"Catch Our Fire!","ANOTHER","5.458984375","50.67476383265856","52.091767881241566","8.429156870145047","53.57624831309041","-2.901484480431847","左MIRROR","0.046875","989","https://ereter.net/iidxranking/3664/","認識難・ギミック・個人差など、現特徴量にない要因の可能性"
"Caterpillar","ANOTHER","4.3427734375","11.875843454790823","13.360323886639677","7.762865743817557","39.13630229419703","-27.260458839406205","左MIRROR","0.04296875","1208","https://ereter.net/iidxranking/2942/","実際の皿技術差をモデルが軽く見ている可能性"
"chaos eater -IIDX edition-","ANOTHER","5.458984375","50.67476383265856","85.82995951417004","6.625495871620256","19.02834008097166","31.646423751686903","FLIP + 右MIRROR","0.0625","1601","https://ereter.net/iidxranking/2644/","片手の瞬間密度を強く見ている / 縦連負荷・同レーンのタイミングずれの持越しを強く見ている可能性 / 8配置標本では実際のRANDOM当たり待ちを十分に拾えていない可能性"
"Chaotoxin","ANOTHER","5.955078125","69.02834008097166","65.45209176788124","9.14296931563963","64.23751686909581","4.790823211875846","FLIP + 右MIRROR","0.04296875","609","https://ereter.net/iidxranking/5148/","8配置標本では実際のRANDOM当たり待ちを十分に拾えていない可能性"
"chaplet  -IIDX re:build-","ANOTHER","5.458984375","50.67476383265856","57.3549257759784","7.901577759659846","42.37516869095816","8.2995951417004","右MIRROR","0.03125","582","https://ereter.net/iidxranking/6239/","8配置標本では実際のRANDOM当たり待ちを十分に拾えていない可能性"
"ChaserXX","LEGGENDARIA","6.0791015625","72.8744939271255","69.70310391363023","9.581532615782791","71.25506072874494","1.6194331983805625","FLIP + 右MIRROR","0.06640625","342","https://ereter.net/iidxranking/5983/","8配置標本では実際のRANDOM当たり待ちを十分に拾えていない可能性"
"Cheer Train","ANOTHER","5.5830078125","56.00539811066126","52.091767881241566","11.14673837867949","91.3630229419703","-35.35762483130904","FLIP + 左MIRROR + 右MIRROR","0.11328125","288","https://ereter.net/iidxranking/261/","実際の皿技術差をモデルが軽く見ている可能性 / 皿の早押し・遅押し最適化が実戦より有利な可能性 / 複雑な押し引きリズムの認識負荷をモデルが軽く見ている可能性"
"CHRONO DIVER -NORNIR-","LEGGENDARIA","7.1953125","92.44264507422402","91.76788124156545","12.089349911894669","96.08636977058029","-3.643724696356273","正規","0.0390625","172","https://ereter.net/iidxranking/2367/","HARD件数が少なくereter推定自体の不確実性も大きい"
"Chrono Diver -PENDULUMs-","ANOTHER","8.1875","98.98785425101214","98.31309041835358","12.434752912157924","96.89608636977059","2.0917678812415517","両RANDOM","0.09765625","129","https://ereter.net/iidxranking/2370/","片手の瞬間密度を強く見ている / ホームを崩す階段・運指負荷を強く見ている / 縦連負荷・同レーンのタイミングずれの持越しを強く見ている可能性"
"cinder","ANOTHER","5.5830078125","56.00539811066126","57.3549257759784","7.269916112609762","29.554655870445345","26.450742240215916","FLIP","0.0234375","1459","https://ereter.net/iidxranking/2376/","片手の瞬間密度を強く見ている / 8配置標本では実際のRANDOM当たり待ちを十分に拾えていない可能性"
"Close the World feat.a☆ru","ANOTHER","4.962890625","30.971659919028337","34.54790823211876","6.207934153613712","14.709851551956815","16.261808367071524","両RANDOM","0.0625","1912","https://ereter.net/iidxranking/2121/","8配置標本では実際のRANDOM当たり待ちを十分に拾えていない可能性"
"Close the World feat.a☆ru","LEGGENDARIA","5.955078125","69.02834008097166","69.70310391363023","9.196144901383784","65.18218623481782","3.8461538461538396","正規","0.02734375","920","https://ereter.net/iidxranking/2122/","片手の瞬間密度を強く見ている / ホームを崩す階段・運指負荷を強く見ている / 8配置標本では実際のRANDOM当たり待ちを十分に拾えていない可能性"
"CODE:&Oslash;","LEGGENDARIA","5.8310546875","65.31713900134952","61.53846153846154","9.831508965580673","75.30364372469636","-9.98650472334684","正規","0.06640625","443","https://ereter.net/iidxranking/5382/","実際の皿技術差をモデルが軽く見ている可能性"
"CODE:1  [revision1.0.1]","ANOTHER","7.5673828125","95.47908232118758","92.98245614035088","11.440999483398016","92.57759784075573","2.901484480431847","正規","0.078125","273","https://ereter.net/iidxranking/2647/","片手の瞬間密度を強く見ている / 8配置標本では実際のRANDOM当たり待ちを十分に拾えていない可能性"
"CODE:2","ANOTHER","4.0947265625","5.195681511470985","5.195681511470985","4.058056774982595","2.1592442645074224","3.0364372469635628","正規","0.0546875","1221","https://ereter.net/iidxranking/5595/","8配置標本では実際のRANDOM当たり待ちを十分に拾えていない可能性"
"Colorful Cookie","ANOTHER","4.962890625","30.971659919028337","29.217273954116056","5.870647497260733","11.470985155195681","19.500674763832656","正規","0.05078125","2102","https://ereter.net/iidxranking/1183/","片手の瞬間密度を強く見ている / 8配置標本では実際のRANDOM当たり待ちを十分に拾えていない可能性"
"Colors (radio edit)","ANOTHER","5.3349609375","46.0863697705803","47.57085020242915","5.698169678688105","9.581646423751687","36.50472334682861","FLIP","0.09765625","2054","https://ereter.net/iidxranking/210/","8配置標本では実際のRANDOM当たり待ちを十分に拾えていない可能性"
"CoMAAAAAAA","LEGGENDARIA","5.955078125","69.02834008097166","65.45209176788124","10.928376274143346","89.60863697705803","-20.580296896086367","正規","0.046875","146","https://ereter.net/iidxranking/6144/","HARD件数が少なくereter推定自体の不確実性も大きい"
"Concertino in Blue","ANOTHER","4.962890625","30.971659919028337","40.21592442645074","6.741390902754476","20.10796221322537","10.863697705802966","FLIP + 左MIRROR","0.05859375","1679","https://ereter.net/iidxranking/805/","ホームを崩す階段・運指負荷を強く見ている / 片手の瞬間密度を強く見ている / 皿・着地の身体コストをモデルが強く見ている"
"Confiserie","ANOTHER","6.0791015625","72.8744939271255","73.75168690958165","11.159912574007029","91.49797570850203","-18.623481781376526","FLIP","0.0234375","350","https://ereter.net/iidxranking/1857/","認識難・ギミック・個人差など、現特徴量にない要因の可能性"
"CONTRACT","ANOTHER","5.458984375","50.67476383265856","85.82995951417004","7.39657270157416","31.84885290148448","18.825910931174082","両RANDOM","0.046875","1329","https://ereter.net/iidxranking/808/","ホームを崩す階段・運指負荷を強く見ている / 皿・着地の身体コストをモデルが強く見ている"
"CONTRACT","LEGGENDARIA","7.1953125","92.44264507422402","92.98245614035088","10.511850859492998","85.69500674763833","6.747638326585687","FLIP + 両RANDOM","0.05859375","452","https://ereter.net/iidxranking/3381/","片手の瞬間密度を強く見ている / ホームを崩す階段・運指負荷を強く見ている"
"Cosmic Cat","LEGGENDARIA","5.8310546875","65.31713900134952","65.45209176788124","9.626056199114215","71.7948717948718","-6.477732793522279","左MIRROR + 右MIRROR","0.05859375","734","https://ereter.net/iidxranking/2383/","CN/HCNの拘束・継続ダメージをモデルが簡略化している"
"COSMIC RAY","ANOTHER","5.458984375","50.67476383265856","57.3549257759784","9.527104274186062","69.63562753036437","-18.96086369770581","正規","0.0703125","582","https://ereter.net/iidxranking/4523/","複雑な押し引きリズムの認識負荷をモデルが軽く見ている可能性 / CN/HCNの拘束・継続ダメージをモデルが簡略化している / 実際の皿技術差をモデルが軽く見ている可能性"
"COSMIC V3LOCITY","ANOTHER","5.0869140625","36.032388663967616","40.21592442645074","7.972804331439457","43.58974358974359","-7.557354925775975","FLIP + 両RANDOM","0.03515625","510","https://ereter.net/iidxranking/5641/","CN/HCNの拘束・継続ダメージをモデルが簡略化している"
"Cross Fire","ANOTHER","6.203125","76.58569500674763","73.75168690958165","9.507900907170017","69.50067476383266","7.085020242914965","両RANDOM","0.09375","382","https://ereter.net/iidxranking/5904/","片手の瞬間密度を強く見ている / 8配置標本では実際のRANDOM当たり待ちを十分に拾えていない可能性"
"CUE CUE RESCUE","LEGGENDARIA","3.8466796875","2.834008097165992","2.631578947368421","3.8213038305892733","1.484480431848853","1.349527665317139","FLIP","0.109375","943","https://ereter.net/iidxranking/5885/","8配置標本では実際のRANDOM当たり待ちを十分に拾えていない可能性"
"Cult Invitation","ANOTHER","4.8388671875","25.910931174089068","24.966261808367072","7.923609432428328","43.04993252361673","-17.139001349527664","FLIP + 左MIRROR","0.07421875","642","https://ereter.net/iidxranking/5604/","実際の皿技術差をモデルが軽く見ている可能性"
"Dahlia","ANOTHER","5.458984375","50.67476383265856","47.57085020242915","6.094342479494936","13.630229419703104","37.04453441295546","FLIP","0.08984375","1152","https://ereter.net/iidxranking/5272/","皿・着地の身体コストをモデルが強く見ている / 8配置標本では実際のRANDOM当たり待ちを十分に拾えていない可能性"
"Dances with Snow Fairies","ANOTHER","5.5830078125","56.00539811066126","57.3549257759784","8.032894798271679","45.07422402159244","10.931174089068818","両RANDOM","0.04296875","1335","https://ereter.net/iidxranking/1481/","ホームを崩す階段・運指負荷を強く見ている / 片手の瞬間密度を強く見ている / 縦連負荷・同レーンのタイミングずれの持越しを強く見ている可能性"
"Dances with Snow Fairies","LEGGENDARIA","7.939453125","97.77327935222672","96.49122807017544","12.83439108731475","97.97570850202429","-0.20242914979756677","FLIP","0.03515625","65","https://ereter.net/iidxranking/5256/","HARD件数が少なくereter推定自体の不確実性も大きい / CN/HCNの拘束・継続ダメージをモデルが簡略化している"
"Dans la nuit de l'&eacute;ternit&eacute;","ANOTHER","5.0869140625","36.032388663967616","34.54790823211876","8.041970247065539","45.34412955465587","-9.311740890688256","FLIP","0.0625","978","https://ereter.net/iidxranking/4187/","認識難・ギミック・個人差など、現特徴量にない要因の可能性"
"DARK LEGACY","ANOTHER","6.451171875","83.19838056680162","83.80566801619433","8.653603113310172","55.735492577597846","27.46288798920377","左MIRROR","0.12109375","1089","https://ereter.net/iidxranking/2131/","ホームを崩す階段・運指負荷を強く見ている / 縦連負荷・同レーンのタイミングずれの持越しを強く見ている可能性 / 8配置標本では実際のRANDOM当たり待ちを十分に拾えていない可能性"
"dAuntl3ss","ANOTHER","5.955078125","69.02834008097166","65.45209176788124","8.265008580247116","50.337381916329285","18.690958164642375","両RANDOM","0.05078125","1093","https://ereter.net/iidxranking/3533/","片手の瞬間密度を強く見ている / 8配置標本では実際のRANDOM当たり待ちを十分に拾えていない可能性"
"Dawn Saga","ANOTHER","4.3427734375","11.875843454790823","10.323886639676113","5.579227604496291","8.502024291497975","3.3738191632928487","両RANDOM","0.0859375","1584","https://ereter.net/iidxranking/4423/","8配置標本では実際のRANDOM当たり待ちを十分に拾えていない可能性"
"DAY DREAM","ANOTHER","5.3349609375","46.0863697705803","47.57085020242915","9.299854040014377","66.53171390013495","-20.44534412955465","正規","0.02734375","726","https://ereter.net/iidxranking/1866/","ソフラン認識・HS操作コストが未校正"
"DEADHEAT","ANOTHER","4.8388671875","25.910931174089068","29.217273954116056","8.19002066223897","49.527665317139004","-23.616734143049936","左MIRROR","0.0390625","1114","https://ereter.net/iidxranking/3240/","実際の皿技術差をモデルが軽く見ている可能性"
"DEATH†ZIGOQ ～怒りの高速爆走野郎～","ANOTHER","5.8310546875","65.31713900134952","65.45209176788124","8.78027690237077","58.97435897435898","6.342780026990539","正規","0.046875","962","https://ereter.net/iidxranking/3349/","縦連負荷・同レーンのタイミングずれの持越しを強く見ている可能性 / 8配置標本では実際のRANDOM当たり待ちを十分に拾えていない可能性"
"DEATH†ZIGOQ ～怒りの高速爆走野郎～","LEGGENDARIA","7.443359375","94.46693657219973","92.98245614035088","12.6658131690028","97.57085020242914","-3.103913630229414","正規","0.05859375","67","https://ereter.net/iidxranking/5615/","HARD件数が少なくereter推定自体の不確実性も大きい / 実際の皿技術差をモデルが軽く見ている可能性"
"Demon March","ANOTHER","6.3271484375","80.02699055330635","78.2051282051282","9.832481713269056","75.43859649122807","4.5883940620782795","正規","0.05078125","424","https://ereter.net/iidxranking/5556/","ホームを崩す階段・運指負荷を強く見ている / 8配置標本では実際のRANDOM当たり待ちを十分に拾えていない可能性"
"Despair of ELFERIA","ANOTHER","5.70703125","61.20107962213225","65.45209176788124","8.132747107205702","47.50337381916329","13.697705802968954","右MIRROR","0.07421875","1269","https://ereter.net/iidxranking/2386/","ホームを崩す階段・運指負荷を強く見ている / 8配置標本では実際のRANDOM当たり待ちを十分に拾えていない可能性"
"destination","ANOTHER","5.70703125","61.20107962213225","57.3549257759784","7.679930491300907","37.38191632928475","23.8191632928475","両RANDOM","0.0390625","791","https://ereter.net/iidxranking/5644/","8配置標本では実際のRANDOM当たり待ちを十分に拾えていない可能性"
"Devil's Gear","ANOTHER","5.3349609375","46.0863697705803","44.12955465587044","7.169128912924819","26.99055330634278","19.09581646423752","正規","0.04296875","1524","https://ereter.net/iidxranking/2660/","縦連負荷・同レーンのタイミングずれの持越しを強く見ている可能性 / 8配置標本では実際のRANDOM当たり待ちを十分に拾えていない可能性"
"Devilz Staircase","ANOTHER","7.1953125","92.44264507422402","96.49122807017544","8.045633524617417","45.47908232118758","46.963562753036435","正規","0.046875","1254","https://ereter.net/iidxranking/1869/","片手の瞬間密度を強く見ている / ホームを崩す階段・運指負荷を強く見ている / 縦連負荷・同レーンのタイミングずれの持越しを強く見ている可能性"
"DIAMOND CROSSING","ANOTHER","5.5830078125","56.00539811066126","57.3549257759784","10.507082148014959","85.5600539811066","-29.554655870445345","FLIP","0.0703125","478","https://ereter.net/iidxranking/2663/","CN/HCNの拘束・継続ダメージをモデルが簡略化している"
"DIAVOLO","ANOTHER","6.69921875","87.51686909581646","85.82995951417004","10.212707063384476","81.78137651821862","5.735492577597839","FLIP + 左MIRROR","0.04296875","599","https://ereter.net/iidxranking/1665/","ホームを崩す階段・運指負荷を強く見ている / 片手の瞬間密度を強く見ている / 8配置標本では実際のRANDOM当たり待ちを十分に拾えていない可能性"
"dica dica","ANOTHER","5.70703125","61.20107962213225","69.70310391363023","7.416267470344431","32.65856950067476","28.54251012145749","正規","0.0390625","922","https://ereter.net/iidxranking/5124/","8配置標本では実際のRANDOM当たり待ちを十分に拾えていない可能性"
"Digitized Ocean","ANOTHER","4.8388671875","25.910931174089068","24.966261808367072","8.102328785292944","46.69365721997301","-20.782726045883944","正規","0.05078125","413","https://ereter.net/iidxranking/6321/","認識難・ギミック・個人差など、現特徴量にない要因の可能性"
"Disco Killer Music Lover","ANOTHER","4.962890625","30.971659919028337","34.54790823211876","7.027477245763078","24.156545209176787","6.815114709851549","FLIP","0.02734375","780","https://ereter.net/iidxranking/6016/","8配置標本では実際のRANDOM当たり待ちを十分に拾えていない可能性"
"DIVINE JUDGEMENT","ANOTHER","4.71484375","21.120107962213226","16.869095816464238","7.914301402150529","42.6450742240216","-21.524966261808373","正規","0.109375","666","https://ereter.net/iidxranking/5791/","CN/HCNの拘束・継続ダメージをモデルが簡略化している"
"Do it!! Do it!!","ANOTHER","5.3349609375","46.0863697705803","57.3549257759784","7.533055661739864","34.54790823211876","11.53846153846154","FLIP + 左MIRROR","0.08984375","1227","https://ereter.net/iidxranking/1045/","縦連負荷・同レーンのタイミングずれの持越しを強く見ている可能性 / ホームを崩す階段・運指負荷を強く見ている / 皿・着地の身体コストをモデルが強く見ている"
"Do it!! Do it!!","LEGGENDARIA","6.8232421875","89.13630229419704","92.98245614035088","10.466435408221736","85.2901484480432","3.8461538461538396","正規","0.02734375","128","https://ereter.net/iidxranking/6145/","縦連負荷・同レーンのタイミングずれの持越しを強く見ている可能性 / 片手の瞬間密度を強く見ている / 8配置標本では実際のRANDOM当たり待ちを十分に拾えていない可能性"
"Dolphin Kick","ANOTHER","5.5830078125","56.00539811066126","57.3549257759784","9.507323046646361","69.36572199730094","-13.360323886639677","両RANDOM","0.0625","274","https://ereter.net/iidxranking/6324/","HARD件数が少なくereter推定自体の不確実性も大きい"
"DOMINION","ANOTHER","5.2109375","41.29554655870445","47.57085020242915","6.861688456324157","22.13225371120108","19.16329284750337","正規","0.046875","1685","https://ereter.net/iidxranking/1333/","8配置標本では実際のRANDOM当たり待ちを十分に拾えていない可能性"
"Don't believe the hype","ANOTHER","5.2109375","41.29554655870445","40.21592442645074","7.855698379666776","41.83535762483131","-0.5398110661268589","正規","0.0703125","890","https://ereter.net/iidxranking/4582/","実際の皿技術差をモデルが軽く見ている可能性 / CN/HCNの拘束・継続ダメージをモデルが簡略化している / 複雑な押し引きリズムの認識負荷をモデルが軽く見ている可能性"
"DORNWALD ～Junge～","ANOTHER","6.203125","76.58569500674763","81.5114709851552","8.423177628628778","53.441295546558706","23.14439946018892","左MIRROR","0.0234375","1113","https://ereter.net/iidxranking/2951/","8配置標本では実際のRANDOM当たり待ちを十分に拾えていない可能性"
"Double Dribble","ANOTHER","5.0869140625","36.032388663967616","29.217273954116056","6.297391743431876","16.194331983805668","19.838056680161948","右MIRROR","0.06640625","1419","https://ereter.net/iidxranking/4108/","片手の瞬間密度を強く見ている / 8配置標本では実際のRANDOM当たり待ちを十分に拾えていない可能性"
"Dr. Chemical & Killing Machine","ANOTHER","7.1953125","92.44264507422402","91.76788124156545","8.95144707598557","61.67341430499326","30.76923076923076","FLIP + 左MIRROR + 右MIRROR","0.05859375","949","https://ereter.net/iidxranking/3539/","片手の瞬間密度を強く見ている / 8配置標本では実際のRANDOM当たり待ちを十分に拾えていない可能性"
"Drastic Dramatic","ANOTHER","5.0869140625","36.032388663967616","34.54790823211876","5.797894647042182","10.6612685560054","25.371120107962216","正規","0.01953125","1746","https://ereter.net/iidxranking/3673/","8配置標本では実際のRANDOM当たり待ちを十分に拾えていない可能性"
"Drop Syndicate","ANOTHER","5.5830078125","56.00539811066126","52.091767881241566","9.000028188278073","62.75303643724697","-6.747638326585708","正規","0.0859375","576","https://ereter.net/iidxranking/5653/","CN/HCNの拘束・継続ダメージをモデルが簡略化している / 複雑な押し引きリズムの認識負荷をモデルが軽く見ている可能性 / 実際の皿技術差をモデルが軽く見ている可能性"
"DropZ-Line-","ANOTHER","6.0791015625","72.8744939271255","73.75168690958165","9.911938308838028","76.6531713900135","-3.778677462887998","両RANDOM","0.08984375","529","https://ereter.net/iidxranking/3442/","ソフラン認識・HS操作コストが未校正"
"DUAL STRIKER","ANOTHER","6.203125","76.58569500674763","73.75168690958165","9.030267858403134","63.022941970310384","13.562753036437243","両RANDOM","0.0703125","704","https://ereter.net/iidxranking/4544/","8配置標本では実際のRANDOM当たり待ちを十分に拾えていない可能性"
"DUE TOMORROW","ANOTHER","7.5673828125","95.47908232118758","98.9203778677463","10.804329276055675","88.52901484480432","6.9500674763832535","FLIP + 左MIRROR","0.0625","376","https://ereter.net/iidxranking/3390/","片手の瞬間密度を強く見ている / 縦連負荷・同レーンのタイミングずれの持越しを強く見ている可能性 / 8配置標本では実際のRANDOM当たり待ちを十分に拾えていない可能性"
"Dusk Endir","ANOTHER","5.70703125","61.20107962213225","65.45209176788124","8.53248605248382","54.385964912280706","6.815114709851542","両RANDOM","0.0546875","404","https://ereter.net/iidxranking/6307/","ホームを崩す階段・運指負荷を強く見ている / 片手の瞬間密度を強く見ている"
"DXY!","HYPER","4.21875","8.097165991902834","5.195681511470985","8.32783323250562","51.686909581646425","-43.58974358974359","FLIP","0.08203125","1044","https://ereter.net/iidxranking/108/","実際の皿技術差をモデルが軽く見ている可能性 / 局所的な殺しを平均化しすぎている可能性 / 旧作DP特有の配置・認識難を現特徴量で捉え切れていない可能性"
"DXY!","ANOTHER","5.2109375","41.29554655870445","40.21592442645074","11.787606462264378","94.73684210526315","-53.4412955465587","FLIP + 右MIRROR","0.078125","203","https://ereter.net/iidxranking/109/","実際の皿技術差をモデルが軽く見ている可能性 / 皿の早押し・遅押し最適化が実戦より有利な可能性 / HARD件数が少なくereter推定自体の不確実性も大きい"
"Dynamite","ANOTHER","5.458984375","50.67476383265856","44.12955465587044","9.432222727481232","68.42105263157895","-17.746288798920382","正規","0.11328125","883","https://ereter.net/iidxranking/2675/","複雑な押し引きリズムの認識負荷をモデルが軽く見ている可能性 / 実際の皿技術差をモデルが軽く見ている可能性"
"EBONY & IVORY","ANOTHER","6.203125","76.58569500674763","78.2051282051282","9.851768265792598","76.24831309041835","0.33738191632927794","左MIRROR + 右MIRROR","0.11328125","701","https://ereter.net/iidxranking/2389/","ホームを崩す階段・運指負荷を強く見ている / 8配置標本では実際のRANDOM当たり待ちを十分に拾えていない可能性"
"EBONY & IVORY","LEGGENDARIA","7.3193359375","93.45479082321188","92.98245614035088","11.465144837737002","92.84750337381917","0.6072874493927145","FLIP + 両RANDOM","0.046875","254","https://ereter.net/iidxranking/2390/","ホームを崩す階段・運指負荷を強く見ている / 片手の瞬間密度を強く見ている"
"ECHIDNA","ANOTHER","6.0791015625","72.8744939271255","73.75168690958165","10.276870233913066","82.72604588394063","-9.851551956815129","正規","0.09375","562","https://ereter.net/iidxranking/2954/","CN/HCNの拘束・継続ダメージをモデルが簡略化している"
"Eine Haube  ～聖地の果てにあるもの～","ANOTHER","4.3427734375","11.875843454790823","16.869095816464238","6.293033892340313","16.059379217273953","-4.18353576248313","FLIP + 両RANDOM","0.0859375","1593","https://ereter.net/iidxranking/3463/","局所的な殺しを平均化しすぎている可能性"
"Elektrick U-Phoria","ANOTHER","5.3349609375","46.0863697705803","47.57085020242915","6.396986970462146","17.27395411605938","28.81241565452092","FLIP","0.03125","1783","https://ereter.net/iidxranking/2140/","8配置標本では実際のRANDOM当たり待ちを十分に拾えていない可能性"
"Elektrick U-Phoria","LEGGENDARIA","7.3193359375","93.45479082321188","92.98245614035088","10.438176710566344","84.88529014844805","8.56950067476383","FLIP + 左MIRROR","0.0546875","338","https://ereter.net/iidxranking/5194/","片手の瞬間密度を強く見ている / 8配置標本では実際のRANDOM当たり待ちを十分に拾えていない可能性"
"Elemental Creation","ANOTHER","7.69140625","96.221322537112","94.73684210526315","11.30683345015311","91.90283400809717","4.318488529014829","左MIRROR","0.0390625","298","https://ereter.net/iidxranking/1875/","片手の瞬間密度を強く見ている / 縦連負荷・同レーンのタイミングずれの持越しを強く見ている可能性 / ホームを崩す階段・運指負荷を強く見ている"
"Ember Lights","LEGGENDARIA","4.8388671875","25.910931174089068","20.78272604588394","8.705662353878035","56.95006747638327","-31.0391363022942","正規","0.11328125","447","https://ereter.net/iidxranking/6146/","CN/HCNの拘束・継続ダメージをモデルが簡略化している"
"EMERALDAS","ANOTHER","6.5751953125","85.69500674763833","87.38191632928475","11.823380637949256","94.87179487179486","-9.17678812415653","FLIP + 右MIRROR","0.02734375","209","https://ereter.net/iidxranking/3496/","ソフラン認識・HS操作コストが未校正 / HARD件数が少なくereter推定自体の不確実性も大きい / 複雑な押し引きリズムの認識負荷をモデルが軽く見ている可能性"
"Empire of Fury","ANOTHER","4.962890625","30.971659919028337","34.54790823211876","8.315622101434238","51.55195681511471","-20.58029689608637","正規","0.02734375","924","https://ereter.net/iidxranking/4237/","認識難・ギミック・個人差など、現特徴量にない要因の可能性"
"encounter","ANOTHER","4.5908203125","17.813765182186234","24.966261808367072","5.637439133668754","9.041835357624832","8.771929824561402","右MIRROR","0.05078125","1796","https://ereter.net/iidxranking/3368/","8配置標本では実際のRANDOM当たり待ちを十分に拾えていない可能性"
"entelecheia","ANOTHER","6.69921875","87.51686909581646","88.59649122807018","8.864711097975903","60.45883940620783","27.05802968960863","正規","0.06640625","1041","https://ereter.net/iidxranking/2393/","8配置標本では実際のRANDOM当たり待ちを十分に拾えていない可能性"
"era (nostalmix)","HYPER","3.3505859375","0.8771929824561403","0.9446693657219973","6.914771432757567","22.941970310391362","-22.06477732793522","FLIP","0.06640625","1383","https://ereter.net/iidxranking/61/","ソフラン認識・HS操作コストが未校正 / 皿の早押し・遅押し最適化が実戦より有利な可能性 / 実際の皿技術差をモデルが軽く見ている可能性"
"era (nostalmix)","ANOTHER","4.3427734375","11.875843454790823","13.360323886639677","8.759302829105337","58.56950067476383","-46.693657219973005","FLIP + 左MIRROR + 右MIRROR","0.0546875","880","https://ereter.net/iidxranking/62/","ソフラン認識・HS操作コストが未校正 / 皿の早押し・遅押し最適化が実戦より有利な可能性 / 実際の皿技術差をモデルが軽く見ている可能性"
"era (step mix)","ANOTHER","4.3427734375","11.875843454790823","13.360323886639677","8.834502802990407","60.05398110661269","-48.178137651821864","FLIP + 左MIRROR","0.07421875","863","https://ereter.net/iidxranking/114/","ソフラン認識・HS操作コストが未校正 / 皿の早押し・遅押し最適化が実戦より有利な可能性 / 実際の皿技術差をモデルが軽く見ている可能性"
"eRAseRmOToRpHAntOM","ANOTHER","4.71484375","21.120107962213226","24.966261808367072","8.167116103841984","48.582995951417004","-27.46288798920378","FLIP","0.046875","1073","https://ereter.net/iidxranking/1345/","ソフラン認識・HS操作コストが未校正 / 長さと実プレイ疲労を過小評価している可能性 / 実際の皿技術差をモデルが軽く見ている可能性"
"EROICA","ANOTHER","9.923828125","100","100","12.978569292859536","98.78542510121457","1.214574898785429","正規","0.046875","71","https://ereter.net/iidxranking/4193/","片手の瞬間密度を強く見ている / 8配置標本では実際のRANDOM当たり待ちを十分に拾えていない可能性"
"EVANESCENT","ANOTHER","4.8388671875","25.910931174089068","29.217273954116056","7.195610140442783","27.800269905533064","-1.8893387314439956","正規","0.0546875","1231","https://ereter.net/iidxranking/3731/","ソフラン認識・HS操作コストが未校正 / CN/HCNの拘束・継続ダメージをモデルが簡略化している"
"Evans","ANOTHER","4.3427734375","11.875843454790823","7.557354925775979","5.066923225682846","5.668016194331984","6.207827260458839","正規","0.04296875","2255","https://ereter.net/iidxranking/1348/","8配置標本では実際のRANDOM当たり待ちを十分に拾えていない可能性"
"Everlasting Message","ANOTHER","6.0791015625","72.8744939271255","65.45209176788124","10.20173860669855","81.37651821862349","-8.502024291497989","正規","0.1015625","457","https://ereter.net/iidxranking/4134/","局所的な殺しを平均化しすぎている可能性 / 実際の皿技術差をモデルが軽く見ている可能性 / CN/HCNの拘束・継続ダメージをモデルが簡略化している"
"EX-MASSIVE FIGHTER","ANOTHER","5.0869140625","36.032388663967616","34.54790823211876","7.4797789310882745","33.46828609986505","2.564102564102569","FLIP + 左MIRROR + 右MIRROR","0.0625","678","https://ereter.net/iidxranking/5662/","8配置標本では実際のRANDOM当たり待ちを十分に拾えていない可能性"
"EXUSIA","ANOTHER","4.962890625","30.971659919028337","24.966261808367072","7.399266690291347","31.983805668016196","-1.0121457489878587","正規","0.046875","1545","https://ereter.net/iidxranking/1351/","認識難・ギミック・個人差など、現特徴量にない要因の可能性"
"EYE OF THE HEAVEN","ANOTHER","5.3349609375","46.0863697705803","44.12955465587044","7.413833035276242","32.523616734143054","13.562753036437243","FLIP + 両RANDOM","0.0546875","395","https://ereter.net/iidxranking/5907/","8配置標本では実際のRANDOM当たり待ちを十分に拾えていない可能性"
"F","ANOTHER","5.8310546875","65.31713900134952","57.3549257759784","7.481370297670928","33.87314439946019","31.44399460188933","左MIRROR","0.12109375","1529","https://ereter.net/iidxranking/1674/","片手の瞬間密度を強く見ている / ホームを崩す階段・運指負荷を強く見ている / 8配置標本では実際のRANDOM当たり待ちを十分に拾えていない可能性"
"FAKE TIME","HYPER","3.5986328125","1.7543859649122806","5.195681511470985","2.2526924806116218","0","1.7543859649122806","両RANDOM","0.046875","2425","https://ereter.net/iidxranking/610/","縦連負荷・同レーンのタイミングずれの持越しを強く見ている可能性"
"FAKE TIME","ANOTHER","4.466796875","15.317139001349528","24.966261808367072","6.841475336364169","21.3225371120108","-6.005398110661272","右MIRROR","0.05859375","1560","https://ereter.net/iidxranking/611/","局所的な殺しを平均化しすぎている可能性 / 旧作DP特有の配置・認識難を現特徴量で捉え切れていない可能性"
"fallen leaves  -IIDX edition-","ANOTHER","6.69921875","87.51686909581646","87.38191632928475","9.369023170845054","67.47638326585695","20.040485829959508","右MIRROR","0.0390625","890","https://ereter.net/iidxranking/2399/","8配置標本では実際のRANDOM当たり待ちを十分に拾えていない可能性"
"FANTASTIC THREE","ANOTHER","5.5830078125","56.00539811066126","47.57085020242915","9.544828046263174","70.04048582995951","-14.035087719298247","右MIRROR","0.09765625","814","https://ereter.net/iidxranking/2402/","実際の皿技術差をモデルが軽く見ている可能性 / 複雑な押し引きリズムの認識負荷をモデルが軽く見ている可能性"
"Fascination MAXX","ANOTHER","3.5986328125","1.7543859649122806","1.282051282051282","7.289310659525872","30.229419703103915","-28.475033738191634","右MIRROR","0.09375","1155","https://ereter.net/iidxranking/921/","ソフラン認識・HS操作コストが未校正 / 旧作DP特有の配置・認識難を現特徴量で捉え切れていない可能性"
"Feel The Beat","LEGGENDARIA","5.0869140625","36.032388663967616","29.217273954116056","7.362911335346599","31.309041835357625","4.723346828609991","正規","0.06640625","1391","https://ereter.net/iidxranking/2156/","ホームを崩す階段・運指負荷を強く見ている / 皿・着地の身体コストをモデルが強く見ている / 8配置標本では実際のRANDOM当たり待ちを十分に拾えていない可能性"
"Fegrix","ANOTHER","5.3349609375","46.0863697705803","52.091767881241566","7.2074759263996855","28.07017543859649","18.016194331983808","両RANDOM","0.05078125","1164","https://ereter.net/iidxranking/4591/","8配置標本では実際のRANDOM当たり待ちを十分に拾えていない可能性"
"fffff","ANOTHER","6.451171875","83.19838056680162","83.80566801619433","8.248588974185694","50.20242914979757","32.99595141700405","右MIRROR","0.046875","1227","https://ereter.net/iidxranking/1680/","片手の瞬間密度を強く見ている / 皿・着地の身体コストをモデルが強く見ている / ホームを崩す階段・運指負荷を強く見ている"
"Fire Beat","ANOTHER","4.3427734375","11.875843454790823","10.323886639676113","5.810998718853268","10.931174089068826","0.9446693657219978","FLIP + 両RANDOM","0.06640625","972","https://ereter.net/iidxranking/4852/","皿・着地の身体コストをモデルが強く見ている / 8配置標本では実際のRANDOM当たり待ちを十分に拾えていない可能性"
"fixer","ANOTHER","6.947265625","90.41835357624831","92.98245614035088","11.422379345191732","92.44264507422402","-2.0242914979757103","正規","0.0703125","99","https://ereter.net/iidxranking/6245/","ソフラン認識・HS操作コストが未校正 / HARD件数が少なくereter推定自体の不確実性も大きい / CN/HCNの拘束・継続ダメージをモデルが簡略化している"
"Fl&auml;mingo","ANOTHER","4.962890625","30.971659919028337","29.217273954116056","8.7573376948619","58.43454790823211","-27.462887989203775","正規","0.05078125","404","https://ereter.net/iidxranking/5910/","実際の皿技術差をモデルが軽く見ている可能性 / 複雑な押し引きリズムの認識負荷をモデルが軽く見ている可能性 / CN/HCNの拘束・継続ダメージをモデルが簡略化している"
"Flashes","ANOTHER","7.3193359375","93.45479082321188","90.7557354925776","9.953760471646246","77.46288798920378","15.991902834008101","右MIRROR","0.046875","696","https://ereter.net/iidxranking/2405/","片手の瞬間密度を強く見ている / 8配置標本では実際のRANDOM当たり待ちを十分に拾えていない可能性"
"Flashes","LEGGENDARIA","6.451171875","83.19838056680162","78.2051282051282","10.539773059866844","85.82995951417004","-2.631578947368425","正規","0.10546875","233","https://ereter.net/iidxranking/6150/","実際の皿技術差をモデルが軽く見ている可能性 / HARD件数が少なくereter推定自体の不確実性も大きい / 複雑な押し引きリズムの認識負荷をモデルが軽く見ている可能性"
"FLOWER","ANOTHER","4.466796875","15.317139001349528","16.869095816464238","6.062798970397903","13.090418353576247","2.2267206477732806","右MIRROR","0.078125","2010","https://ereter.net/iidxranking/1881/","8配置標本では実際のRANDOM当たり待ちを十分に拾えていない可能性"
"FlyAway","ANOTHER","4.962890625","30.971659919028337","34.54790823211876","7.771826050369052","39.54116059379217","-8.569500674763834","左MIRROR","0.02734375","647","https://ereter.net/iidxranking/5794/","実際の皿技術差をモデルが軽く見ている可能性 / 複雑な押し引きリズムの認識負荷をモデルが軽く見ている可能性"
"Flying Castle","ANOTHER","5.8310546875","65.31713900134952","65.45209176788124","8.44410655484429","53.84615384615385","11.47098515519567","両RANDOM","0.0703125","832","https://ereter.net/iidxranking/4813/","8配置標本では実際のRANDOM当たり待ちを十分に拾えていない可能性"
"four pieces of heaven","ANOTHER","5.0869140625","36.032388663967616","40.21592442645074","9.550184608962761","70.58029689608637","-34.54790823211875","左MIRROR","0.03125","841","https://ereter.net/iidxranking/1054/","ソフラン認識・HS操作コストが未校正 / 実際の皿技術差をモデルが軽く見ている可能性 / 旧作DP特有の配置・認識難を現特徴量で捉え切れていない可能性"
"four pieces of heaven","LEGGENDARIA","7.443359375","94.46693657219973","92.98245614035088","12.149346105806195","96.221322537112","-1.7543859649122737","両RANDOM","0.05078125","110","https://ereter.net/iidxranking/5197/","ソフラン認識・HS操作コストが未校正 / HARD件数が少なくereter推定自体の不確実性も大きい / 旧作DP特有の配置・認識難を現特徴量で捉え切れていない可能性"
"frequent","ANOTHER","4.8388671875","25.910931174089068","29.217273954116056","7.5209773786829315","34.41295546558704","-8.502024291497971","FLIP + 両RANDOM","0.05859375","902","https://ereter.net/iidxranking/5284/","実際の皿技術差をモデルが軽く見ている可能性"
"Friction[!]Function","ANOTHER","5.0869140625","36.032388663967616","34.54790823211876","6.673075524438039","19.70310391363023","16.329284750337386","左MIRROR","0.09765625","1338","https://ereter.net/iidxranking/4140/","ホームを崩す階段・運指負荷を強く見ている / 皿・着地の身体コストをモデルが強く見ている / 8配置標本では実際のRANDOM当たり待ちを十分に拾えていない可能性"
"From Human Blood","ANOTHER","5.2109375","41.29554655870445","40.21592442645074","7.835272433390776","41.43049932523617","-0.13495276653171828","両RANDOM","0.0625","658","https://ereter.net/iidxranking/6022/","認識難・ギミック・個人差など、現特徴量にない要因の可能性"
"FUZIN RIZIN","ANOTHER","4.71484375","21.120107962213226","24.966261808367072","6.025158187895797","12.955465587044534","8.164642375168691","右MIRROR","0.02734375","1716","https://ereter.net/iidxranking/2963/","縦連負荷・同レーンのタイミングずれの持越しを強く見ている可能性 / 8配置標本では実際のRANDOM当たり待ちを十分に拾えていない可能性"
"G2","ANOTHER","4.466796875","15.317139001349528","13.360323886639677","7.695131558322632","37.92172739541161","-22.60458839406208","正規","0.0625","1280","https://ereter.net/iidxranking/224/","皿の早押し・遅押し最適化が実戦より有利な可能性 / 旧作DP特有の配置・認識難を現特徴量で捉え切れていない可能性"
"G59","ANOTHER","5.2109375","41.29554655870445","29.217273954116056","8.95432500863474","61.80836707152496","-20.51282051282051","左MIRROR","0.0859375","1014","https://ereter.net/iidxranking/1354/","認識難・ギミック・個人差など、現特徴量にない要因の可能性"
"GAIA","ANOTHER","6.5751953125","85.69500674763833","87.38191632928475","8.798561228300779","59.10931174089069","26.585695006747642","FLIP","0.078125","1050","https://ereter.net/iidxranking/1887/","片手の瞬間密度を強く見ている / 8配置標本では実際のRANDOM当たり待ちを十分に拾えていない可能性"
"GALGALIM","ANOTHER","3.2265625","0.5398110661268556","0","6.094581542082784","13.765182186234817","-13.225371120107962","左MIRROR","0.10546875","1742","https://ereter.net/iidxranking/1357/","実際の皿技術差をモデルが軽く見ている可能性"
"GAME ON","ANOTHER","4.962890625","30.971659919028337","24.966261808367072","7.389417201618199","31.57894736842105","-0.6072874493927145","左MIRROR","0.05859375","849","https://ereter.net/iidxranking/5287/","実際の皿技術差をモデルが軽く見ている可能性 / 複雑な押し引きリズムの認識負荷をモデルが軽く見ている可能性 / CN/HCNの拘束・継続ダメージをモデルが簡略化している"
"Ganymede","ANOTHER","4.71484375","21.120107962213226","24.966261808367072","5.95538989157065","12.415654520917679","8.704453441295547","両RANDOM","0.078125","1942","https://ereter.net/iidxranking/823/","ホームを崩す階段・運指負荷を強く見ている / 片手の瞬間密度を強く見ている"
"Ganymede","LEGGENDARIA","4.962890625","30.971659919028337","34.54790823211876","7.596386430990314","36.032388663967616","-5.060728744939279","左MIRROR + 右MIRROR","0.03125","887","https://ereter.net/iidxranking/4460/","ソフラン認識・HS操作コストが未校正 / 旧作DP特有の配置・認識難を現特徴量で捉え切れていない可能性"
"garden","ANOTHER","4.71484375","21.120107962213226","34.54790823211876","7.4571896676221066","33.198380566801625","-12.078272604588399","FLIP + 両RANDOM","0.0703125","1360","https://ereter.net/iidxranking/696/","実際の皿技術差をモデルが軽く見ている可能性 / 局所的な殺しを平均化しすぎている可能性 / 旧作DP特有の配置・認識難を現特徴量で捉え切れていない可能性"
"garden","LEGGENDARIA","5.5830078125","56.00539811066126","61.53846153846154","9.54822811707696","70.44534412955466","-14.439946018893394","FLIP","0.05078125","358","https://ereter.net/iidxranking/5986/","局所的な殺しを平均化しすぎている可能性 / 旧作DP特有の配置・認識難を現特徴量で捉え切れていない可能性"
"GENE","ANOTHER","5.3349609375","46.0863697705803","47.57085020242915","6.908656787417135","22.53711201079622","23.549257759784076","FLIP + 両RANDOM","0.109375","1398","https://ereter.net/iidxranking/3820/","認識難・ギミック・個人差など、現特徴量にない要因の可能性"
"GENE","LEGGENDARIA","5.70703125","61.20107962213225","61.53846153846154","9.164580169587653","64.64237516869096","-3.441295546558713","正規","0.05859375","273","https://ereter.net/iidxranking/6151/","複雑な押し引きリズムの認識負荷をモデルが軽く見ている可能性 / HARD件数が少なくereter推定自体の不確実性も大きい"
"GENOCIDE","HYPER","4.962890625","30.971659919028337","24.966261808367072","9.465548601072499","68.82591093117408","-37.85425101214574","左MIRROR","0.0859375","814","https://ereter.net/iidxranking/615/","実際の皿技術差をモデルが軽く見ている可能性 / 旧作DP特有の配置・認識難を現特徴量で捉え切れていない可能性"
"GENOCIDE","ANOTHER","5.458984375","50.67476383265856","52.091767881241566","10.88413735527088","89.20377867746289","-38.52901484480433","両RANDOM","0.08203125","393","https://ereter.net/iidxranking/616/","皿の早押し・遅押し最適化が実戦より有利な可能性 / 実際の皿技術差をモデルが軽く見ている可能性 / 旧作DP特有の配置・認識難を現特徴量で捉え切れていない可能性"
"Ghost Pulse","ANOTHER","5.955078125","69.02834008097166","65.45209176788124","7.0600175329966826","24.966261808367072","44.06207827260459","正規","0.03515625","1025","https://ereter.net/iidxranking/5293/","8配置標本では実際のRANDOM当たり待ちを十分に拾えていない可能性"
"GHOST REVIVAL","ANOTHER","5.2109375","41.29554655870445","73.75168690958165","6.800083813155881","20.917678812415655","20.377867746288796","正規","0.046875","1657","https://ereter.net/iidxranking/524/","ホームを崩す階段・運指負荷を強く見ている / 片手の瞬間密度を強く見ている / 皿・着地の身体コストをモデルが強く見ている"
"GIGA THRASH","ANOTHER","5.0869140625","36.032388663967616","44.12955465587044","6.776307819506243","20.3778677462888","15.654520917678816","FLIP + 両RANDOM","0.05078125","1455","https://ereter.net/iidxranking/3653/","8配置標本では実際のRANDOM当たり待ちを十分に拾えていない可能性"
"gigadelic","HYPER","4.0947265625","5.195681511470985","13.360323886639677","5.831667001845542","11.201079622132253","-6.005398110661268","右MIRROR","0.0546875","1804","https://ereter.net/iidxranking/618/","局所的な殺しを平均化しすぎている可能性 / 旧作DP特有の配置・認識難を現特徴量で捉え切れていない可能性"
"gigadelic","ANOTHER","4.3427734375","11.875843454790823","16.869095816464238","5.568977179291795","8.367071524966262","3.5087719298245617","正規","0.04296875","1949","https://ereter.net/iidxranking/619/","8配置標本では実際のRANDOM当たり待ちを十分に拾えていない可能性"
"GiGaGaHell","ANOTHER","4.962890625","30.971659919028337","34.54790823211876","7.596153630443307","35.8974358974359","-4.925775978407561","正規","0.08203125","889","https://ereter.net/iidxranking/4597/","実際の皿技術差をモデルが軽く見ている可能性"
"GIGANT","LEGGENDARIA","5.0869140625","36.032388663967616","34.54790823211876","6.537732528905769","18.218623481781375","17.81376518218624","左MIRROR","0.0546875","970","https://ereter.net/iidxranking/4868/","片手の瞬間密度を強く見ている / 8配置標本では実際のRANDOM当たり待ちを十分に拾えていない可能性"
"Gimme a Big Beat (青龍 Remix)","ANOTHER","4.0947265625","5.195681511470985","5.195681511470985","7.0075810705818595","23.88663967611336","-18.690958164642375","正規","0.03125","389","https://ereter.net/iidxranking/6342/","認識難・ギミック・個人差など、現特徴量にない要因の可能性"
"glacia","ANOTHER","4.3427734375","11.875843454790823","16.869095816464238","7.251134359645141","29.01484480431849","-17.139001349527668","FLIP + 両RANDOM","0.03515625","926","https://ereter.net/iidxranking/5145/","CN/HCNの拘束・継続ダメージをモデルが簡略化している / 実際の皿技術差をモデルが軽く見ている可能性"
"Glitch N Ride","ANOTHER","4.962890625","30.971659919028337","40.21592442645074","9.220618709698204","65.45209176788124","-34.4804318488529","FLIP","0.015625","416","https://ereter.net/iidxranking/5464/","ソフラン認識・HS操作コストが未校正 / CN/HCNの拘束・継続ダメージをモデルが簡略化している"
"Go Ahead!!","ANOTHER","7.939453125","97.77327935222672","98.71794871794873","11.888764870201195","95.1417004048583","2.631578947368425","FLIP + 左MIRROR + 右MIRROR","0.03515625","197","https://ereter.net/iidxranking/2966/","皿・着地の身体コストをモデルが強く見ている / ホームを崩す階段・運指負荷を強く見ている / 8配置標本では実際のRANDOM当たり待ちを十分に拾えていない可能性"
"Go Beyond!!","ANOTHER","8.3115234375","99.19028340080972","99.32523616734143","11.414003731391198","92.1727395411606","7.017543859649123","FLIP","0.046875","282","https://ereter.net/iidxranking/1195/","片手の瞬間密度を強く見ている / 8配置標本では実際のRANDOM当たり待ちを十分に拾えていない可能性"
"GO OVER WITH GLARE  -ROOTAGE 26-","ANOTHER","5.458984375","50.67476383265856","47.57085020242915","7.838330073624183","41.56545209176788","9.109311740890682","正規","0.0390625","1036","https://ereter.net/iidxranking/3842/","片手の瞬間密度を強く見ている / 8配置標本では実際のRANDOM当たり待ちを十分に拾えていない可能性"
"GOBBLE","HYPER","4.962890625","30.971659919028337","34.54790823211876","11.599505326262488","93.38731443994602","-62.415654520917684","左MIRROR","0.0703125","241","https://ereter.net/iidxranking/2695/","皿の早押し・遅押し最適化が実戦より有利な可能性 / 実際の皿技術差をモデルが軽く見ている可能性 / HARD件数が少なくereter推定自体の不確実性も大きい"
"God Mind","ANOTHER","6.0791015625","72.8744939271255","73.75168690958165","9.475546135898258","69.09581646423752","3.778677462887984","正規","0.09375","420","https://ereter.net/iidxranking/5916/","8配置標本では実際のRANDOM当たり待ちを十分に拾えていない可能性"
"Godspeed","ANOTHER","6.0791015625","72.8744939271255","69.70310391363023","8.883237673924528","60.86369770580296","12.010796221322536","正規","0.0859375","1034","https://ereter.net/iidxranking/2699/","縦連負荷・同レーンのタイミングずれの持越しを強く見ている可能性 / 8配置標本では実際のRANDOM当たり待ちを十分に拾えていない可能性"
"GOLDEN CROSS","ANOTHER","4.8388671875","25.910931174089068","34.54790823211876","6.440798669504732","17.408906882591094","8.502024291497975","左MIRROR","0.1015625","1883","https://ereter.net/iidxranking/1360/","皿・着地の身体コストをモデルが強く見ている / 8配置標本では実際のRANDOM当たり待ちを十分に拾えていない可能性"
"Grand Chariot","ANOTHER","6.451171875","83.19838056680162","83.80566801619433","10.247192607964685","82.45614035087719","0.7422402159244257","正規","0.0625","568","https://ereter.net/iidxranking/2702/","ホームを崩す階段・運指負荷を強く見ている / 8配置標本では実際のRANDOM当たり待ちを十分に拾えていない可能性"
"Gravigazer","ANOTHER","4.5908203125","17.813765182186234","13.360323886639677","5.781365394078219","10.39136302294197","7.422402159244264","正規","0.0859375","1905","https://ereter.net/iidxranking/2408/","8配置標本では実際のRANDOM当たり待ちを十分に拾えていない可能性"
"GRAVITON","ANOTHER","5.8310546875","65.31713900134952","69.70310391363023","8.95938469562941","61.943319838056674","3.3738191632928434","両RANDOM","0.03125","665","https://ereter.net/iidxranking/4855/","認識難・ギミック・個人差など、現特徴量にない要因の可能性"
"GRID KNIGHT","LEGGENDARIA","5.3349609375","46.0863697705803","44.12955465587044","8.96928272195323","62.2132253711201","-16.126855600539805","正規","0.0703125","766","https://ereter.net/iidxranking/3713/","旧作DP特有の配置・認識難を現特徴量で捉え切れていない可能性"
"GUILTY","LEGGENDARIA","4.466796875","15.317139001349528","16.869095816464238","8.016099321919047","44.39946018893387","-29.082321187584345","左MIRROR + 右MIRROR","0.04296875","662","https://ereter.net/iidxranking/5614/","認識難・ギミック・個人差など、現特徴量にない要因の可能性"
"GuNGNiR","ANOTHER","6.8232421875","89.13630229419704","89.67611336032388","10.548969093455119","86.09986504723346","3.0364372469635725","FLIP + 両RANDOM","0.01953125","476","https://ereter.net/iidxranking/2969/","片手の瞬間密度を強く見ている / ホームを崩す階段・運指負荷を強く見ている"
"GuNGNiR","LEGGENDARIA","8.1875","98.98785425101214","97.70580296896087","12.936495625982442","98.51551956815115","0.4723346828609891","両RANDOM","0.08984375","75","https://ereter.net/iidxranking/4213/","片手の瞬間密度を強く見ている / ホームを崩す階段・運指負荷を強く見ている"
"HADES","ANOTHER","4.466796875","15.317139001349528","16.869095816464238","4.100092176719635","2.2941970310391366","13.022941970310391","正規","0.0546875","2328","https://ereter.net/iidxranking/2972/","8配置標本では実際のRANDOM当たり待ちを十分に拾えていない可能性"
"HAERETICUS","ANOTHER","5.955078125","69.02834008097166","65.45209176788124","8.646838022202017","55.60053981106613","13.427800269905532","正規","0.0625","1117","https://ereter.net/iidxranking/1689/","片手の瞬間密度を強く見ている / 皿・着地の身体コストをモデルが強く見ている / 8配置標本では実際のRANDOM当たり待ちを十分に拾えていない可能性"
"HARD BRAIN","ANOTHER","5.0869140625","36.032388663967616","29.217273954116056","6.826505513978435","21.052631578947366","14.97975708502025","正規","0.06640625","1478","https://ereter.net/iidxranking/3773/","8配置標本では実際のRANDOM当たり待ちを十分に拾えていない可能性"
"hard-wired","ANOTHER","6.8232421875","89.13630229419704","87.38191632928475","10.62621054165081","87.04453441295547","2.091767881241566","正規","0.08203125","324","https://ereter.net/iidxranking/4887/","片手の瞬間密度を強く見ている / 縦連負荷・同レーンのタイミングずれの持越しを強く見ている可能性 / 8配置標本では実際のRANDOM当たり待ちを十分に拾えていない可能性"
"Hat Surprise (Season 2)","ANOTHER","4.8388671875","25.910931174089068","20.78272604588394","6.96315603636245","23.616734143049932","2.294197031039136","右MIRROR","0.0703125","946","https://ereter.net/iidxranking/5060/","8配置標本では実際のRANDOM当たり待ちを十分に拾えていない可能性"
"Here We Go Now","ANOTHER","4.21875","8.097165991902834","10.323886639676113","4.3720085065679966","3.3738191632928474","4.723346828609987","正規","0.03515625","1228","https://ereter.net/iidxranking/5674/","8配置標本では実際のRANDOM当たり待ちを十分に拾えていない可能性"
"HEROES","ANOTHER","5.8310546875","65.31713900134952","65.45209176788124","9.004576569542477","62.88798920377868","2.4291497975708367","正規","0.06640625","380","https://ereter.net/iidxranking/6160/","8配置標本では実際のRANDOM当たり待ちを十分に拾えていない可能性"
"Highcharge Divolt","ANOTHER","3.970703125","3.576248313090418","5.195681511470985","5.502672719571999","7.6923076923076925","-4.116059379217274","正規","0.03515625","1930","https://ereter.net/iidxranking/2705/","CN/HCNの拘束・継続ダメージをモデルが簡略化している"
"Holic","ANOTHER","5.458984375","50.67476383265856","57.3549257759784","10.17697570129217","81.24156545209176","-30.5668016194332","FLIP + 左MIRROR + 右MIRROR","0.0703125","571","https://ereter.net/iidxranking/65/","皿の早押し・遅押し最適化が実戦より有利な可能性 / 実際の皿技術差をモデルが軽く見ている可能性 / 旧作DP特有の配置・認識難を現特徴量で捉え切れていない可能性"
"Hollywood Galaxy","ANOTHER","5.458984375","50.67476383265856","57.3549257759784","7.585319533482597","35.76248313090418","14.912280701754383","両RANDOM","0.0625","1441","https://ereter.net/iidxranking/1893/","認識難・ギミック・個人差など、現特徴量にない要因の可能性"
"hora de verdad","ANOTHER","5.70703125","61.20107962213225","57.3549257759784","9.333888146865391","66.9365721997301","-5.735492577597846","正規","0.078125","422","https://ereter.net/iidxranking/5833/","ソフラン認識・HS操作コストが未校正"
"HYENA","LEGGENDARIA","5.8310546875","65.31713900134952","61.53846153846154","9.92558117391028","76.92307692307693","-11.605937921727417","正規","0.05078125","298","https://ereter.net/iidxranking/5888/","CN/HCNの拘束・継続ダメージをモデルが簡略化している / 実際の皿技術差をモデルが軽く見ている可能性 / HARD件数が少なくereter推定自体の不確実性も大きい"
"HYPE THE CORE","ANOTHER","5.955078125","69.02834008097166","73.75168690958165","11.067229000240307","90.2834008097166","-21.255060728744937","左MIRROR + 右MIRROR","0.0390625","326","https://ereter.net/iidxranking/3408/","HARD件数が少なくereter推定自体の不確実性も大きい"
"HyperTwist","ANOTHER","5.8310546875","65.31713900134952","61.53846153846154","9.967312354494023","77.7327935222672","-12.415654520917684","両RANDOM","0.13671875","246","https://ereter.net/iidxranking/6169/","HARD件数が少なくereter推定自体の不確実性も大きい"
"I","ANOTHER","5.955078125","69.02834008097166","69.70310391363023","8.142087400494974","47.638326585695005","21.390013495276655","正規","0.08203125","845","https://ereter.net/iidxranking/5016/","片手の瞬間密度を強く見ている / 8配置標本では実際のRANDOM当たり待ちを十分に拾えていない可能性"
"I will be back -オレは帰ってきた-","ANOTHER","4.962890625","30.971659919028337","24.966261808367072","7.30477594280682","30.49932523616734","0.4723346828609962","正規","0.0625","1422","https://ereter.net/iidxranking/2168/","片手の瞬間密度を強く見ている / 8配置標本では実際のRANDOM当たり待ちを十分に拾えていない可能性"
"ICARUS","ANOTHER","5.3349609375","46.0863697705803","57.3549257759784","8.40564179220861","53.036437246963565","-6.950067476383268","両RANDOM","0.05078125","1021","https://ereter.net/iidxranking/1060/","ソフラン認識・HS操作コストが未校正 / 局所的な殺しを平均化しすぎている可能性 / 長さと実プレイ疲労を過小評価している可能性"
"ICARUS","LEGGENDARIA","7.939453125","97.77327935222672","99.12280701754386","13.585535993861264","99.86504723346829","-2.091767881241566","FLIP","0.05078125","32","https://ereter.net/iidxranking/1061/","ソフラン認識・HS操作コストが未校正 / HARD件数が少なくereter推定自体の不確実性も大きい / 局所的な殺しを平均化しすぎている可能性"
"Idola","ANOTHER","5.458984375","50.67476383265856","57.3549257759784","8.882940447581586","60.72874493927125","-10.053981106612689","左MIRROR + 右MIRROR","0.04296875","1038","https://ereter.net/iidxranking/2171/","長さと実プレイ疲労を過小評価している可能性"
"Ignis†Ir&aelig;","ANOTHER","5.5830078125","56.00539811066126","61.53846153846154","9.8113809894808","74.7638326585695","-18.758434547908237","両RANDOM","0.078125","533","https://ereter.net/iidxranking/4506/","ソフラン認識・HS操作コストが未校正 / 実際の皿技術差をモデルが軽く見ている可能性 / CN/HCNの拘束・継続ダメージをモデルが簡略化している"
"Illegal Function Call","LEGGENDARIA","7.8154296875","96.82860998650472","97.16599190283401","13.265316699428237","99.05533063427801","-2.2267206477732913","FLIP","0.03125","48","https://ereter.net/iidxranking/4875/","HARD件数が少なくereter推定自体の不確実性も大きい / 局所的な殺しを平均化しすぎている可能性"
"Illusionary Waterlily","ANOTHER","5.955078125","69.02834008097166","65.45209176788124","8.066822545685822","46.15384615384615","22.874493927125506","正規","0.05859375","1148","https://ereter.net/iidxranking/3487/","8配置標本では実際のRANDOM当たり待ちを十分に拾えていない可能性"
"IMPLANTATION","LEGGENDARIA","5.5830078125","56.00539811066126","47.57085020242915","9.704595273881079","73.14439946018894","-17.139001349527675","FLIP + 左MIRROR","0.08203125","346","https://ereter.net/iidxranking/5890/","認識難・ギミック・個人差など、現特徴量にない要因の可能性"
"INAZUMA","ANOTHER","5.2109375","41.29554655870445","40.21592442645074","8.668340228450608","55.87044534412956","-14.574898785425106","左MIRROR","0.0703125","1105","https://ereter.net/iidxranking/709/","旧作DP特有の配置・認識難を現特徴量で捉え切れていない可能性"
"INAZUMA","LEGGENDARIA","5.955078125","69.02834008097166","69.70310391363023","10.270599600761331","82.5910931174089","-13.562753036437243","正規","0.0703125","253","https://ereter.net/iidxranking/5984/","HARD件数が少なくereter推定自体の不確実性も大きい / 旧作DP特有の配置・認識難を現特徴量で捉え切れていない可能性"
"Inferno of Fomalhaut","ANOTHER","6.203125","76.58569500674763","78.2051282051282","9.932454277587876","77.05802968960865","-0.47233468286101754","FLIP + 両RANDOM","0.12109375","557","https://ereter.net/iidxranking/4040/","実際の皿技術差をモデルが軽く見ている可能性 / CN/HCNの拘束・継続ダメージをモデルが簡略化している"
"Infinite cave","ANOTHER","4.3427734375","11.875843454790823","10.323886639676113","5.048229520002826","5.53306342780027","6.342780026990553","正規","0.04296875","2227","https://ereter.net/iidxranking/1698/","8配置標本では実際のRANDOM当たり待ちを十分に拾えていない可能性"
"INHERITANCE","LEGGENDARIA","6.3271484375","80.02699055330635","78.2051282051282","9.366547314293024","67.34143049932524","12.685560053981106","正規","0.0390625","338","https://ereter.net/iidxranking/6170/","片手の瞬間密度を強く見ている / 8配置標本では実際のRANDOM当たり待ちを十分に拾えていない可能性"
"Initiation","ANOTHER","6.3271484375","80.02699055330635","78.2051282051282","10.281547596412508","82.86099865047234","-2.8340080971659916","FLIP + 左MIRROR","0.08984375","523","https://ereter.net/iidxranking/3472/","CN/HCNの拘束・継続ダメージをモデルが簡略化している"
"innocent revolver","ANOTHER","5.2109375","41.29554655870445","40.21592442645074","7.7194793465167715","38.19163292847503","3.103913630229421","左MIRROR","0.03515625","986","https://ereter.net/iidxranking/4435/","ホームを崩す階段・運指負荷を強く見ている / 8配置標本では実際のRANDOM当たり待ちを十分に拾えていない可能性"
"Innocent Walls","ANOTHER","4.8388671875","25.910931174089068","34.54790823211876","7.787424639954942","40.48582995951417","-14.574898785425102","FLIP + 右MIRROR","0.02734375","1245","https://ereter.net/iidxranking/533/","複雑な押し引きリズムの認識負荷をモデルが軽く見ている可能性 / 旧作DP特有の配置・認識難を現特徴量で捉え切れていない可能性"
"INORI","ANOTHER","4.3427734375","11.875843454790823","10.323886639676113","7.030357159939793","24.426450742240217","-12.550607287449393","FLIP + 左MIRROR","0.0234375","1567","https://ereter.net/iidxranking/941/","長さと実プレイ疲労を過小評価している可能性 / 局所的な殺しを平均化しすぎている可能性 / 旧作DP特有の配置・認識難を現特徴量で捉え切れていない可能性"
"INSOMNIA","ANOTHER","6.947265625","90.41835357624831","94.12955465587044","10.1757514146231","81.10661268556005","9.311740890688256","FLIP + 両RANDOM","0.0546875","572","https://ereter.net/iidxranking/2180/","ホームを崩す階段・運指負荷を強く見ている / 片手の瞬間密度を強く見ている / 縦連負荷・同レーンのタイミングずれの持越しを強く見ている可能性"
"Invitation from Mr.C","ANOTHER","5.2109375","41.29554655870445","52.091767881241566","5.7879016083786246","10.526315789473683","30.769230769230766","FLIP + 左MIRROR","0.0546875","1676","https://ereter.net/iidxranking/3439/","片手の瞬間密度を強く見ている / 皿・着地の身体コストをモデルが強く見ている / 8配置標本では実際のRANDOM当たり待ちを十分に拾えていない可能性"
"invoker","ANOTHER","4.466796875","15.317139001349528","13.360323886639677","7.378419494613863","31.44399460188934","-16.126855600539812","左MIRROR","0.0703125","1455","https://ereter.net/iidxranking/2186/","実際の皿技術差をモデルが軽く見ている可能性 / 長さと実プレイ疲労を過小評価している可能性"
"invoker","LEGGENDARIA","4.962890625","30.971659919028337","34.54790823211876","9.254976151495628","65.85695006747639","-34.88529014844805","左MIRROR","0.04296875","838","https://ereter.net/iidxranking/2187/","実際の皿技術差をモデルが軽く見ている可能性 / 長さと実プレイ疲労を過小評価している可能性"
"Iridescent Memories","ANOTHER","5.955078125","69.02834008097166","61.53846153846154","10.147634612899983","80.5668016194332","-11.538461538461547","FLIP + 両RANDOM","0.015625","192","https://ereter.net/iidxranking/6348/","HARD件数が少なくereter推定自体の不確実性も大きい / CN/HCNの拘束・継続ダメージをモデルが簡略化している"
"JOMANDA","ANOTHER","4.8388671875","25.910931174089068","29.217273954116056","10.11267077912053","79.75708502024291","-53.84615384615384","FLIP","0.078125","557","https://ereter.net/iidxranking/1911/","ソフラン認識・HS操作コストが未校正 / 実際の皿技術差をモデルが軽く見ている可能性"
"JUSTICE/GUILTY  feat. Nana Takahashi & 709sec.","ANOTHER","4.466796875","15.317139001349528","10.323886639676113","6.480386645931646","17.67881241565452","-2.361673414304992","正規","0.078125","1085","https://ereter.net/iidxranking/5305/","長さと実プレイ疲労を過小評価している可能性 / 複雑な押し引きリズムの認識負荷をモデルが軽く見ている可能性"
"Kailua","ANOTHER","3.1025390625","0.20242914979757085","0.9446693657219973","3.8709283258909783","1.6194331983805668","-1.417004048582996","FLIP","0.046875","2327","https://ereter.net/iidxranking/1515/","CN/HCNの拘束・継続ダメージをモデルが簡略化している / 複雑な押し引きリズムの認識負荷をモデルが軽く見ている可能性"
"KAISER PHOENIX","LEGGENDARIA","7.939453125","97.77327935222672","96.49122807017544","12.86471837824951","98.11066126855602","-0.33738191632929215","両RANDOM","0.078125","84","https://ereter.net/iidxranking/3657/","HARD件数が少なくereter推定自体の不確実性も大きい"
"KAMAITACHI","ANOTHER","4.962890625","30.971659919028337","29.217273954116056","6.274135337589305","15.519568151147098","15.452091767881239","正規","0.078125","1906","https://ereter.net/iidxranking/944/","8配置標本では実際のRANDOM当たり待ちを十分に拾えていない可能性"
"KAMAITACHI","LEGGENDARIA","7.1953125","92.44264507422402","94.12955465587044","11.50899577486964","93.11740890688259","-0.6747638326585701","正規","0.015625","263","https://ereter.net/iidxranking/945/","HARD件数が少なくereter推定自体の不確実性も大きい / 旧作DP特有の配置・認識難を現特徴量で捉え切れていない可能性"
"Karma","ANOTHER","5.0869140625","36.032388663967616","47.57085020242915","8.242216439697508","50.067476383265856","-14.03508771929824","正規","0.03125","1203","https://ereter.net/iidxranking/418/","旧作DP特有の配置・認識難を現特徴量で捉え切れていない可能性"
"KILL EACH OTHER","ANOTHER","4.71484375","21.120107962213226","16.869095816464238","7.827025860744599","41.29554655870445","-20.175438596491226","正規","0.05859375","1196","https://ereter.net/iidxranking/3667/","長さと実プレイ疲労を過小評価している可能性"
"KING","LEGGENDARIA","4.962890625","30.971659919028337","29.217273954116056","6.4477941204402995","17.543859649122805","13.427800269905532","正規","0.078125","1053","https://ereter.net/iidxranking/5511/","8配置標本では実際のRANDOM当たり待ちを十分に拾えていない可能性"
"King of Tribe","ANOTHER","4.3427734375","11.875843454790823","7.557354925775979","7.40780233254596","32.25371120107962","-20.377867746288793","正規","0.0546875","369","https://ereter.net/iidxranking/6177/","認識難・ギミック・個人差など、現特徴量にない要因の可能性"
"kors k's How to make OTOGE CORE 「LONG」","ANOTHER","4.71484375","21.120107962213226","20.78272604588394","8.144065786861448","47.77327935222672","-26.653171390013497","FLIP","0.046875","744","https://ereter.net/iidxranking/5130/","長さと実プレイ疲労を過小評価している可能性 / 実際の皿技術差をモデルが軽く見ている可能性 / CN/HCNの拘束・継続ダメージをモデルが簡略化している"
"Kung-fu Empire","LEGGENDARIA","4.3427734375","11.875843454790823","7.557354925775979","7.26347648870571","29.41970310391363","-17.54385964912281","FLIP + 両RANDOM","0.046875","1315","https://ereter.net/iidxranking/3425/","長さと実プレイ疲労を過小評価している可能性"
"KYAMISAMA ONEGAI!","LEGGENDARIA","5.5830078125","56.00539811066126","57.3549257759784","8.163357242545523","48.44804318488529","7.557354925775968","正規","0.04296875","371","https://ereter.net/iidxranking/6174/","片手の瞬間密度を強く見ている / ホームを崩す階段・運指負荷を強く見ている / 8配置標本では実際のRANDOM当たり待ちを十分に拾えていない可能性"
"L.F.O","ANOTHER","5.458984375","50.67476383265856","52.091767881241566","7.233207356180903","28.609986504723345","22.064777327935218","FLIP + 左MIRROR","0.0390625","1351","https://ereter.net/iidxranking/3563/","8配置標本では実際のRANDOM当たり待ちを十分に拾えていない可能性"
"LAB","LEGGENDARIA","5.0869140625","36.032388663967616","34.54790823211876","7.799795252437204","40.7557354925776","-4.723346828609984","正規","0.07421875","640","https://ereter.net/iidxranking/6118/","旧作DP特有の配置・認識難を現特徴量で捉え切れていない可能性"
"LASER CRUSTER","ANOTHER","5.70703125","61.20107962213225","57.3549257759784","7.92027359872525","42.91497975708502","18.286099865047227","両RANDOM","0.08984375","1386","https://ereter.net/iidxranking/948/","ホームを崩す階段・運指負荷を強く見ている / 片手の瞬間密度を強く見ている"
"LASER CRUSTER  (IGNITE REMIX)","ANOTHER","5.70703125","61.20107962213225","57.3549257759784","8.195212416820116","49.662618083670715","11.538461538461533","両RANDOM","0.05859375","987","https://ereter.net/iidxranking/4087/","ホームを崩す階段・運指負荷を強く見ている"
"Last Dance","ANOTHER","5.955078125","69.02834008097166","65.45209176788124","7.752856240477311","38.59649122807017","30.43184885290149","FLIP","0.0859375","1397","https://ereter.net/iidxranking/2202/","片手の瞬間密度を強く見ている / 8配置標本では実際のRANDOM当たり待ちを十分に拾えていない可能性"
"Lethal Weapon","ANOTHER","5.70703125","61.20107962213225","65.45209176788124","8.812801822240866","59.64912280701754","1.551956815114707","両RANDOM","0.03515625","830","https://ereter.net/iidxranking/3845/","8配置標本では実際のRANDOM当たり待ちを十分に拾えていない可能性"
"Level 2","ANOTHER","5.458984375","50.67476383265856","52.091767881241566","8.685455675488173","56.54520917678813","-5.870445344129564","左MIRROR","0.08984375","836","https://ereter.net/iidxranking/4111/","実際の皿技術差をモデルが軽く見ている可能性 / 複雑な押し引きリズムの認識負荷をモデルが軽く見ている可能性"
"Level 3","ANOTHER","6.0791015625","72.8744939271255","81.5114709851552","8.351193270293615","52.4966261808367","20.3778677462888","右MIRROR","0.03515625","850","https://ereter.net/iidxranking/4532/","ホームを崩す階段・運指負荷を強く見ている / 8配置標本では実際のRANDOM当たり待ちを十分に拾えていない可能性"
"Level 4","ANOTHER","5.3349609375","46.0863697705803","44.12955465587044","8.986015799179128","62.48313090418354","-16.396761133603242","正規","0.11328125","607","https://ereter.net/iidxranking/5094/","実際の皿技術差をモデルが軽く見ている可能性 / CN/HCNの拘束・継続ダメージをモデルが簡略化している"
"Level 5","ANOTHER","6.0791015625","72.8744939271255","65.45209176788124","9.851619980234915","76.11336032388664","-3.2388663967611393","FLIP + 両RANDOM","0.0546875","383","https://ereter.net/iidxranking/5565/","実際の皿技術差をモデルが軽く見ている可能性 / 長さと実プレイ疲労を過小評価している可能性 / 複雑な押し引きリズムの認識負荷をモデルが軽く見ている可能性"
"Level One","ANOTHER","4.962890625","30.971659919028337","24.966261808367072","9.134490684413999","64.1025641025641","-33.13090418353576","正規","0.08203125","802","https://ereter.net/iidxranking/3569/","実際の皿技術差をモデルが軽く見ている可能性 / 長さと実プレイ疲労を過小評価している可能性 / 複雑な押し引きリズムの認識負荷をモデルが軽く見ている可能性"
"Liberation","ANOTHER","4.21875","8.097165991902834","3.576248313090418","2.9200922210412985","0.2699055330634278","7.827260458839406","正規","0.06640625","2627","https://ereter.net/iidxranking/1914/","8配置標本では実際のRANDOM当たり待ちを十分に拾えていない可能性"
"Life Is A Game ft.DD""ナカタ""Metal","ANOTHER","5.70703125","61.20107962213225","61.53846153846154","8.035949873580273","45.209176788124154","15.991902834008094","正規","0.0859375","1100","https://ereter.net/iidxranking/3475/","8配置標本では実際のRANDOM当たり待ちを十分に拾えていない可能性"
"LIGHTNING STRIKES","ANOTHER","5.458984375","50.67476383265856","47.57085020242915","7.62874817512944","36.57219973009447","14.102564102564095","両RANDOM","0.08984375","1182","https://ereter.net/iidxranking/4013/","8配置標本では実際のRANDOM当たり待ちを十分に拾えていない可能性"
"LIGHTNING STRIKES","LEGGENDARIA","6.5751953125","85.69500674763833","83.80566801619433","10.447339774815639","85.02024291497976","0.6747638326585701","正規","0.03125","315","https://ereter.net/iidxranking/5764/","ホームを崩す階段・運指負荷を強く見ている / 8配置標本では実際のRANDOM当たり待ちを十分に拾えていない可能性"
"Lightspeed","ANOTHER","5.70703125","61.20107962213225","57.3549257759784","8.822169395921092","59.78407557354926","1.4170040485829887","FLIP","0.046875","464","https://ereter.net/iidxranking/5680/","8配置標本では実際のRANDOM当たり待ちを十分に拾えていない可能性"
"Limelight","ANOTHER","4.71484375","21.120107962213226","20.78272604588394","7.6472575058620835","36.84210526315789","-15.721997300944665","正規","0.05078125","425","https://ereter.net/iidxranking/6354/","認識難・ギミック・個人差など、現特徴量にない要因の可能性"
"Lisa-RICCIA","ANOTHER","4.962890625","30.971659919028337","34.54790823211876","7.331064381754082","30.90418353576248","0.06747638326585559","FLIP","0.0859375","763","https://ereter.net/iidxranking/6186/","ホームを崩す階段・運指負荷を強く見ている / 8配置標本では実際のRANDOM当たり待ちを十分に拾えていない可能性"
"Lisa-RICCIA","LEGGENDARIA","6.0791015625","72.8744939271255","65.45209176788124","11.142072054787187","91.22807017543859","-18.35357624831309","左MIRROR","0.0234375","179","https://ereter.net/iidxranking/6187/","長さと実プレイ疲労を過小評価している可能性 / 実際の皿技術差をモデルが軽く見ている可能性 / HARD件数が少なくereter推定自体の不確実性も大きい"
"Little Little Princess","LEGGENDARIA","6.203125","76.58569500674763","78.2051282051282","9.432482194133259","68.55600539811067","8.029689608636957","左MIRROR","0.0625","756","https://ereter.net/iidxranking/3500/","片手の瞬間密度を強く見ている / ホームを崩す階段・運指負荷を強く見ている / 8配置標本では実際のRANDOM当たり待ちを十分に拾えていない可能性"
"Little Star","ANOTHER","4.8388671875","25.910931174089068","20.78272604588394","5.034608001018937","5.398110661268556","20.51282051282051","FLIP","0.08984375","2230","https://ereter.net/iidxranking/1920/","ホームを崩す階段・運指負荷を強く見ている / 皿・着地の身体コストをモデルが強く見ている / 8配置標本では実際のRANDOM当たり待ちを十分に拾えていない可能性"
"LIVE DRIVING!! feat. 花たん","ANOTHER","5.0869140625","36.032388663967616","34.54790823211876","7.777218835248645","39.8110661268556","-3.778677462887984","FLIP + 左MIRROR","0.0703125","998","https://ereter.net/iidxranking/4609/","認識難・ギミック・個人差など、現特徴量にない要因の可能性"
"LOCUS OF THE TRAVEL","ANOTHER","5.8310546875","65.31713900134952","65.45209176788124","9.174806882445692","64.77732793522267","0.5398110661268447","両RANDOM","0.01953125","658","https://ereter.net/iidxranking/4535/","ホームを崩す階段・運指負荷を強く見ている"
"Logic Board","ANOTHER","4.962890625","30.971659919028337","29.217273954116056","10.384772273386586","84.07557354925777","-53.10391363022943","右MIRROR","0.0390625","365","https://ereter.net/iidxranking/5445/","旧作DP特有の配置・認識難を現特徴量で捉え切れていない可能性"
"Lords Of The Roundtable","ANOTHER","5.2109375","41.29554655870445","57.3549257759784","7.1479723395926555","26.450742240215924","14.844804318488528","正規","0.05859375","1000","https://ereter.net/iidxranking/4070/","ホームを崩す階段・運指負荷を強く見ている / 皿・着地の身体コストをモデルが強く見ている / 8配置標本では実際のRANDOM当たり待ちを十分に拾えていない可能性"
"Lost Souls","LEGGENDARIA","6.5751953125","85.69500674763833","85.82995951417004","10.698461610078166","87.58434547908233","-1.889338731443999","FLIP + 右MIRROR","0.05859375","262","https://ereter.net/iidxranking/5616/","HARD件数が少なくereter推定自体の不確実性も大きい"
"LOST TECHNOLOGIE","ANOTHER","5.70703125","61.20107962213225","61.53846153846154","9.383097084592137","67.74628879892038","-6.545209176788127","正規","0.03125","798","https://ereter.net/iidxranking/3676/","複雑な押し引きリズムの認識負荷をモデルが軽く見ている可能性 / 実際の皿技術差をモデルが軽く見ている可能性"
"LOUDER ROLLING THUNDER","ANOTHER","5.70703125","61.20107962213225","61.53846153846154","9.398863330218623","67.88124156545209","-6.680161943319838","両RANDOM","0.046875","550","https://ereter.net/iidxranking/5048/","実際の皿技術差をモデルが軽く見ている可能性 / 複雑な押し引きリズムの認識負荷をモデルが軽く見ている可能性"
"Love Is Eternity","ANOTHER","4.71484375","21.120107962213226","34.54790823211876","5.698035382387519","9.446693657219974","11.673414304993251","FLIP + 左MIRROR","0.0390625","2022","https://ereter.net/iidxranking/536/","8配置標本では実際のRANDOM当たり待ちを十分に拾えていない可能性"
"lower world","ANOTHER","3.970703125","3.576248313090418","5.195681511470985","5.540947620124278","8.232118758434549","-4.655870445344131","FLIP + 右MIRROR","0.06640625","2044","https://ereter.net/iidxranking/430/","旧作DP特有の配置・認識難を現特徴量で捉え切れていない可能性"
"M4K3 1T B0UNC3","ANOTHER","5.5830078125","56.00539811066126","57.3549257759784","8.17229633374017","48.852901484480434","7.152496626180827","左MIRROR","0.11328125","1189","https://ereter.net/iidxranking/2723/","8配置標本では実際のRANDOM当たり待ちを十分に拾えていない可能性"
"M&auml;ch&ouml; M&ouml;nky","ANOTHER","4.5908203125","17.813765182186234","24.966261808367072","6.074493489391887","13.360323886639677","4.453441295546558","FLIP + 右MIRROR","0.03125","1543","https://ereter.net/iidxranking/3734/","8配置標本では実際のRANDOM当たり待ちを十分に拾えていない可能性"
"Makin' It","ANOTHER","5.2109375","41.29554655870445","40.21592442645074","5.726378449677058","9.851551956815115","31.443994601889337","右MIRROR","0.03515625","832","https://ereter.net/iidxranking/6031/","8配置標本では実際のRANDOM当たり待ちを十分に拾えていない可能性"
"Mare Nectaris","ANOTHER","7.8154296875","96.82860998650472","98.31309041835358","12.887901172005597","98.24561403508771","-1.4170040485829958","両RANDOM","0.11328125","83","https://ereter.net/iidxranking/2990/","HARD件数が少なくereter推定自体の不確実性も大きい / 局所的な殺しを平均化しすぎている可能性"
"MARLIN","ANOTHER","5.5830078125","56.00539811066126","52.091767881241566","8.834112089183975","59.91902834008097","-3.9136302294197094","両RANDOM","0.08984375","470","https://ereter.net/iidxranking/5800/","認識難・ギミック・個人差など、現特徴量にない要因の可能性"
"Matt Silver","ANOTHER","5.3349609375","46.0863697705803","40.21592442645074","7.608969973561881","36.16734143049933","9.91902834008097","正規","0.07421875","1181","https://ereter.net/iidxranking/4073/","8配置標本では実際のRANDOM当たり待ちを十分に拾えていない可能性"
"MAX 300","ANOTHER","5.3349609375","46.0863697705803","44.12955465587044","8.989527180762911","62.61808367071525","-16.531713900134953","FLIP","0.1015625","599","https://ereter.net/iidxranking/5184/","ソフラン認識・HS操作コストが未校正 / 旧作DP特有の配置・認識難を現特徴量で捉え切れていない可能性"
"MAX 360","ANOTHER","5.2109375","41.29554655870445","44.12955465587044","6.756433576457685","20.242914979757085","21.052631578947366","FLIP","0.02734375","827","https://ereter.net/iidxranking/5218/","縦連負荷・同レーンのタイミングずれの持越しを強く見ている可能性 / 8配置標本では実際のRANDOM当たり待ちを十分に拾えていない可能性"
"MAXIMUM CHEAT GIRL","ANOTHER","5.5830078125","56.00539811066126","52.091767881241566","8.063645741520885","46.01889338731444","9.986504723346819","正規","0.0625","680","https://ereter.net/iidxranking/5461/","皿・着地の身体コストをモデルが強く見ている / 片手の瞬間密度を強く見ている / ホームを崩す階段・運指負荷を強く見ている"
"MEGAERA","ANOTHER","6.5751953125","85.69500674763833","87.38191632928475","10.21626129203866","82.05128205128204","3.643724696356287","正規","0.046875","456","https://ereter.net/iidxranking/4408/","片手の瞬間密度を強く見ている / 縦連負荷・同レーンのタイミングずれの持越しを強く見ている可能性 / ホームを崩す階段・運指負荷を強く見ている"
"Megalara Garuda","ANOTHER","4.5908203125","17.813765182186234","16.869095816464238","7.139096545323108","26.180836707152494","-8.36707152496626","正規","0.09765625","1150","https://ereter.net/iidxranking/4205/","認識難・ギミック・個人差など、現特徴量にない要因の可能性"
"Meissa","ANOTHER","4.962890625","30.971659919028337","29.217273954116056","6.191320523060479","14.5748987854251","16.396761133603235","左MIRROR","0.0546875","1230","https://ereter.net/iidxranking/4929/","8配置標本では実際のRANDOM当たり待ちを十分に拾えていない可能性"
"Memoria Obscura","ANOTHER","6.5751953125","85.69500674763833","85.82995951417004","10.135747686126642","80.16194331983806","5.533063427800272","FLIP + 左MIRROR","0.05078125","333","https://ereter.net/iidxranking/6034/","片手の瞬間密度を強く見ている / ホームを崩す階段・運指負荷を強く見ている / 8配置標本では実際のRANDOM当たり待ちを十分に拾えていない可能性"
"MENDES","ANOTHER","6.947265625","90.41835357624831","88.59649122807018","11.46492988746218","92.71255060728745","-2.294197031039147","FLIP + 右MIRROR","0.07421875","288","https://ereter.net/iidxranking/1076/","実際の皿技術差をモデルが軽く見ている可能性 / HARD件数が少なくereter推定自体の不確実性も大きい / 旧作DP特有の配置・認識難を現特徴量で捉え切れていない可能性"
"Mid-Corner  (Magic Maker)","ANOTHER","4.71484375","21.120107962213226","16.869095816464238","5.941952475459603","12.145748987854251","8.974358974358974","正規","0.0625","873","https://ereter.net/iidxranking/5803/","8配置標本では実際のRANDOM当たり待ちを十分に拾えていない可能性"
"Mighty Beat Monsterz","ANOTHER","4.0947265625","5.195681511470985","7.557354925775979","6.292563139698258","15.92442645074224","-10.728744939271255","正規","0.00390625","615","https://ereter.net/iidxranking/6358/","認識難・ギミック・個人差など、現特徴量にない要因の可能性"
"Million Dollar","ANOTHER","6.3271484375","80.02699055330635","78.2051282051282","8.507156106131394","53.98110661268556","26.04588394062079","FLIP","0.02734375","636","https://ereter.net/iidxranking/5479/","8配置標本では実際のRANDOM当たり待ちを十分に拾えていない可能性"
"minimalian","ANOTHER","6.0791015625","72.8744939271255","81.5114709851552","9.700826015727905","72.8744939271255","0","正規","0.06640625","799","https://ereter.net/iidxranking/132/","局所的な殺しを平均化しすぎている可能性 / 旧作DP特有の配置・認識難を現特徴量で捉え切れていない可能性"
"MINT","ANOTHER","4.3427734375","11.875843454790823","10.323886639676113","4.968069535410608","4.993252361673414","6.8825910931174095","正規","0.078125","2254","https://ereter.net/iidxranking/840/","8配置標本では実際のRANDOM当たり待ちを十分に拾えていない可能性"
"Miracle 5ympho X","LEGGENDARIA","6.69921875","87.51686909581646","91.76788124156545","8.352532087825514","52.766531713900136","34.750337381916324","左MIRROR","0.01953125","561","https://ereter.net/iidxranking/5513/","片手の瞬間密度を強く見ている / 8配置標本では実際のRANDOM当たり待ちを十分に拾えていない可能性"
"moon_child","ANOTHER","6.0791015625","72.8744939271255","78.2051282051282","10.429338142410833","84.4804318488529","-11.605937921727403","FLIP + 両RANDOM","0.10546875","528","https://ereter.net/iidxranking/439/","ソフラン認識・HS操作コストが未校正 / 複雑な押し引きリズムの認識負荷をモデルが軽く見ている可能性 / 旧作DP特有の配置・認識難を現特徴量で捉え切れていない可能性"
"murmur twins","ANOTHER","3.2265625","0.5398110661268556","0.47233468286099867","5.536367906994317","7.96221322537112","-7.422402159244265","両RANDOM","0.05078125","2059","https://ereter.net/iidxranking/352/","旧作DP特有の配置・認識難を現特徴量で捉え切れていない可能性"
"n/a","ANOTHER","6.69921875","87.51686909581646","87.38191632928475","12.466623128730214","97.0310391363023","-9.514170040485837","正規","0.046875","97","https://ereter.net/iidxranking/4831/","ソフラン認識・HS操作コストが未校正 / HARD件数が少なくereter推定自体の不確実性も大きい / 実際の皿技術差をモデルが軽く見ている可能性"
"Necroxis Girl","ANOTHER","5.955078125","69.02834008097166","69.70310391363023","8.682324970068425","56.41025641025641","12.61808367071525","正規","0.046875","923","https://ereter.net/iidxranking/3737/","8配置標本では実際のRANDOM当たり待ちを十分に拾えていない可能性"
"NEMESIS","ANOTHER","7.0712890625","91.3630229419703","89.67611336032388","13.309679603154802","99.32523616734143","-7.96221322537113","FLIP + 右MIRROR","0.109375","51","https://ereter.net/iidxranking/230/","皿の早押し・遅押し最適化が実戦より有利な可能性 / HARD件数が少なくereter推定自体の不確実性も大きい / 実際の皿技術差をモデルが軽く見ている可能性"
"neu","ANOTHER","5.955078125","69.02834008097166","65.45209176788124","9.82842008424387","75.16869095816465","-6.1403508771929864","正規","0.0546875","734","https://ereter.net/iidxranking/1932/","長さと実プレイ疲労を過小評価している可能性"
"New Castle Legions","ANOTHER","4.3427734375","11.875843454790823","16.869095816464238","7.120550514144362","25.910931174089068","-14.035087719298245","両RANDOM","0.0546875","1051","https://ereter.net/iidxranking/3712/","ソフラン認識・HS操作コストが未校正"
"NEW GENERATION -もう、お前しか見えない-","LEGGENDARIA","6.69921875","87.51686909581646","85.82995951417004","9.43749864328791","68.69095816464238","18.82591093117408","正規","0.12109375","548","https://ereter.net/iidxranking/4768/","片手の瞬間密度を強く見ている / ホームを崩す階段・運指負荷を強く見ている / 8配置標本では実際のRANDOM当たり待ちを十分に拾えていない可能性"
"Night! Night! Night!","ANOTHER","4.8388671875","25.910931174089068","24.966261808367072","6.2909060602696485","15.789473684210526","10.121457489878543","両RANDOM","0.13671875","1515","https://ereter.net/iidxranking/3823/","ホームを崩す階段・運指負荷を強く見ている"
"Night sky","ANOTHER","5.2109375","41.29554655870445","57.3549257759784","8.22315842319599","49.797570850202426","-8.502024291497975","正規","0.046875","1254","https://ereter.net/iidxranking/2453/","CN/HCNの拘束・継続ダメージをモデルが簡略化している"
"Nightmare before oversleep","ANOTHER","5.5830078125","56.00539811066126","57.3549257759784","6.909264081278738","22.672064777327936","33.33333333333333","両RANDOM","0.09375","1588","https://ereter.net/iidxranking/2732/","ホームを崩す階段・運指負荷を強く見ている / 8配置標本では実際のRANDOM当たり待ちを十分に拾えていない可能性"
"NINJA IS DEAD  IIDX ver.","ANOTHER","4.71484375","21.120107962213226","29.217273954116056","4.627961933259387","4.048582995951417","17.07152496626181","正規","0.12109375","1967","https://ereter.net/iidxranking/2735/","8配置標本では実際のRANDOM当たり待ちを十分に拾えていない可能性"
"NITROUS CANNON","ANOTHER","5.955078125","69.02834008097166","69.70310391363023","8.72370972925386","57.3549257759784","11.673414304993258","正規","0.04296875","988","https://ereter.net/iidxranking/3384/","ホームを崩す階段・運指負荷を強く見ている / 縦連負荷・同レーンのタイミングずれの持越しを強く見ている可能性 / 皿・着地の身体コストをモデルが強く見ている"
"NNRT","ANOTHER","5.2109375","41.29554655870445","40.21592442645074","7.038549805807928","24.696356275303643","16.59919028340081","左MIRROR","0.04296875","1594","https://ereter.net/iidxranking/1722/","ホームを崩す階段・運指負荷を強く見ている / 8配置標本では実際のRANDOM当たり待ちを十分に拾えていない可能性"
"No Border","ANOTHER","5.5830078125","56.00539811066126","52.091767881241566","7.778806845888523","40.21592442645074","15.78947368421052","右MIRROR","0.08984375","976","https://ereter.net/iidxranking/4935/","8配置標本では実際のRANDOM当たり待ちを十分に拾えていない可能性"
"No.13","ANOTHER","5.2109375","41.29554655870445","40.21592442645074","7.520560462722671","34.278002699055335","7.017543859649116","FLIP + 左MIRROR + 右MIRROR","0.04296875","1489","https://ereter.net/iidxranking/547/","8配置標本では実際のRANDOM当たり待ちを十分に拾えていない可能性"
"NOIXIA","ANOTHER","5.955078125","69.02834008097166","69.70310391363023","8.729852725213378","57.62483130904184","11.403508771929822","両RANDOM","0.0625","637","https://ereter.net/iidxranking/5689/","皿・着地の身体コストをモデルが強く見ている"
"NZM","ANOTHER","5.70703125","61.20107962213225","57.3549257759784","9.809769608679309","74.62887989203779","-13.42780026990554","右MIRROR","0.0625","691","https://ereter.net/iidxranking/2744/","CN/HCNの拘束・継続ダメージをモデルが簡略化している / 局所的な殺しを平均化しすぎている可能性"
"O/D*20","LEGGENDARIA","6.0791015625","72.8744939271255","65.45209176788124","9.228467390857372","65.58704453441295","7.287449392712546","正規","0.078125","535","https://ereter.net/iidxranking/5514/","片手の瞬間密度を強く見ている / 8配置標本では実際のRANDOM当たり待ちを十分に拾えていない可能性"
"OMEGA","ANOTHER","5.8310546875","65.31713900134952","65.45209176788124","8.839776927500482","60.1889338731444","5.128205128205117","両RANDOM","0.0390625","349","https://ereter.net/iidxranking/6361/","片手の瞬間密度を強く見ている / 8配置標本では実際のRANDOM当たり待ちを十分に拾えていない可能性"
"ONE AND ONLY","ANOTHER","4.71484375","21.120107962213226","29.217273954116056","5.899360037279433","11.740890688259109","9.379217273954117","正規","0.04296875","1196","https://ereter.net/iidxranking/5088/","8配置標本では実際のRANDOM当たり待ちを十分に拾えていない可能性"
"One for All","ANOTHER","4.5908203125","17.813765182186234","16.869095816464238","7.140602897882337","26.31578947368421","-8.502024291497975","FLIP + 左MIRROR","0.03515625","998","https://ereter.net/iidxranking/4707/","実際の皿技術差をモデルが軽く見ている可能性 / 複雑な押し引きリズムの認識負荷をモデルが軽く見ている可能性"
"One More Lovely","ANOTHER","6.3271484375","80.02699055330635","83.80566801619433","9.595314959708217","71.39001349527665","8.6369770580297","FLIP + 両RANDOM","0.06640625","836","https://ereter.net/iidxranking/550/","ホームを崩す階段・運指負荷を強く見ている"
"one or eight","LEGGENDARIA","4.962890625","30.971659919028337","34.54790823211876","7.7650450841688965","39.27125506072874","-8.299595141700404","左MIRROR","0.05078125","1078","https://ereter.net/iidxranking/4000/","複雑な押し引きリズムの認識負荷をモデルが軽く見ている可能性 / 実際の皿技術差をモデルが軽く見ている可能性 / 旧作DP特有の配置・認識難を現特徴量で捉え切れていない可能性"
"ONIGOROSHI","ANOTHER","4.3427734375","11.875843454790823","13.360323886639677","6.179808393278477","14.439946018893387","-2.564102564102564","両RANDOM","0.05859375","1348","https://ereter.net/iidxranking/3767/","実際の皿技術差をモデルが軽く見ている可能性"
"op.31 叙情","ANOTHER","3.474609375","1.282051282051282","1.282051282051282","6.845233591050199","21.45748987854251","-20.17543859649123","両RANDOM","0.05859375","1091","https://ereter.net/iidxranking/3518/","ソフラン認識・HS操作コストが未校正 / 局所的な殺しを平均化しすぎている可能性 / 旧作DP特有の配置・認識難を現特徴量で捉え切れていない可能性"
"oratio","ANOTHER","4.21875","8.097165991902834","7.557354925775979","5.422198107046052","7.28744939271255","0.8097165991902839","両RANDOM","0.06640625","2072","https://ereter.net/iidxranking/1085/","ホームを崩す階段・運指負荷を強く見ている"
"ORCA","ANOTHER","5.70703125","61.20107962213225","61.53846153846154","9.62774583611382","71.9298245614035","-10.728744939271259","左MIRROR + 右MIRROR","0.0390625","643","https://ereter.net/iidxranking/4178/","複雑な押し引きリズムの認識負荷をモデルが軽く見ている可能性"
"OTENAMI Hurricane","ANOTHER","5.8310546875","65.31713900134952","57.3549257759784","9.655387621707105","72.33468286099865","-7.0175438596491375","正規","0.06640625","752","https://ereter.net/iidxranking/3005/","実際の皿技術差をモデルが軽く見ている可能性"
"OTOKOZAKA","ANOTHER","4.962890625","30.971659919028337","29.217273954116056","6.916969340261945","23.076923076923077","7.89473684210526","正規","0.06640625","943","https://ereter.net/iidxranking/5190/","8配置標本では実際のRANDOM当たり待ちを十分に拾えていない可能性"
"Out of Control","ANOTHER","6.203125","76.58569500674763","73.75168690958165","9.081733021729415","63.69770580296896","12.887989203778666","両RANDOM","0.09765625","567","https://ereter.net/iidxranking/5439/","縦連負荷・同レーンのタイミングずれの持越しを強く見ている可能性 / 8配置標本では実際のRANDOM当たり待ちを十分に拾えていない可能性"
"Override","LEGGENDARIA","6.5751953125","85.69500674763833","85.82995951417004","10.138879897026317","80.29689608636977","5.398110661268561","FLIP","0.0390625","429","https://ereter.net/iidxranking/4869/","8配置標本では実際のRANDOM当たり待ちを十分に拾えていない可能性"
"Painful Fate","ANOTHER","5.2109375","41.29554655870445","44.12955465587044","9.554776975359035","70.98515519568151","-29.689608636977063","両RANDOM","0.08984375","748","https://ereter.net/iidxranking/3700/","CN/HCNの拘束・継続ダメージをモデルが簡略化している"
"Papilio ulysses","ANOTHER","4.8388671875","25.910931174089068","24.966261808367072","5.5385210930039985","8.097165991902834","17.813765182186234","正規","0.0703125","1772","https://ereter.net/iidxranking/3402/","8配置標本では実際のRANDOM当たり待ちを十分に拾えていない可能性"
"PARADISE LOST","ANOTHER","5.70703125","61.20107962213225","69.70310391363023","10.542268567925724","85.96491228070175","-24.763832658569505","左MIRROR","0.0859375","490","https://ereter.net/iidxranking/1536/","実際の皿技術差をモデルが軽く見ている可能性 / 長さと実プレイ疲労を過小評価している可能性 / CN/HCNの拘束・継続ダメージをモデルが簡略化している"
"PARANOiA ～HADES～","ANOTHER","6.3271484375","80.02699055330635","81.5114709851552","11.998206588801548","95.81646423751687","-15.78947368421052","正規","0.046875","180","https://ereter.net/iidxranking/1088/","ソフラン認識・HS操作コストが未校正 / HARD件数が少なくereter推定自体の不確実性も大きい / 旧作DP特有の配置・認識難を現特徴量で捉え切れていない可能性"
"P&#x101;rvat&#x12B;","ANOTHER","3.8466796875","2.834008097165992","2.631578947368421","3.615000511059166","0.8097165991902834","2.0242914979757085","FLIP + 右MIRROR","0.0234375","1673","https://ereter.net/iidxranking/4481/","ホームを崩す階段・運指負荷を強く見ている / 皿・着地の身体コストをモデルが強く見ている / 8配置標本では実際のRANDOM当たり待ちを十分に拾えていない可能性"
"Peaktime Booster","ANOTHER","5.5830078125","56.00539811066126","57.3549257759784","7.79264510315897","40.62078272604588","15.38461538461538","正規","0.0859375","812","https://ereter.net/iidxranking/5045/","皿・着地の身体コストをモデルが強く見ている / ホームを崩す階段・運指負荷を強く見ている / 8配置標本では実際のRANDOM当たり待ちを十分に拾えていない可能性"
"perditus†paradisus","ANOTHER","7.5673828125","95.47908232118758","92.98245614035088","11.981571137597347","95.41160593792173","0.06747638326584138","正規","0.05078125","196","https://ereter.net/iidxranking/1542/","片手の瞬間密度を強く見ている / ホームを崩す階段・運指負荷を強く見ている / 8配置標本では実際のRANDOM当たり待ちを十分に拾えていない可能性"
"PERFECT GREAT!!","ANOTHER","6.203125","76.58569500674763","73.75168690958165","9.934671646815143","77.19298245614034","-0.6072874493927145","両RANDOM","0.08203125","290","https://ereter.net/iidxranking/6198/","HARD件数が少なくereter推定自体の不確実性も大きい"
"Persephone","ANOTHER","4.0947265625","5.195681511470985","7.557354925775979","4.923295101588659","4.588394062078273","0.6072874493927118","FLIP + 右MIRROR","0.01953125","1937","https://ereter.net/iidxranking/3393/","8配置標本では実際のRANDOM当たり待ちを十分に拾えていない可能性"
"Phoenix","LEGGENDARIA","6.69921875","87.51686909581646","87.38191632928475","11.899978347978578","95.27665317139001","-7.759784075573549","FLIP","0.05859375","154","https://ereter.net/iidxranking/4835/","HARD件数が少なくereter推定自体の不確実性も大きい"
"Pinky Happy Crazy","ANOTHER","4.8388671875","25.910931174089068","29.217273954116056","7.391989621664959","31.713900134952766","-5.802968960863698","左MIRROR + 右MIRROR","0.05859375","505","https://ereter.net/iidxranking/5925/","認識難・ギミック・個人差など、現特徴量にない要因の可能性"
"Plan 8","ANOTHER","5.5830078125","56.00539811066126","57.3549257759784","8.770882023532902","58.70445344129555","-2.6990553306342875","FLIP","0.046875","963","https://ereter.net/iidxranking/1941/","実際の皿技術差をモデルが軽く見ている可能性 / 局所的な殺しを平均化しすぎている可能性"
"PLASMA SOUL NIGHT  feat. Nana Takahashi / 709sec.","ANOTHER","5.70703125","61.20107962213225","57.3549257759784","9.065525900872828","63.56275303643725","-2.3616734143050024","正規","0.1015625","698","https://ereter.net/iidxranking/4780/","実際の皿技術差をモデルが軽く見ている可能性"
"Plazma","LEGGENDARIA","4.962890625","30.971659919028337","24.966261808367072","7.183876767842619","27.530364372469634","3.4412955465587025","右MIRROR","0.09375","676","https://ereter.net/iidxranking/6199/","8配置標本では実際のRANDOM当たり待ちを十分に拾えていない可能性"
"POODLE","LEGGENDARIA","4.0947265625","5.195681511470985","3.576248313090418","5.9955095691050255","12.685560053981106","-7.489878542510121","FLIP + 左MIRROR + 右MIRROR","0.01953125","1439","https://ereter.net/iidxranking/4077/","旧作DP特有の配置・認識難を現特徴量で捉え切れていない可能性"
"POSSESSION","ANOTHER","4.962890625","30.971659919028337","34.54790823211876","9.794243587496812","74.35897435897436","-43.387314439946024","FLIP + 右MIRROR","0.0390625","681","https://ereter.net/iidxranking/2756/","ソフラン認識・HS操作コストが未校正"
"Primitive Vibes","ANOTHER","3.72265625","2.2267206477732793","1.8893387314439947","3.2437456450458884","0.4048582995951417","1.8218623481781375","FLIP + 左MIRROR","0.04296875","2151","https://ereter.net/iidxranking/3935/","8配置標本では実際のRANDOM当たり待ちを十分に拾えていない可能性"
"Proof of the existence","ANOTHER","5.3349609375","46.0863697705803","47.57085020242915","7.777396363669592","40.08097165991903","6.005398110661268","左MIRROR","0.08203125","1433","https://ereter.net/iidxranking/1953/","皿・着地の身体コストをモデルが強く見ている / 8配置標本では実際のRANDOM当たり待ちを十分に拾えていない可能性"
"Punch Love &hearts; 仮面","LEGGENDARIA","4.5908203125","17.813765182186234","20.78272604588394","6.976205828093372","23.751686909581647","-5.937921727395413","左MIRROR","0.0234375","608","https://ereter.net/iidxranking/5985/","認識難・ギミック・個人差など、現特徴量にない要因の可能性"
"PUNISHER","ANOTHER","5.5830078125","56.00539811066126","47.57085020242915","7.0313783015245495","24.561403508771928","31.443994601889333","正規","0.10546875","1628","https://ereter.net/iidxranking/2235/","8配置標本では実際のRANDOM当たり待ちを十分に拾えていない可能性"
"Push on Beats! ～音ゲの国のeX-ストリーマー～","ANOTHER","5.3349609375","46.0863697705803","47.57085020242915","8.333508862806688","51.956815114709855","-5.870445344129557","正規","0.04296875","761","https://ereter.net/iidxranking/4789/","ソフラン認識・HS操作コストが未校正 / 実際の皿技術差をモデルが軽く見ている可能性 / 複雑な押し引きリズムの認識負荷をモデルが軽く見ている可能性"
"Purple Perplex","ANOTHER","4.3427734375","11.875843454790823","10.323886639676113","8.15989502526664","48.178137651821864","-36.30229419703104","正規","0.0859375","873","https://ereter.net/iidxranking/4633/","複雑な押し引きリズムの認識負荷をモデルが軽く見ている可能性 / 実際の皿技術差をモデルが軽く見ている可能性"
"QQQ","HYPER","3.72265625","2.2267206477732793","1.8893387314439947","6.508696804795807","18.083670715249664","-15.856950067476385","正規","0.05078125","1600","https://ereter.net/iidxranking/163/","実際の皿技術差をモデルが軽く見ている可能性 / 皿の早押し・遅押し最適化が実戦より有利な可能性 / 旧作DP特有の配置・認識難を現特徴量で捉え切れていない可能性"
"Quakes","ANOTHER","6.451171875","83.19838056680162","85.82995951417004","8.799855475853622","59.24426450742241","23.95411605937921","正規","0.078125","970","https://ereter.net/iidxranking/3014/","皿・着地の身体コストをモデルが強く見ている / 縦連負荷・同レーンのタイミングずれの持越しを強く見ている可能性 / 8配置標本では実際のRANDOM当たり待ちを十分に拾えていない可能性"
"QUANTUM TELEPORTATION","ANOTHER","7.939453125","97.77327935222672","97.16599190283401","12.025399336100682","95.95141700404858","1.8218623481781435","正規","0.04296875","183","https://ereter.net/iidxranking/1731/","8配置標本では実際のRANDOM当たり待ちを十分に拾えていない可能性"
"QUANTUM TELEPORTATION","LEGGENDARIA","6.451171875","83.19838056680162","78.2051282051282","10.046385550889719","78.81241565452092","4.3859649122806985","正規","0.078125","574","https://ereter.net/iidxranking/3501/","8配置標本では実際のRANDOM当たり待ちを十分に拾えていない可能性"
"quasar","ANOTHER","8.0634765625","98.65047233468286","98.71794871794873","11.768133102548186","94.46693657219973","4.183535762483132","正規","0.04296875","220","https://ereter.net/iidxranking/448/","片手の瞬間密度を強く見ている / ホームを崩す階段・運指負荷を強く見ている / 皿・着地の身体コストをモデルが強く見ている"
"quaver♪","ANOTHER","6.203125","76.58569500674763","73.75168690958165","8.726936439854363","57.48987854251012","19.095816464237508","正規","0.10546875","1063","https://ereter.net/iidxranking/1734/","ホームを崩す階段・運指負荷を強く見ている / 縦連負荷・同レーンのタイミングずれの持越しを強く見ている可能性 / 片手の瞬間密度を強く見ている"
"quell ～the seventh slave～","ANOTHER","8.5595703125","99.32523616734143","99.12280701754386","13.272184955982294","99.19028340080972","0.13495276653171118","正規","0.06640625","60","https://ereter.net/iidxranking/1393/","皿・着地の身体コストをモデルが強く見ている / 片手の瞬間密度を強く見ている / ホームを崩す階段・運指負荷を強く見ている"
"ra'am","ANOTHER","5.8310546875","65.31713900134952","69.70310391363023","10.38363696213689","83.94062078272604","-18.623481781376526","左MIRROR + 右MIRROR","0.04296875","506","https://ereter.net/iidxranking/2238/","ソフラン認識・HS操作コストが未校正 / 実際の皿技術差をモデルが軽く見ている可能性"
"rage against usual","LEGGENDARIA","6.5751953125","85.69500674763833","94.73684210526315","11.48722360700292","92.98245614035088","-7.287449392712546","両RANDOM","0.06640625","183","https://ereter.net/iidxranking/5032/","局所的な殺しを平均化しすぎている可能性 / HARD件数が少なくereter推定自体の不確実性も大きい / 旧作DP特有の配置・認識難を現特徴量で捉え切れていない可能性"
"RAGE feat.H14 of LEONAIR","ANOTHER","7.1953125","92.44264507422402","95.47908232118758","9.771207875391951","74.08906882591093","18.35357624831309","FLIP","0.1171875","491","https://ereter.net/iidxranking/4838/","皿・着地の身体コストをモデルが強く見ている / ホームを崩す階段・運指負荷を強く見ている / 8配置標本では実際のRANDOM当たり待ちを十分に拾えていない可能性"
"RAIN","ANOTHER","5.8310546875","65.31713900134952","65.45209176788124","7.659835676397671","37.11201079622132","28.205128205128197","左MIRROR","0.05078125","1318","https://ereter.net/iidxranking/3017/","8配置標本では実際のRANDOM当たり待ちを十分に拾えていない可能性"
"rainbow guitar weeps","ANOTHER","4.8388671875","25.910931174089068","20.78272604588394","6.870918690379062","22.402159244264507","3.5087719298245617","正規","0.03515625","1669","https://ereter.net/iidxranking/2241/","8配置標本では実際のRANDOM当たり待ちを十分に拾えていない可能性"
"Raison d'&ecirc;tre ～交差する宿命～","ANOTHER","5.5830078125","56.00539811066126","57.3549257759784","8.442002106932001","53.71120107962213","2.2941970310391326","FLIP + 両RANDOM","0.0546875","1231","https://ereter.net/iidxranking/1396/","ホームを崩す階段・運指負荷を強く見ている / 8配置標本では実際のRANDOM当たり待ちを十分に拾えていない可能性"
"Raison d'&ecirc;tre ～交差する宿命～","LEGGENDARIA","7.443359375","94.46693657219973","95.47908232118758","12.91878073151289","98.38056680161942","-3.913630229419695","FLIP + 左MIRROR + 右MIRROR","0.01171875","34","https://ereter.net/iidxranking/6363/","ソフラン認識・HS操作コストが未校正 / HARD件数が少なくereter推定自体の不確実性も大きい / 長さと実プレイ疲労を過小評価している可能性"
"RALLY '25","ANOTHER","4.3427734375","11.875843454790823","16.869095816464238","5.349704156661798","6.747638326585695","5.128205128205129","左MIRROR","0.05078125","1053","https://ereter.net/iidxranking/6046/","8配置標本では実際のRANDOM当たり待ちを十分に拾えていない可能性"
"Rampage","ANOTHER","4.8388671875","25.910931174089068","24.966261808367072","7.48964064373515","34.0080971659919","-8.09716599190283","正規","0.0859375","1310","https://ereter.net/iidxranking/3414/","長さと実プレイ疲労を過小評価している可能性"
"Raspberry Railgun","ANOTHER","4.8388671875","25.910931174089068","29.217273954116056","5.966056702749668","12.550607287449392","13.360323886639677","正規","0.0234375","1720","https://ereter.net/iidxranking/3399/","8配置標本では実際のRANDOM当たり待ちを十分に拾えていない可能性"
"Rave Cannon","ANOTHER","3.970703125","3.576248313090418","3.576248313090418","4.598785521410047","3.913630229419703","-0.33738191632928505","右MIRROR","0.01953125","2074","https://ereter.net/iidxranking/3020/","認識難・ギミック・個人差など、現特徴量にない要因の可能性"
"Rave*it!! Rave*it!!","ANOTHER","3.1025390625","0.20242914979757085","0.20242914979757085","5.719680836201618","9.7165991902834","-9.51417004048583","FLIP","0.078125","1885","https://ereter.net/iidxranking/2468/","局所的な殺しを平均化しすぎている可能性 / 実際の皿技術差をモデルが軽く見ている可能性 / CN/HCNの拘束・継続ダメージをモデルが簡略化している"
"Rave Patroller","ANOTHER","4.21875","8.097165991902834","7.557354925775979","5.249497523115506","6.342780026990553","1.7543859649122808","正規","0.08984375","1676","https://ereter.net/iidxranking/4055/","8配置標本では実際のRANDOM当たり待ちを十分に拾えていない可能性"
"RED ZONE","LEGGENDARIA","4.0947265625","5.195681511470985","3.576248313090418","4.994068414269082","5.263157894736842","-0.06747638326585648","正規","0.04296875","1882","https://ereter.net/iidxranking/3362/","旧作DP特有の配置・認識難を現特徴量で捉え切れていない可能性"
"Red. by Full Metal Jacket","ANOTHER","3.72265625","2.2267206477732793","1.8893387314439947","2.7423558802832764","0.1349527665317139","2.0917678812415654","右MIRROR","0.0625","2597","https://ereter.net/iidxranking/1399/","皿・着地の身体コストをモデルが強く見ている / ホームを崩す階段・運指負荷を強く見ている / 8配置標本では実際のRANDOM当たり待ちを十分に拾えていない可能性"
"Red. by Jack Trance","ANOTHER","4.3427734375","11.875843454790823","10.323886639676113","7.821195909109084","41.16059379217274","-29.284750337381915","正規","0.05078125","959","https://ereter.net/iidxranking/3691/","実際の皿技術差をモデルが軽く見ている可能性 / 複雑な押し引きリズムの認識負荷をモデルが軽く見ている可能性"
"Reflux","ANOTHER","5.458984375","50.67476383265856","52.091767881241566","10.085363188679274","79.21727395411607","-28.542510121457504","FLIP + 両RANDOM","0.07421875","615","https://ereter.net/iidxranking/2474/","複雑な押し引きリズムの認識負荷をモデルが軽く見ている可能性 / CN/HCNの拘束・継続ダメージをモデルが簡略化している"
"refrain","ANOTHER","5.70703125","61.20107962213225","57.3549257759784","8.351718555348064","52.63157894736842","8.56950067476383","両RANDOM","0.05859375","1192","https://ereter.net/iidxranking/2762/","ホームを崩す階段・運指負荷を強く見ている"
"Regina vespaE","ANOTHER","5.3349609375","46.0863697705803","47.57085020242915","7.761181739580863","39.00134952766532","7.085020242914979","正規","0.0703125","661","https://ereter.net/iidxranking/6049/","8配置標本では実際のRANDOM当たり待ちを十分に拾えていない可能性"
"Resonant","ANOTHER","5.5830078125","56.00539811066126","57.3549257759784","8.151363678683984","47.908232118758434","8.097165991902827","右MIRROR","0.0703125","651","https://ereter.net/iidxranking/5607/","8配置標本では実際のRANDOM当たり待ちを十分に拾えていない可能性"
"reunion","ANOTHER","6.8232421875","89.13630229419704","88.59649122807018","10.347425235638816","83.53576248313091","5.6005398110661275","正規","0.08984375","573","https://ereter.net/iidxranking/1551/","ホームを崩す階段・運指負荷を強く見ている / 片手の瞬間密度を強く見ている / 縦連負荷・同レーンのタイミングずれの持越しを強く見ている可能性"
"REVOLVER","LEGGENDARIA","5.955078125","69.02834008097166","57.3549257759784","10.391222122594288","84.21052631578947","-15.182186234817806","正規","0.06640625","379","https://ereter.net/iidxranking/4806/","CN/HCNの拘束・継続ダメージをモデルが簡略化している"
"RINИE","ANOTHER","5.458984375","50.67476383265856","52.091767881241566","9.303177544150364","66.66666666666666","-15.991902834008094","両RANDOM","0.05859375","600","https://ereter.net/iidxranking/5019/","実際の皿技術差をモデルが軽く見ている可能性"
"Rise'n Beauty","LEGGENDARIA","4.71484375","21.120107962213226","16.869095816464238","8.0711267957646","46.288798920377864","-25.16869095816464","正規","0.07421875","291","https://ereter.net/iidxranking/6364/","HARD件数が少なくereter推定自体の不確実性も大きい / 旧作DP特有の配置・認識難を現特徴量で捉え切れていない可能性"
"RISLIM -Remix-","ANOTHER","4.3427734375","11.875843454790823","16.869095816464238","7.931084377098497","43.18488529014845","-31.309041835357625","左MIRROR + 右MIRROR","0.015625","1251","https://ereter.net/iidxranking/456/","局所的な殺しを平均化しすぎている可能性 / 旧作DP特有の配置・認識難を現特徴量で捉え切れていない可能性"
"RIZING YOU UP","ANOTHER","5.5830078125","56.00539811066126","78.2051282051282","8.291859544896322","51.14709851551957","4.858299595141688","FLIP","0.05078125","1127","https://ereter.net/iidxranking/2253/","ホームを崩す階段・運指負荷を強く見ている / 8配置標本では実際のRANDOM当たり待ちを十分に拾えていない可能性"
"RIZING-GAMERS.","ANOTHER","5.8310546875","65.31713900134952","61.53846153846154","8.693625549061803","56.68016194331984","8.636977058029679","両RANDOM","0.09375","281","https://ereter.net/iidxranking/6205/","ホームを崩す階段・運指負荷を強く見ている / 皿・着地の身体コストをモデルが強く見ている"
"Roar of Chronos","ANOTHER","5.0869140625","36.032388663967616","24.966261808367072","7.500435733380433","34.14304993252362","1.889338731443999","正規","0.046875","714","https://ereter.net/iidxranking/5809/","8配置標本では実際のRANDOM当たり待ちを十分に拾えていない可能性"
"route 80s","ANOTHER","4.21875","8.097165991902834","10.323886639676113","8.029332919565187","44.93927125506073","-36.8421052631579","FLIP + 左MIRROR + 右MIRROR","0.078125","1106","https://ereter.net/iidxranking/235/","実際の皿技術差をモデルが軽く見ている可能性 / 局所的な殺しを平均化しすぎている可能性 / 皿の早押し・遅押し最適化が実戦より有利な可能性"
"Rubrum Piano","ANOTHER","4.21875","8.097165991902834","7.557354925775979","4.468938025244529","3.508771929824561","4.588394062078272","FLIP + 両RANDOM","0.05078125","1667","https://ereter.net/iidxranking/4411/","ホームを崩す階段・運指負荷を強く見ている / 皿・着地の身体コストをモデルが強く見ている"
"RUGGED ASH","LEGGENDARIA","5.5830078125","56.00539811066126","57.3549257759784","8.293257812602576","51.28205128205128","4.723346828609984","正規","0.03515625","1006","https://ereter.net/iidxranking/3658/","8配置標本では実際のRANDOM当たり待ちを十分に拾えていない可能性"
"ruin of opals","ANOTHER","4.8388671875","25.910931174089068","40.21592442645074","7.690163336087034","37.7867746288799","-11.875843454790829","正規","0.04296875","1046","https://ereter.net/iidxranking/3794/","ソフラン認識・HS操作コストが未校正 / CN/HCNの拘束・継続ダメージをモデルが簡略化している"
"RUINA","ANOTHER","6.451171875","83.19838056680162","83.80566801619433","11.070295339899355","90.41835357624831","-7.21997300944669","右MIRROR","0.01953125","120","https://ereter.net/iidxranking/6208/","CN/HCNの拘束・継続ダメージをモデルが簡略化している / HARD件数が少なくereter推定自体の不確実性も大きい / 実際の皿技術差をモデルが軽く見ている可能性"
"rumrum triplets","ANOTHER","4.21875","8.097165991902834","3.576248313090418","5.5149599349515865","7.827260458839406","0.2699055330634277","正規","0.078125","2088","https://ereter.net/iidxranking/1962/","皿・着地の身体コストをモデルが強く見ている / 8配置標本では実際のRANDOM当たり待ちを十分に拾えていない可能性"
"SABER WING","ANOTHER","4.8388671875","25.910931174089068","20.78272604588394","7.260175979242801","29.284750337381915","-3.373819163292847","正規","0.08203125","1311","https://ereter.net/iidxranking/1557/","ソフラン認識・HS操作コストが未校正"
"sakura storm","ANOTHER","5.458984375","50.67476383265856","57.3549257759784","5.63367538646226","8.906882591093117","41.76788124156545","FLIP + 右MIRROR","0.03515625","2071","https://ereter.net/iidxranking/1563/","ホームを崩す階段・運指負荷を強く見ている / 8配置標本では実際のRANDOM当たり待ちを十分に拾えていない可能性"
"SAMURAI-Scramble","LEGGENDARIA","6.203125","76.58569500674763","78.2051282051282","9.802359071921703","74.49392712550608","2.0917678812415517","正規","0.12890625","381","https://ereter.net/iidxranking/4563/","8配置標本では実際のRANDOM当たり待ちを十分に拾えていない可能性"
"Satellite Burst","ANOTHER","5.3349609375","46.0863697705803","40.21592442645074","7.166240948740191","26.855600539811064","19.230769230769234","正規","0.1875","889","https://ereter.net/iidxranking/5707/","8配置標本では実際のRANDOM当たり待ちを十分に拾えていない可能性"
"satellite020712  from ""CODED ARMS""","ANOTHER","5.5830078125","56.00539811066126","47.57085020242915","6.850571744897353","21.727395411605936","34.27800269905532","正規","0.10546875","1741","https://ereter.net/iidxranking/1100/","8配置標本では実際のRANDOM当たり待ちを十分に拾えていない可能性"
"Saturn","LEGGENDARIA","6.451171875","83.19838056680162","83.80566801619433","10.842210280207162","88.79892037786774","-5.6005398110661275","正規","0.1328125","252","https://ereter.net/iidxranking/5516/","HARD件数が少なくereter推定自体の不確実性も大きい"
"Say YEEEAHH","ANOTHER","5.8310546875","65.31713900134952","65.45209176788124","9.844987156515487","75.97840755735493","-10.66126855600541","FLIP + 左MIRROR","0.05078125","705","https://ereter.net/iidxranking/2483/","認識難・ギミック・個人差など、現特徴量にない要因の可能性"
"SCREAM SQUAD","ANOTHER","3.5986328125","1.7543859649122806","2.631578947368421","6.638713043969561","19.4331983805668","-17.67881241565452","FLIP","0.06640625","1589","https://ereter.net/iidxranking/736/","実際の皿技術差をモデルが軽く見ている可能性 / 局所的な殺しを平均化しすぎている可能性 / 旧作DP特有の配置・認識難を現特徴量で捉え切れていない可能性"
"SCREW // owo // SCREW","ANOTHER","4.5908203125","17.813765182186234","20.78272604588394","6.781434736427406","20.647773279352226","-2.8340080971659916","FLIP + 左MIRROR + 右MIRROR","0.046875","1174","https://ereter.net/iidxranking/4046/","実際の皿技術差をモデルが軽く見ている可能性 / 複雑な押し引きリズムの認識負荷をモデルが軽く見ている可能性"
"Scripted Connection⇒  A mix","LEGGENDARIA","6.3271484375","80.02699055330635","81.5114709851552","9.412650822290686","68.15114709851552","11.875843454790825","FLIP","0.05078125","576","https://ereter.net/iidxranking/4807/","片手の瞬間密度を強く見ている / 8配置標本では実際のRANDOM当たり待ちを十分に拾えていない可能性"
"Scripted Connection⇒  H mix","LEGGENDARIA","5.0869140625","36.032388663967616","34.54790823211876","7.552988649559393","35.08771929824561","0.9446693657220067","右MIRROR","0.0390625","745","https://ereter.net/iidxranking/5760/","8配置標本では実際のRANDOM当たり待ちを十分に拾えていない可能性"
"Secrets","LEGGENDARIA","5.458984375","50.67476383265856","44.12955465587044","9.284792789653935","66.39676113360325","-15.721997300944686","FLIP + 左MIRROR","0.125","706","https://ereter.net/iidxranking/4172/","認識難・ギミック・個人差など、現特徴量にない要因の可能性"
"Sense 2007","HYPER","3.474609375","1.282051282051282","1.8893387314439947","4.01743445364805","2.0242914979757085","-0.7422402159244266","右MIRROR","0.0546875","2272","https://ereter.net/iidxranking/968/","局所的な殺しを平均化しすぎている可能性 / 旧作DP特有の配置・認識難を現特徴量で捉え切れていない可能性"
"Sense 2007","ANOTHER","4.21875","8.097165991902834","10.323886639676113","7.113443629968534","25.506072874493928","-17.408906882591094","右MIRROR","0.0234375","1571","https://ereter.net/iidxranking/969/","旧作DP特有の配置・認識難を現特徴量で捉え切れていない可能性"
"SEQUENCE CAT","ANOTHER","6.0791015625","72.8744939271255","69.70310391363023","11.125705367048948","90.95816464237517","-18.083670715249667","FLIP + 両RANDOM","0.04296875","344","https://ereter.net/iidxranking/3053/","認識難・ギミック・個人差など、現特徴量にない要因の可能性"
"Session 9 -Chronicles-","ANOTHER","5.70703125","61.20107962213225","73.75168690958165","6.7829175818958305","20.78272604588394","40.41835357624831","FLIP + 両RANDOM","0.0390625","1575","https://ereter.net/iidxranking/1566/","縦連負荷・同レーンのタイミングずれの持越しを強く見ている可能性 / ホームを崩す階段・運指負荷を強く見ている / 皿・着地の身体コストをモデルが強く見ている"
"Seven Times Four","ANOTHER","4.962890625","30.971659919028337","20.78272604588394","7.323913541635905","30.76923076923077","0.20242914979756677","正規","0.0859375","729","https://ereter.net/iidxranking/5815/","8配置標本では実際のRANDOM当たり待ちを十分に拾えていない可能性"
"Shooting Fireball","ANOTHER","4.8388671875","25.910931174089068","24.966261808367072","6.6204194205664235","18.89338731443995","7.01754385964912","正規","0.11328125","1725","https://ereter.net/iidxranking/2492/","片手の瞬間密度を強く見ている / 8配置標本では実際のRANDOM当たり待ちを十分に拾えていない可能性"
"Sigmund","ANOTHER","7.3193359375","93.45479082321188","91.76788124156545","11.74511593470191","94.1970310391363","-0.7422402159244257","両RANDOM","0.10546875","227","https://ereter.net/iidxranking/2259/","HARD件数が少なくereter推定自体の不確実性も大きい"
"Sigmund","LEGGENDARIA","7.939453125","97.77327935222672","96.49122807017544","12.701106837213983","97.70580296896087","0.06747638326585559","両RANDOM","0.07421875","104","https://ereter.net/iidxranking/2260/","片手の瞬間密度を強く見ている / ホームを崩す階段・運指負荷を強く見ている / 縦連負荷・同レーンのタイミングずれの持越しを強く見ている可能性"
"Silver Bullet","ANOTHER","6.203125","76.58569500674763","78.2051282051282","9.539412480263547","69.90553306342781","6.680161943319817","FLIP + 両RANDOM","0.04296875","576","https://ereter.net/iidxranking/4755/","ホームを崩す階段・運指負荷を強く見ている"
"Sinus Iridum","ANOTHER","6.451171875","83.19838056680162","83.80566801619433","12.59019065794805","97.30094466936572","-14.102564102564102","左MIRROR","0.0390625","87","https://ereter.net/iidxranking/4509/","ソフラン認識・HS操作コストが未校正 / CN/HCNの拘束・継続ダメージをモデルが簡略化している / HARD件数が少なくereter推定自体の不確実性も大きい"
"Sirius","ANOTHER","3.970703125","3.576248313090418","3.576248313090418","4.234139849950782","2.834008097165992","0.7422402159244261","正規","0.02734375","1251","https://ereter.net/iidxranking/5418/","皿・着地の身体コストをモデルが強く見ている / 8配置標本では実際のRANDOM当たり待ちを十分に拾えていない可能性"
"SISYPHUS","ANOTHER","4.8388671875","25.910931174089068","24.966261808367072","6.6870570838941426","19.838056680161944","6.072874493927124","正規","0.0546875","542","https://ereter.net/iidxranking/5934/","ホームを崩す階段・運指負荷を強く見ている / 8配置標本では実際のRANDOM当たり待ちを十分に拾えていない可能性"
"Skratch Education Lv-1","ANOTHER","7.5673828125","95.47908232118758","95.47908232118758","11.096161665759018","90.68825910931174","4.790823211875832","正規","0.17578125","158","https://ereter.net/iidxranking/5940/","皿・着地の身体コストをモデルが強く見ている / ホームを崩す階段・運指負荷を強く見ている / 8配置標本では実際のRANDOM当たり待ちを十分に拾えていない可能性"
"Sky High","ANOTHER","6.203125","76.58569500674763","73.75168690958165","9.21995564678741","65.31713900134952","11.26855600539811","正規","0.07421875","910","https://ereter.net/iidxranking/3065/","8配置標本では実際のRANDOM当たり待ちを十分に拾えていない可能性"
"Slipstream","ANOTHER","4.8388671875","25.910931174089068","29.217273954116056","7.180544163103844","27.26045883940621","-1.3495276653171402","両RANDOM","0.03515625","1348","https://ereter.net/iidxranking/3490/","認識難・ギミック・個人差など、現特徴量にない要因の可能性"
"Smalt #28598F","ANOTHER","5.0869140625","36.032388663967616","29.217273954116056","6.8633897645944515","22.267206477732792","13.765182186234824","右MIRROR","0.08984375","1132","https://ereter.net/iidxranking/4841/","皿・着地の身体コストをモデルが強く見ている / 8配置標本では実際のRANDOM当たり待ちを十分に拾えていない可能性"
"Smashing Wedge","ANOTHER","6.69921875","87.51686909581646","85.82995951417004","9.841251900141105","75.7085020242915","11.808367071524955","正規","0.046875","547","https://ereter.net/iidxranking/4199/","片手の瞬間密度を強く見ている / 縦連負荷・同レーンのタイミングずれの持越しを強く見ている可能性 / 8配置標本では実際のRANDOM当たり待ちを十分に拾えていない可能性"
"smile","ANOTHER","4.21875","8.097165991902834","5.195681511470985","5.920874563116804","11.875843454790823","-3.7786774628879893","正規","0.09375","1964","https://ereter.net/iidxranking/972/","複雑な押し引きリズムの認識負荷をモデルが軽く見ている可能性 / 長さと実プレイ疲労を過小評価している可能性 / 旧作DP特有の配置・認識難を現特徴量で捉え切れていない可能性"
"Smintheus","ANOTHER","5.5830078125","56.00539811066126","57.3549257759784","9.554615703592173","70.8502024291498","-14.844804318488542","右MIRROR","0.0703125","227","https://ereter.net/iidxranking/6370/","ソフラン認識・HS操作コストが未校正 / HARD件数が少なくereter推定自体の不確実性も大きい / CN/HCNの拘束・継続ダメージをモデルが簡略化している"
"Snake Stick","ANOTHER","4.71484375","21.120107962213226","20.78272604588394","6.5974089966416525","18.62348178137652","2.4966261808367065","正規","0.08984375","1533","https://ereter.net/iidxranking/1761/","8配置標本では実際のRANDOM当たり待ちを十分に拾えていない可能性"
"Snakey Kung-fu","ANOTHER","4.962890625","30.971659919028337","29.217273954116056","7.754625959490902","38.73144399460189","-7.7597840755735525","FLIP + 左MIRROR","0.0390625","1281","https://ereter.net/iidxranking/3068/","長さと実プレイ疲労を過小評価している可能性"
"snow storm","ANOTHER","4.5908203125","17.813765182186234","24.966261808367072","6.111383566250457","14.035087719298245","3.7786774628879893","左MIRROR + 右MIRROR","0.01171875","1999","https://ereter.net/iidxranking/975/","8配置標本では実際のRANDOM当たり待ちを十分に拾えていない可能性"
"Sol Cosine Job 2","ANOTHER","4.5908203125","17.813765182186234","20.78272604588394","8.18572965246398","49.257759784075574","-31.44399460188934","左MIRROR","0.04296875","1185","https://ereter.net/iidxranking/1977/","ソフラン認識・HS操作コストが未校正 / 実際の皿技術差をモデルが軽く見ている可能性"
"SOLAR ECLIPSE","ANOTHER","5.955078125","69.02834008097166","69.70310391363023","9.768928569482936","73.95411605937922","-4.925775978407557","FLIP","0.06640625","466","https://ereter.net/iidxranking/5317/","実際の皿技術差をモデルが軽く見ている可能性"
"SOLID STATE SQUAD","ANOTHER","5.0869140625","36.032388663967616","34.54790823211876","8.337503653998","52.226720647773284","-16.194331983805668","FLIP + 左MIRROR","0.05078125","1233","https://ereter.net/iidxranking/1411/","長さと実プレイ疲労を過小評価している可能性"
"SOLID STATE SQUAD","LEGGENDARIA","6.8232421875","89.13630229419704","88.59649122807018","10.839361385041993","88.66396761133603","0.47233468286100333","左MIRROR","0.078125","396","https://ereter.net/iidxranking/1412/","皿・着地の身体コストをモデルが強く見ている / 8配置標本では実際のRANDOM当たり待ちを十分に拾えていない可能性"
"SOLID STATE SQUAD  -RISEN RELIC REMIX-","ANOTHER","5.3349609375","46.0863697705803","47.57085020242915","8.184847947934394","49.122807017543856","-3.0364372469635583","正規","0.06640625","928","https://ereter.net/iidxranking/4414/","局所的な殺しを平均化しすぎている可能性 / 長さと実プレイ疲労を過小評価している可能性"
"SOLID WYVERN","LEGGENDARIA","7.0712890625","91.3630229419703","90.7557354925776","10.877006264494327","89.06882591093117","2.2941970310391326","右MIRROR","0.01953125","242","https://ereter.net/iidxranking/5617/","片手の瞬間密度を強く見ている / ホームを崩す階段・運指負荷を強く見ている / 8配置標本では実際のRANDOM当たり待ちを十分に拾えていない可能性"
"Somnidiscotheque","ANOTHER","7.69140625","96.221322537112","97.70580296896087","12.936735932884364","98.65047233468286","-2.429149797570858","両RANDOM","0.0546875","63","https://ereter.net/iidxranking/5157/","複雑な押し引きリズムの認識負荷をモデルが軽く見ている可能性 / HARD件数が少なくereter推定自体の不確実性も大きい / 実際の皿技術差をモデルが軽く見ている可能性"
"Sounds Of Summer","ANOTHER","5.5830078125","56.00539811066126","57.3549257759784","6.63223137580561","19.298245614035086","36.70715249662618","左MIRROR + 右MIRROR","0.046875","1662","https://ereter.net/iidxranking/2498/","8配置標本では実際のRANDOM当たり待ちを十分に拾えていない可能性"
"SpaceLand☆TOYBOX","ANOTHER","4.962890625","30.971659919028337","34.54790823211876","7.0593384605421905","24.831309041835357","6.140350877192979","両RANDOM","0.0625","1588","https://ereter.net/iidxranking/2501/","ホームを崩す階段・運指負荷を強く見ている / 8配置標本では実際のRANDOM当たり待ちを十分に拾えていない可能性"
"SPECIAL SUMMER CAMPAIGN!","ANOTHER","4.21875","8.097165991902834","7.557354925775979","5.404269976797874","7.017543859649122","1.0796221322537116","正規","0.06640625","2097","https://ereter.net/iidxranking/1572/","皿・着地の身体コストをモデルが強く見ている / ホームを崩す階段・運指負荷を強く見ている / 8配置標本では実際のRANDOM当たり待ちを十分に拾えていない可能性"
"Sphere","ANOTHER","2.978515625","0","0.20242914979757085","3.6168213855945384","0.9446693657219973","-0.9446693657219973","正規","0.05859375","2256","https://ereter.net/iidxranking/646/","皿の早押し・遅押し最適化が実戦より有利な可能性 / 実際の皿技術差をモデルが軽く見ている可能性 / 局所的な殺しを平均化しすぎている可能性"
"Spica","ANOTHER","4.3427734375","11.875843454790823","34.54790823211876","7.12006681859072","25.775978407557353","-13.90013495276653","左MIRROR","0.015625","1546","https://ereter.net/iidxranking/288/","局所的な殺しを平均化しすぎている可能性 / 旧作DP特有の配置・認識難を現特徴量で捉え切れていない可能性"
"spiral galaxy","LEGGENDARIA","6.0791015625","72.8744939271255","65.45209176788124","9.68072347490104","72.60458839406208","0.26990553306342235","正規","0.05859375","691","https://ereter.net/iidxranking/3426/","8配置標本では実際のRANDOM当たり待ちを十分に拾えていない可能性"
"STARLIGHT DANCEHALL","LEGGENDARIA","5.5830078125","56.00539811066126","52.091767881241566","9.146030974311175","64.37246963562752","-8.367071524966263","正規","0.07421875","848","https://ereter.net/iidxranking/3159/","認識難・ギミック・個人差など、現特徴量にない要因の可能性"
"starmine","ANOTHER","4.3427734375","11.875843454790823","13.360323886639677","6.390209527572774","17.139001349527668","-5.263157894736844","FLIP","0.03515625","1756","https://ereter.net/iidxranking/140/","局所的な殺しを平均化しすぎている可能性 / 旧作DP特有の配置・認識難を現特徴量で捉え切れていない可能性"
"State Of The Art","ANOTHER","5.458984375","50.67476383265856","40.21592442645074","7.245707101819936","28.879892037786774","21.79487179487179","正規","0.06640625","1436","https://ereter.net/iidxranking/3180/","8配置標本では実際のRANDOM当たり待ちを十分に拾えていない可能性"
"STEEL NEEDLE","LEGGENDARIA","6.451171875","83.19838056680162","83.80566801619433","13.498809662632624","99.73009446693656","-16.531713900134946","FLIP + 左MIRROR","0.05859375","39","https://ereter.net/iidxranking/4503/","HARD件数が少なくereter推定自体の不確実性も大きい / 実際の皿技術差をモデルが軽く見ている可能性 / 旧作DP特有の配置・認識難を現特徴量で捉え切れていない可能性"
"Stereo Beasts","ANOTHER","4.8388671875","25.910931174089068","16.869095816464238","7.242012710595871","28.74493927125506","-2.8340080971659916","正規","0.09375","811","https://ereter.net/iidxranking/5509/","長さと実プレイ疲労を過小評価している可能性"
"stoic","ANOTHER","4.21875","8.097165991902834","7.557354925775979","7.211941179824765","28.205128205128204","-20.10796221322537","FLIP + 右MIRROR","0.05078125","1522","https://ereter.net/iidxranking/291/","皿の早押し・遅押し最適化が実戦より有利な可能性 / 旧作DP特有の配置・認識難を現特徴量で捉え切れていない可能性"
"StrayedCatz","ANOTHER","5.0869140625","36.032388663967616","40.21592442645074","8.285783338718245","51.012145748987855","-14.979757085020239","両RANDOM","0.12890625","1137","https://ereter.net/iidxranking/2792/","局所的な殺しを平均化しすぎている可能性"
"STULTI","ANOTHER","6.451171875","83.19838056680162","83.80566801619433","10.5673362248221","86.3697705802969","-3.1713900134952837","正規","0.06640625","465","https://ereter.net/iidxranking/1983/","ソフラン認識・HS操作コストが未校正"
"Stylus","ANOTHER","5.955078125","69.02834008097166","69.70310391363023","7.151029521534044","26.58569500674764","42.44264507422402","FLIP + 左MIRROR","0.09375","920","https://ereter.net/iidxranking/5227/","8配置標本では実際のRANDOM当たり待ちを十分に拾えていない可能性"
"Submerge Serenade","LEGGENDARIA","6.203125","76.58569500674763","73.75168690958165","9.838160414657574","75.5735492577598","1.0121457489878338","正規","0.13671875","226","https://ereter.net/iidxranking/6218/","8配置標本では実際のRANDOM当たり待ちを十分に拾えていない可能性"
"SμG@R RU$#","ANOTHER","7.69140625","96.221322537112","96.49122807017544","12.153458213418014","96.35627530364373","-0.1349527665317254","FLIP + 両RANDOM","0.0546875","96","https://ereter.net/iidxranking/5943/","HARD件数が少なくereter推定自体の不確実性も大きい / 実際の皿技術差をモデルが軽く見ている可能性 / 長さと実プレイ疲労を過小評価している可能性"
"Summer Vacation (CU mix)","HYPER","4.0947265625","5.195681511470985","3.576248313090418","6.858199182307951","21.997300944669366","-16.801619433198383","FLIP + 右MIRROR","0.09375","1577","https://ereter.net/iidxranking/240/","実際の皿技術差をモデルが軽く見ている可能性 / 旧作DP特有の配置・認識難を現特徴量で捉え切れていない可能性"
"Summerlights (IIDX Edition)","ANOTHER","4.71484375","21.120107962213226","29.217273954116056","7.872223248394991","42.10526315789473","-20.985155195681507","正規","0.0703125","1218","https://ereter.net/iidxranking/3077/","局所的な殺しを平均化しすぎている可能性"
"super double play sessions","ANOTHER","6.947265625","90.41835357624831","88.59649122807018","11.86340312923193","95.00674763832659","-4.5883940620782795","両RANDOM","0.0625","83","https://ereter.net/iidxranking/6386/","HARD件数が少なくereter推定自体の不確実性も大きい / CN/HCNの拘束・継続ダメージをモデルが簡略化している"
"Super Duper Racers","LEGGENDARIA","5.5830078125","56.00539811066126","52.091767881241566","8.267276422596524","50.472334682860996","5.533063427800265","FLIP + 右MIRROR","0.01953125","475","https://ereter.net/iidxranking/6219/","8配置標本では実際のRANDOM当たり待ちを十分に拾えていない可能性"
"Super Freak","ANOTHER","5.0869140625","36.032388663967616","40.21592442645074","7.481329721575786","33.738191632928476","2.2941970310391397","正規","0.078125","884","https://ereter.net/iidxranking/5091/","縦連負荷・同レーンのタイミングずれの持越しを強く見ている可能性 / 8配置標本では実際のRANDOM当たり待ちを十分に拾えていない可能性"
"Super Rush","ANOTHER","5.2109375","41.29554655870445","40.21592442645074","5.997726268309874","12.82051282051282","28.475033738191634","正規","0.05078125","1842","https://ereter.net/iidxranking/3080/","片手の瞬間密度を強く見ている / 皿・着地の身体コストをモデルが強く見ている / 8配置標本では実際のRANDOM当たり待ちを十分に拾えていない可能性"
"suspicions","ANOTHER","6.451171875","83.19838056680162","78.2051282051282","10.006380677776262","78.27260458839406","4.925775978407557","正規","0.07421875","390","https://ereter.net/iidxranking/5239/","ホームを崩す階段・運指負荷を強く見ている / 8配置標本では実際のRANDOM当たり待ちを十分に拾えていない可能性"
"SWEET LAB","ANOTHER","3.970703125","3.576248313090418","10.323886639676113","8.085836043071989","46.42375168690958","-42.847503373819166","両RANDOM","0.0625","988","https://ereter.net/iidxranking/143/","皿の早押し・遅押し最適化が実戦より有利な可能性 / 複雑な押し引きリズムの認識負荷をモデルが軽く見ている可能性 / 実際の皿技術差をモデルが軽く見ている可能性"
"Sword of Vengeance","ANOTHER","4.466796875","15.317139001349528","13.360323886639677","4.113432420259921","2.42914979757085","12.887989203778677","FLIP","0.0703125","1224","https://ereter.net/iidxranking/5476/","片手の瞬間密度を強く見ている / 8配置標本では実際のRANDOM当たり待ちを十分に拾えていない可能性"
"SYNC-ANTHEM","ANOTHER","5.2109375","41.29554655870445","34.54790823211876","7.085769235381851","25.236167341430498","16.059379217273953","正規","0.1328125","1613","https://ereter.net/iidxranking/1986/","8配置標本では実際のRANDOM当たり待ちを十分に拾えていない可能性"
"T-REX vs Velociraptor  (In the Far east euphoria)","ANOTHER","4.71484375","21.120107962213226","20.78272604588394","6.07603529895334","13.49527665317139","7.624831309041836","正規","0.0625","1541","https://ereter.net/iidxranking/3953/","縦連負荷・同レーンのタイミングずれの持越しを強く見ている可能性 / 8配置標本では実際のRANDOM当たり待ちを十分に拾えていない可能性"
"T.R.O.L.L.","ANOTHER","3.474609375","1.282051282051282","0.9446693657219973","6.938075234647796","23.481781376518217","-22.199730094466936","正規","0.05859375","643","https://ereter.net/iidxranking/5824/","ソフラン認識・HS操作コストが未校正 / 実際の皿技術差をモデルが軽く見ている可能性"
"TECHNO Style Essentials","ANOTHER","5.2109375","41.29554655870445","44.12955465587044","7.259646555787982","29.1497975708502","12.145748987854251","正規","0.1171875","1284","https://ereter.net/iidxranking/3956/","片手の瞬間密度を強く見ている / 8配置標本では実際のRANDOM当たり待ちを十分に拾えていない可能性"
"TECHNOPHOBIA","ANOTHER","5.8310546875","65.31713900134952","69.70310391363023","8.12827398524565","47.368421052631575","17.948717948717942","両RANDOM","0.07421875","918","https://ereter.net/iidxranking/4965/","8配置標本では実際のRANDOM当たり待ちを十分に拾えていない可能性"
"THE BLACK KNIGHT","ANOTHER","4.71484375","21.120107962213226","16.869095816464238","6.537797959020494","18.353576248313093","2.7665317139001324","左MIRROR + 右MIRROR","0.12109375","1764","https://ereter.net/iidxranking/1584/","8配置標本では実際のRANDOM当たり待ちを十分に拾えていない可能性"
"THE BLACK KNIGHT","LEGGENDARIA","7.939453125","97.77327935222672","97.70580296896087","12.6552747668581","97.43589743589743","0.33738191632929215","正規","0.0859375","36","https://ereter.net/iidxranking/6220/","ホームを崩す階段・運指負荷を強く見ている / 片手の瞬間密度を強く見ている / 8配置標本では実際のRANDOM当たり待ちを十分に拾えていない可能性"
"THE BRAVE MUST DIE","ANOTHER","6.203125","76.58569500674763","81.5114709851552","10.203443443398639","81.5114709851552","-4.925775978407572","左MIRROR","0.05859375","510","https://ereter.net/iidxranking/3959/","CN/HCNの拘束・継続ダメージをモデルが簡略化している / 長さと実プレイ疲労を過小評価している可能性"
"The Chase","ANOTHER","4.21875","8.097165991902834","13.360323886639677","5.77912093413974","10.256410256410255","-2.1592442645074215","正規","0.0703125","1356","https://ereter.net/iidxranking/3303/","実際の皿技術差をモデルが軽く見ている可能性 / 局所的な殺しを平均化しすぎている可能性"
"The Clown of 24stairs","ANOTHER","6.203125","76.58569500674763","78.2051282051282","10.288426134802688","82.99595141700405","-6.410256410256423","FLIP","0.05078125","367","https://ereter.net/iidxranking/5115/","複雑な押し引きリズムの認識負荷をモデルが軽く見ている可能性"
"THE DAY OF JUBILATIONS","ANOTHER","5.5830078125","56.00539811066126","52.091767881241566","8.582365874232387","55.3306342780027","0.674763832658563","左MIRROR + 右MIRROR","0.03125","1004","https://ereter.net/iidxranking/3599/","8配置標本では実際のRANDOM当たり待ちを十分に拾えていない可能性"
"THE DEEP STRIKER","LEGGENDARIA","5.3349609375","46.0863697705803","47.57085020242915","10.228510842145164","82.18623481781377","-36.09986504723347","左MIRROR","0.0390625","515","https://ereter.net/iidxranking/3162/","実際の皿技術差をモデルが軽く見ている可能性 / 旧作DP特有の配置・認識難を現特徴量で捉え切れていない可能性"
"THE F∀UST","ANOTHER","6.5751953125","85.69500674763833","83.80566801619433","10.237768791191852","82.32118758434548","3.3738191632928505","両RANDOM","0.05859375","504","https://ereter.net/iidxranking/4058/","片手の瞬間密度を強く見ている / ホームを崩す階段・運指負荷を強く見ている / 8配置標本では実際のRANDOM当たり待ちを十分に拾えていない可能性"
"The Last Apocalypse","ANOTHER","5.2109375","41.29554655870445","34.54790823211876","8.523408095630522","54.116059379217276","-12.820512820512825","右MIRROR","0.0390625","586","https://ereter.net/iidxranking/5562/","長さと実プレイ疲労を過小評価している可能性"
"The Least 100sec","ANOTHER","4.5908203125","17.813765182186234","20.78272604588394","5.167407139363691","5.802968960863698","12.010796221322536","正規","0.01953125","2037","https://ereter.net/iidxranking/2516/","ホームを崩す階段・運指負荷を強く見ている / 皿・着地の身体コストをモデルが強く見ている / 8配置標本では実際のRANDOM当たり待ちを十分に拾えていない可能性"
"The Limbo","ANOTHER","5.70703125","61.20107962213225","61.53846153846154","9.421467231639959","68.28609986504723","-7.085020242914986","正規","0.1171875","896","https://ereter.net/iidxranking/1770/","認識難・ギミック・個人差など、現特徴量にない要因の可能性"
"The Limbo","LEGGENDARIA","8.0634765625","98.65047233468286","98.31309041835358","12.762019032435775","97.84075573549258","0.8097165991902813","両RANDOM","0.08984375","78","https://ereter.net/iidxranking/5033/","片手の瞬間密度を強く見ている"
"The Onlyonez","ANOTHER","3.72265625","2.2267206477732793","1.8893387314439947","4.12436496511595","2.564102564102564","-0.3373819163292846","左MIRROR","0.02734375","1068","https://ereter.net/iidxranking/5827/","CN/HCNの拘束・継続ダメージをモデルが簡略化している"
"THE PEERLESS UNDER HEAVEN","ANOTHER","5.8310546875","65.31713900134952","65.45209176788124","9.276756020273513","66.26180836707152","-0.9446693657220067","両RANDOM","0.0625","721","https://ereter.net/iidxranking/4366/","実際の皿技術差をモデルが軽く見ている可能性"
"The Rebellion of Sequencer","ANOTHER","6.0791015625","72.8744939271255","73.75168690958165","9.788361346919494","74.22402159244264","-1.3495276653171402","正規","0.02734375","673","https://ereter.net/iidxranking/3602/","認識難・ギミック・個人差など、現特徴量にない要因の可能性"
"The Sampling Paradise","ANOTHER","5.2109375","41.29554655870445","40.21592442645074","7.409976622587465","32.388663967611336","8.906882591093115","正規","0.0703125","1558","https://ereter.net/iidxranking/1773/","皿・着地の身体コストをモデルが強く見ている / 8配置標本では実際のRANDOM当たり待ちを十分に拾えていない可能性"
"the trigger of innocence","LEGGENDARIA","4.71484375","21.120107962213226","13.360323886639677","7.20248654267932","27.93522267206478","-6.815114709851553","正規","0.16015625","1048","https://ereter.net/iidxranking/4564/","長さと実プレイ疲労を過小評価している可能性 / 旧作DP特有の配置・認識難を現特徴量で捉え切れていない可能性"
"Thor's Hammer","ANOTHER","7.5673828125","95.47908232118758","97.16599190283401","10.896654363769224","89.47368421052632","6.005398110661261","左MIRROR","0.06640625","391","https://ereter.net/iidxranking/1995/","片手の瞬間密度を強く見ている / ホームを崩す階段・運指負荷を強く見ている / 8配置標本では実際のRANDOM当たり待ちを十分に拾えていない可能性"
"thunder  HOUSE NATION Remix","LEGGENDARIA","5.2109375","41.29554655870445","34.54790823211876","9.048751023801985","63.42780026990553","-22.13225371120108","正規","0.046875","708","https://ereter.net/iidxranking/4457/","認識難・ギミック・個人差など、現特徴量にない要因の可能性"
"THUNDERSTRIKE","ANOTHER","5.0869140625","36.032388663967616","40.21592442645074","6.642910732481097","19.568151147098515","16.4642375168691","両RANDOM","0.0546875","665","https://ereter.net/iidxranking/6373/","認識難・ギミック・個人差など、現特徴量にない要因の可能性"
"TIEFSEE","ANOTHER","6.0791015625","72.8744939271255","65.45209176788124","7.279664205769595","29.82456140350877","43.04993252361673","FLIP","0.0546875","1544","https://ereter.net/iidxranking/2519/","8配置標本では実際のRANDOM当たり待ちを十分に拾えていない可能性"
"Tiempo Loco","ANOTHER","6.3271484375","80.02699055330635","73.75168690958165","8.05009255639422","45.614035087719294","34.41295546558705","FLIP","0.09375","971","https://ereter.net/iidxranking/4432/","8配置標本では実際のRANDOM当たり待ちを十分に拾えていない可能性"
"Time to Air","LEGGENDARIA","5.8310546875","65.31713900134952","65.45209176788124","10.156230477797708","80.83670715249663","-15.519568151147112","正規","0.06640625","396","https://ereter.net/iidxranking/4845/","複雑な押し引きリズムの認識負荷をモデルが軽く見ている可能性 / 実際の皿技術差をモデルが軽く見ている可能性 / 旧作DP特有の配置・認識難を現特徴量で捉え切れていない可能性"
"Time To Empress","LEGGENDARIA","4.5908203125","17.813765182186234","24.966261808367072","7.55338698262995","35.22267206477733","-17.408906882591094","正規","0.05078125","558","https://ereter.net/iidxranking/6224/","CN/HCNの拘束・継続ダメージをモデルが簡略化している"
"Timepiece phase II","ANOTHER","5.8310546875","65.31713900134952","69.70310391363023","10.100821873887055","79.48717948717949","-14.170040485829972","両RANDOM","0.05078125","621","https://ereter.net/iidxranking/2001/","実際の皿技術差をモデルが軽く見ている可能性"
"Timepiece phase II (CN Ver.)","ANOTHER","5.458984375","50.67476383265856","52.091767881241566","8.80844467115454","59.51417004048582","-8.83940620782726","両RANDOM","0.08984375","1029","https://ereter.net/iidxranking/2004/","実際の皿技術差をモデルが軽く見ている可能性"
"TITANS RETURN","LEGGENDARIA","4.466796875","15.317139001349528","13.360323886639677","10.88566482074452","89.3387314439946","-74.02159244264507","FLIP","0.05078125","291","https://ereter.net/iidxranking/4078/","ソフラン認識・HS操作コストが未校正 / CN/HCNの拘束・継続ダメージをモデルが簡略化している / HARD件数が少なくereter推定自体の不確実性も大きい"
"Todestrieb","ANOTHER","6.3271484375","80.02699055330635","73.75168690958165","9.262349233992923","65.9919028340081","14.035087719298247","FLIP","0.0234375","977","https://ereter.net/iidxranking/1782/","8配置標本では実際のRANDOM当たり待ちを十分に拾えていない可能性"
"TOGAKUSHI","ANOTHER","4.3427734375","11.875843454790823","13.360323886639677","5.220927256682268","6.0728744939271255","5.802968960863698","FLIP + 右MIRROR","0.0390625","1954","https://ereter.net/iidxranking/3092/","8配置標本では実際のRANDOM当たり待ちを十分に拾えていない可能性"
"TOMAHAWK","ANOTHER","5.8310546875","65.31713900134952","65.45209176788124","8.012566749635251","44.26450742240216","21.052631578947356","正規","0.05078125","821","https://ereter.net/iidxranking/4710/","8配置標本では実際のRANDOM当たり待ちを十分に拾えていない可能性"
"TOXIC VIBRATION","ANOTHER","6.3271484375","80.02699055330635","73.75168690958165","8.969258092617842","62.07827260458839","17.948717948717956","FLIP + 右MIRROR","0.06640625","994","https://ereter.net/iidxranking/2522/","片手の瞬間密度を強く見ている / 8配置標本では実際のRANDOM当たり待ちを十分に拾えていない可能性"
"TRANOID","ANOTHER","4.21875","8.097165991902834","16.869095816464238","9.99715748733374","78.13765182186235","-70.04048582995952","FLIP","0.03515625","632","https://ereter.net/iidxranking/984/","ソフラン認識・HS操作コストが未校正 / 実際の皿技術差をモデルが軽く見ている可能性 / 局所的な殺しを平均化しすぎている可能性"
"TRANOID","LEGGENDARIA","6.451171875","83.19838056680162","81.5114709851552","11.690157423073156","93.92712550607287","-10.728744939271252","正規","0.11328125","171","https://ereter.net/iidxranking/4162/","ソフラン認識・HS操作コストが未校正 / CN/HCNの拘束・継続ダメージをモデルが簡略化している / HARD件数が少なくereter推定自体の不確実性も大きい"
"Trill auf G","ANOTHER","5.458984375","50.67476383265856","52.091767881241566","8.184536898259454","48.987854251012145","1.6869095816464181","FLIP","0.015625","1026","https://ereter.net/iidxranking/3860/","8配置標本では実際のRANDOM当たり待ちを十分に拾えていない可能性"
"Triple Counter","ANOTHER","6.203125","76.58569500674763","73.75168690958165","9.71107819473939","73.27935222672065","3.3063427800269807","FLIP + 右MIRROR","0.05078125","750","https://ereter.net/iidxranking/2810/","皿・着地の身体コストをモデルが強く見ている / 8配置標本では実際のRANDOM当たり待ちを十分に拾えていない可能性"
"Triple Cross","ANOTHER","4.71484375","21.120107962213226","16.869095816464238","7.96948881780804","43.45479082321187","-22.334682860998647","正規","0.0703125","974","https://ereter.net/iidxranking/4645/","CN/HCNの拘束・継続ダメージをモデルが簡略化している"
"tripping contact (teranoid&MC Natsack Remix)","ANOTHER","4.3427734375","11.875843454790823","10.323886639676113","7.774757509684373","39.67611336032389","-27.800269905533064","FLIP + 右MIRROR","0.07421875","1320","https://ereter.net/iidxranking/861/","旧作DP特有の配置・認識難を現特徴量で捉え切れていない可能性"
"TRIUMPH","ANOTHER","4.8388671875","25.910931174089068","24.966261808367072","5.750942417893925","9.986504723346828","15.92442645074224","正規","0.1015625","1619","https://ereter.net/iidxranking/3962/","皿・着地の身体コストをモデルが強く見ている / 8配置標本では実際のRANDOM当たり待ちを十分に拾えていない可能性"
"TROOPERS","ANOTHER","3.970703125","3.576248313090418","3.576248313090418","5.423725948861448","7.422402159244265","-3.8461538461538467","左MIRROR","0.12109375","2024","https://ereter.net/iidxranking/1127/","実際の皿技術差をモデルが軽く見ている可能性 / 旧作DP特有の配置・認識難を現特徴量で捉え切れていない可能性"
"True Blue","ANOTHER","4.8388671875","25.910931174089068","16.869095816464238","5.8084897818058945","10.796221322537113","15.114709851551956","両RANDOM","0.05859375","2055","https://ereter.net/iidxranking/2010/","8配置標本では実際のRANDOM当たり待ちを十分に拾えていない可能性"
"Twelfth Style","LEGGENDARIA","5.955078125","69.02834008097166","69.70310391363023","9.195688320430806","65.04723346828611","3.9811066126855508","左MIRROR + 右MIRROR","0.05859375","753","https://ereter.net/iidxranking/3839/","片手の瞬間密度を強く見ている / 8配置標本では実際のRANDOM当たり待ちを十分に拾えていない可能性"
"u gotta beat","ANOTHER","5.70703125","61.20107962213225","61.53846153846154","7.553514765298205","35.35762483130904","25.84345479082321","FLIP + 左MIRROR","0.0703125","825","https://ereter.net/iidxranking/5716/","8配置標本では実際のRANDOM当たり待ちを十分に拾えていない可能性"
"Uaigh Geala&#0237;","ANOTHER","6.3271484375","80.02699055330635","78.2051282051282","10.123154347567862","79.89203778677462","0.1349527665317254","FLIP + 右MIRROR","0.05078125","289","https://ereter.net/iidxranking/5949/","8配置標本では実際のRANDOM当たり待ちを十分に拾えていない可能性"
"&Uuml;bertreffen","LEGGENDARIA","5.70703125","61.20107962213225","61.53846153846154","8.751578404275978","58.02968960863698","3.1713900134952695","両RANDOM","0.04296875","923","https://ereter.net/iidxranking/3512/","ホームを崩す階段・運指負荷を強く見ている"
"Umbral","LEGGENDARIA","4.21875","8.097165991902834","10.323886639676113","7.4281991174541355","32.79352226720648","-24.696356275303643","正規","0.02734375","883","https://ereter.net/iidxranking/4870/","CN/HCNの拘束・継続ダメージをモデルが簡略化している"
"Unbelief","ANOTHER","6.451171875","83.19838056680162","81.5114709851552","9.578129774463381","71.12010796221323","12.078272604588392","FLIP","0.078125","685","https://ereter.net/iidxranking/3743/","片手の瞬間密度を強く見ている / 8配置標本では実際のRANDOM当たり待ちを十分に拾えていない可能性"
"UNDO THE NIGHT","ANOTHER","4.71484375","21.120107962213226","20.78272604588394","7.0790389110368865","25.101214574898783","-3.981106612685558","正規","0.0546875","606","https://ereter.net/iidxranking/6227/","実際の皿技術差をモデルが軽く見ている可能性 / 複雑な押し引きリズムの認識負荷をモデルが軽く見ている可能性"
"Unicorn tail","ANOTHER","4.0947265625","5.195681511470985","5.195681511470985","6.3400610328145115","16.734143049932523","-11.538461538461538","右MIRROR","0.03515625","1825","https://ereter.net/iidxranking/2272/","長さと実プレイ疲労を過小評価している可能性 / 複雑な押し引きリズムの認識負荷をモデルが軽く見ている可能性"
"Urban Constellations","LEGGENDARIA","5.955078125","69.02834008097166","73.75168690958165","10.73352944512552","87.98920377867746","-18.960863697705804","両RANDOM","0.02734375","134","https://ereter.net/iidxranking/6374/","CN/HCNの拘束・継続ダメージをモデルが簡略化している / HARD件数が少なくereter推定自体の不確実性も大きい / 複雑な押し引きリズムの認識負荷をモデルが軽く見ている可能性"
"Usual Days -remix","ANOTHER","4.466796875","15.317139001349528","16.869095816464238","9.533106662070377","69.77058029689609","-54.453441295546554","両RANDOM","0.03125","749","https://ereter.net/iidxranking/3361/","実際の皿技術差をモデルが軽く見ている可能性"
"Valanga","ANOTHER","5.458984375","50.67476383265856","47.57085020242915","9.15815234339002","64.50742240215924","-13.832658569500673","正規","0.015625","975","https://ereter.net/iidxranking/2013/","CN/HCNの拘束・継続ダメージをモデルが簡略化している"
"VANESSA","ANOTHER","5.955078125","69.02834008097166","73.75168690958165","9.958050262744889","77.59784075573549","-8.56950067476383","正規","0.0546875","683","https://ereter.net/iidxranking/987/","皿の早押し・遅押し最適化が実戦より有利な可能性 / 実際の皿技術差をモデルが軽く見ている可能性 / 旧作DP特有の配置・認識難を現特徴量で捉え切れていない可能性"
"VANESSA","LEGGENDARIA","7.5673828125","95.47908232118758","94.12955465587044","11.23506120320975","91.76788124156545","3.7112010796221284","正規","0.0546875","303","https://ereter.net/iidxranking/988/","片手の瞬間密度を強く見ている / ホームを崩す階段・運指負荷を強く見ている / 8配置標本では実際のRANDOM当たり待ちを十分に拾えていない可能性"
"Verflucht","ANOTHER","7.0712890625","91.3630229419703","90.7557354925776","10.370468109836226","83.67071524966262","7.692307692307679","両RANDOM","0.0625","554","https://ereter.net/iidxranking/2278/","片手の瞬間密度を強く見ている"
"Verflucht","LEGGENDARIA","7.8154296875","96.82860998650472","95.47908232118758","11.106053430879381","90.82321187584346","6.005398110661261","両RANDOM","0.0703125","348","https://ereter.net/iidxranking/2279/","片手の瞬間密度を強く見ている / 8配置標本では実際のRANDOM当たり待ちを十分に拾えていない可能性"
"Vermilion Carol","ANOTHER","5.70703125","61.20107962213225","52.091767881241566","8.056229754723002","45.74898785425101","15.452091767881235","正規","0.0703125","750","https://ereter.net/iidxranking/5442/","ホームを崩す階段・運指負荷を強く見ている / 8配置標本では実際のRANDOM当たり待ちを十分に拾えていない可能性"
"Vinculum stellarum","ANOTHER","5.5830078125","56.00539811066126","52.091767881241566","8.125224757605732","47.233468286099864","8.771929824561397","正規","0.0546875","978","https://ereter.net/iidxranking/4123/","8配置標本では実際のRANDOM当たり待ちを十分に拾えていない可能性"
"Violet Pulse","LEGGENDARIA","6.5751953125","85.69500674763833","83.80566801619433","10.292873114850048","83.13090418353576","2.564102564102569","FLIP + 両RANDOM","0.0625","362","https://ereter.net/iidxranking/5196/","片手の瞬間密度を強く見ている / ホームを崩す階段・運指負荷を強く見ている / 8配置標本では実際のRANDOM当たり待ちを十分に拾えていない可能性"
"Viridian","ANOTHER","5.70703125","61.20107962213225","57.3549257759784","8.408608226871543","53.17139001349528","8.029689608636971","左MIRROR","0.03515625","916","https://ereter.net/iidxranking/4375/","片手の瞬間密度を強く見ている / 8配置標本では実際のRANDOM当たり待ちを十分に拾えていない可能性"
"Visterhv","ANOTHER","5.0869140625","36.032388663967616","40.21592442645074","7.542190857019578","34.68286099865047","1.3495276653171473","FLIP + 両RANDOM","0.046875","1260","https://ereter.net/iidxranking/3797/","ホームを崩す階段・運指負荷を強く見ている / 8配置標本では実際のRANDOM当たり待ちを十分に拾えていない可能性"
"Vitrum","ANOTHER","4.0947265625","5.195681511470985","7.557354925775979","5.669716028751585","9.31174089068826","-4.116059379217274","両RANDOM","0.03125","1535","https://ereter.net/iidxranking/4312/","認識難・ギミック・個人差など、現特徴量にない要因の可能性"
"VOLAQUAS","ANOTHER","6.3271484375","80.02699055330635","78.2051282051282","8.85502505258409","60.32388663967612","19.70310391363023","正規","0.0390625","644","https://ereter.net/iidxranking/5028/","片手の瞬間密度を強く見ている / 縦連負荷・同レーンのタイミングずれの持越しを強く見ている可能性 / 8配置標本では実際のRANDOM当たり待ちを十分に拾えていない可能性"
"voltississimo","ANOTHER","6.947265625","90.41835357624831","90.7557354925776","8.779903653228228","58.83940620782726","31.578947368421048","FLIP + 左MIRROR","0.07421875","770","https://ereter.net/iidxranking/3863/","ホームを崩す階段・運指負荷を強く見ている / 縦連負荷・同レーンのタイミングずれの持越しを強く見ている可能性 / 片手の瞬間密度を強く見ている"
"VOX UP","ANOTHER","6.0791015625","72.8744939271255","78.2051282051282","10.432377938247853","84.61538461538461","-11.740890688259114","左MIRROR","0.04296875","506","https://ereter.net/iidxranking/2282/","局所的な殺しを平均化しすぎている可能性 / 実際の皿技術差をモデルが軽く見ている可能性 / 複雑な押し引きリズムの認識負荷をモデルが軽く見ている可能性"
"Vulnerability","ANOTHER","6.203125","76.58569500674763","69.70310391363023","10.035436914097213","78.67746288798921","-2.09176788124158","FLIP + 右MIRROR","0.109375","356","https://ereter.net/iidxranking/5598/","複雑な押し引きリズムの認識負荷をモデルが軽く見ている可能性 / CN/HCNの拘束・継続ダメージをモデルが簡略化している"
"Wanna Party?","LEGGENDARIA","4.466796875","15.317139001349528","13.360323886639677","7.269999954991623","29.68960863697706","-14.372469635627532","左MIRROR","0.05078125","1312","https://ereter.net/iidxranking/3813/","旧作DP特有の配置・認識難を現特徴量で捉え切れていない可能性"
"waxing and wanding","LEGGENDARIA","6.3271484375","80.02699055330635","78.2051282051282","10.026546198342777","78.54251012145748","1.4844804318488656","FLIP","0.0625","572","https://ereter.net/iidxranking/3511/","ホームを崩す階段・運指負荷を強く見ている / 片手の瞬間密度を強く見ている / 8配置標本では実際のRANDOM当たり待ちを十分に拾えていない可能性"
"We're so Happy (P*Light Remix) IIDX ver.","ANOTHER","4.962890625","30.971659919028337","24.966261808367072","5.351302186966106","6.882591093117409","24.08906882591093","正規","0.06640625","2038","https://ereter.net/iidxranking/2528/","縦連負荷・同レーンのタイミングずれの持越しを強く見ている可能性 / 8配置標本では実際のRANDOM当たり待ちを十分に拾えていない可能性"
"Welcome","LEGGENDARIA","5.955078125","69.02834008097166","65.45209176788124","10.009596794264793","78.40755735492577","-9.379217273954112","FLIP","0.03125","552","https://ereter.net/iidxranking/3808/","認識難・ギミック・個人差など、現特徴量にない要因の可能性"
"WHA","ANOTHER","6.451171875","83.19838056680162","78.2051282051282","10.160224767704813","80.97165991902834","2.226720647773277","正規","0.05859375","414","https://ereter.net/iidxranking/4819/","皿・着地の身体コストをモデルが強く見ている / ホームを崩す階段・運指負荷を強く見ている / 8配置標本では実際のRANDOM当たり待ちを十分に拾えていない可能性"
"Without Heaven","ANOTHER","5.3349609375","46.0863697705803","47.57085020242915","9.55176813084599","70.71524966261808","-24.62887989203778","右MIRROR","0.04296875","373","https://ereter.net/iidxranking/5830/","認識難・ギミック・個人差など、現特徴量にない要因の可能性"
"WONDER WALKER","ANOTHER","5.458984375","50.67476383265856","44.12955465587044","6.826755367607254","21.18758434547908","29.487179487179482","正規","0.078125","1727","https://ereter.net/iidxranking/1788/","8配置標本では実際のRANDOM当たり待ちを十分に拾えていない可能性"
"X","ANOTHER","7.1953125","92.44264507422402","89.67611336032388","10.667890067230303","87.17948717948718","5.263157894736835","正規","0.03125","452","https://ereter.net/iidxranking/2828/","片手の瞬間密度を強く見ている / ホームを崩す階段・運指負荷を強く見ている / 8配置標本では実際のRANDOM当たり待ちを十分に拾えていない可能性"
"Xb10r","ANOTHER","5.2109375","41.29554655870445","34.54790823211876","7.294086629890769","30.364372469635626","10.931174089068826","正規","0.171875","704","https://ereter.net/iidxranking/5491/","ホームを崩す階段・運指負荷を強く見ている / 8配置標本では実際のRANDOM当たり待ちを十分に拾えていない可能性"
"Xerulean","ANOTHER","6.69921875","87.51686909581646","83.80566801619433","10.75159848994522","88.12415654520917","-0.6072874493927145","正規","0.05078125","291","https://ereter.net/iidxranking/5175/","実際の皿技術差をモデルが軽く見ている可能性 / 複雑な押し引きリズムの認識負荷をモデルが軽く見ている可能性 / HARD件数が少なくereter推定自体の不確実性も大きい"
"XHRONOXAPSULΞ","ANOTHER","7.3193359375","93.45479082321188","94.12955465587044","11.128337023736188","91.09311740890689","2.3616734143049882","正規","0.109375","141","https://ereter.net/iidxranking/5952/","ホームを崩す階段・運指負荷を強く見ている / 片手の瞬間密度を強く見ている / 8配置標本では実際のRANDOM当たり待ちを十分に拾えていない可能性"
"Xperanza","ANOTHER","4.71484375","21.120107962213226","24.966261808367072","7.116299713127058","25.64102564102564","-4.520917678812413","正規","0.0625","1463","https://ereter.net/iidxranking/3312/","実際の皿技術差をモデルが軽く見ている可能性 / 複雑な押し引きリズムの認識負荷をモデルが軽く見ている可能性"
"Y&Co. is dead or alive","ANOTHER","4.21875","8.097165991902834","10.323886639676113","11.079695623172706","90.55330634278003","-82.4561403508772","正規","0.02734375","262","https://ereter.net/iidxranking/3433/","ソフラン認識・HS操作コストが未校正 / 複雑な押し引きリズムの認識負荷をモデルが軽く見ている可能性 / 実際の皿技術差をモデルが軽く見ている可能性"
"YAKSHA","ANOTHER","5.0869140625","36.032388663967616","29.217273954116056","8.708629748754834","57.08502024291497","-21.052631578947356","FLIP + 右MIRROR","0.046875","1086","https://ereter.net/iidxranking/1791/","長さと実プレイ疲労を過小評価している可能性"
"yellow head joe","ANOTHER","4.3427734375","11.875843454790823","7.557354925775979","4.7346027895440965","4.318488529014845","7.557354925775979","正規","0.0859375","2287","https://ereter.net/iidxranking/1794/","8配置標本では実際のRANDOM当たり待ちを十分に拾えていない可能性"
"Ypsilon","LEGGENDARIA","4.71484375","21.120107962213226","20.78272604588394","7.434605799502277","32.928475033738195","-11.80836707152497","正規","0.04296875","954","https://ereter.net/iidxranking/4562/","認識難・ギミック・個人差など、現特徴量にない要因の可能性"
"ZED","LEGGENDARIA","6.0791015625","72.8744939271255","69.70310391363023","10.299755666743032","83.26585695006747","-10.391363022941974","左MIRROR","0.07421875","155","https://ereter.net/iidxranking/6233/","複雑な押し引きリズムの認識負荷をモデルが軽く見ている可能性 / HARD件数が少なくereter推定自体の不確実性も大きい"
"ZEPHYRANTHES","LEGGENDARIA","5.5830078125","56.00539811066126","47.57085020242915","8.566798716697301","54.79082321187584","1.214574898785422","左MIRROR","0.04296875","812","https://ereter.net/iidxranking/4131/","8配置標本では実際のRANDOM当たり待ちを十分に拾えていない可能性"
"ZETA ～素数の世界と超越者～","ANOTHER","5.70703125","61.20107962213225","57.3549257759784","8.737483284631978","57.89473684210527","3.3063427800269807","左MIRROR","0.05078125","1042","https://ereter.net/iidxranking/1614/","ホームを崩す階段・運指負荷を強く見ている / 8配置標本では実際のRANDOM当たり待ちを十分に拾えていない可能性"
"Zirkfied","ANOTHER","6.3271484375","80.02699055330635","78.2051282051282","9.546472383440303","70.17543859649122","9.851551956815129","正規","0.05078125","837","https://ereter.net/iidxranking/2028/","皿・着地の身体コストをモデルが強く見ている / 片手の瞬間密度を強く見ている / 8配置標本では実際のRANDOM当たり待ちを十分に拾えていない可能性"
"ZZ","ANOTHER","5.3349609375","46.0863697705803","47.57085020242915","5.615256370338005","8.771929824561402","37.314439946018894","左MIRROR","0.0234375","2127","https://ereter.net/iidxranking/2534/","8配置標本では実際のRANDOM当たり待ちを十分に拾えていない可能性"
"1116","ANOTHER","5.0869140625","36.032388663967616","40.21592442645074","8.917205472880925","61.1336032388664","-25.101214574898783","左MIRROR + 右MIRROR","0.0625","483","https://ereter.net/iidxranking/5773/","実際の皿技術差をモデルが軽く見ている可能性"
"199024club -Re:BounceKiller-","ANOTHER","4.0947265625","5.195681511470985","5.195681511470985","3.6183441275265635","1.0796221322537112","4.116059379217274","FLIP","0.0234375","2124","https://ereter.net/iidxranking/2617/","8配置標本では実際のRANDOM当たり待ちを十分に拾えていない可能性"
"1st Samurai","ANOTHER","4.21875","8.097165991902834","5.195681511470985","7.480666524278134","33.603238866396765","-25.50607287449393","FLIP","0.00390625","1389","https://ereter.net/iidxranking/481/","ソフラン認識・HS操作コストが未校正 / 複雑な押し引きリズムの認識負荷をモデルが軽く見ている可能性 / 旧作DP特有の配置・認識難を現特徴量で捉え切れていない可能性"
"2 Be Continued","ANOTHER","5.5830078125","56.00539811066126","52.091767881241566","8.882902245198075","60.59379217273953","-4.588394062078272","正規","0.125","529","https://ereter.net/iidxranking/5995/","CN/HCNの拘束・継続ダメージをモデルが簡略化している"
"2 Beasts Unchained","ANOTHER","6.0791015625","72.8744939271255","73.75168690958165","9.64861464311806","72.19973009446694","0.6747638326585559","右MIRROR","0.06640625","497","https://ereter.net/iidxranking/4792/","皿・着地の身体コストをモデルが強く見ている / ホームを崩す階段・運指負荷を強く見ている / 8配置標本では実際のRANDOM当たり待ちを十分に拾えていない可能性"
"24h Endurance Race","ANOTHER","6.0791015625","72.8744939271255","78.2051282051282","8.671558682360395","56.00539811066126","16.869095816464238","正規","0.05078125","634","https://ereter.net/iidxranking/5203/","縦連負荷・同レーンのタイミングずれの持越しを強く見ている可能性 / 8配置標本では実際のRANDOM当たり待ちを十分に拾えていない可能性"
"255","ANOTHER","4.466796875","15.317139001349528","13.360323886639677","7.283312489703825","30.0944669365722","-14.777327935222672","正規","0.1015625","1220","https://ereter.net/iidxranking/3484/","実際の皿技術差をモデルが軽く見ている可能性"
"27th style","LEGGENDARIA","5.2109375","41.29554655870445","34.54790823211876","9.335707242581078","67.0715249662618","-25.775978407557353","正規","0.08984375","221","https://ereter.net/iidxranking/6311/","実際の皿技術差をモデルが軽く見ている可能性 / HARD件数が少なくereter推定自体の不確実性も大きい"
"3y3s","ANOTHER","5.2109375","41.29554655870445","40.21592442645074","6.2986990823206455","16.32928475033738","24.966261808367072","FLIP","0.0703125","1890","https://ereter.net/iidxranking/1156/","ホームを崩す階段・運指負荷を強く見ている / 8配置標本では実際のRANDOM当たり待ちを十分に拾えていない可能性"
"[ ]DENTITY","ANOTHER","6.203125","76.58569500674763","73.75168690958165","9.68809357839762","72.73954116059379","3.8461538461538396","正規","0.12109375","523","https://ereter.net/iidxranking/5025/","ホームを崩す階段・運指負荷を強く見ている / 8配置標本では実際のRANDOM当たり待ちを十分に拾えていない可能性"
"紫陽花 -AZISAI-","ANOTHER","4.3427734375","11.875843454790823","5.195681511470985","3.916602254389638","1.7543859649122806","10.121457489878543","正規","0.06640625","2364","https://ereter.net/iidxranking/2855/","8配置標本では実際のRANDOM当たり待ちを十分に拾えていない可能性"
"紫陽花 -AZISAI-","LEGGENDARIA","5.955078125","69.02834008097166","69.70310391363023","10.786458426374907","88.39406207827261","-19.365721997300952","FLIP + 両RANDOM","0.05078125","252","https://ereter.net/iidxranking/5623/","CN/HCNの拘束・継続ダメージをモデルが簡略化している / 実際の皿技術差をモデルが軽く見ている可能性 / 複雑な押し引きリズムの認識負荷をモデルが軽く見ている可能性"
"アストライアの双皿","ANOTHER","4.5908203125","17.813765182186234","16.869095816464238","8.339094322633265","52.36167341430499","-34.54790823211876","右MIRROR","0.03125","1098","https://ereter.net/iidxranking/2034/","実際の皿技術差をモデルが軽く見ている可能性 / 複雑な押し引きリズムの認識負荷をモデルが軽く見ている可能性 / CN/HCNの拘束・継続ダメージをモデルが簡略化している"
"天邪鬼","ANOTHER","5.3349609375","46.0863697705803","40.21592442645074","7.872170338668739","41.97031039136302","4.116059379217276","FLIP","0.07421875","966","https://ereter.net/iidxranking/4825/","8配置標本では実際のRANDOM当たり待ちを十分に拾えていない可能性"
"アラビアン ハイパー ナイト","ANOTHER","6.0791015625","72.8744939271255","73.75168690958165","9.404825826424995","68.0161943319838","4.858299595141702","FLIP + 両RANDOM","0.0390625","378","https://ereter.net/iidxranking/5961/","8配置標本では実際のRANDOM当たり待ちを十分に拾えていない可能性"
"ιgniЯRuina","ANOTHER","6.3271484375","80.02699055330635","78.2051282051282","10.204477776837486","81.64642375168691","-1.6194331983805625","FLIP","0.046875","317","https://ereter.net/iidxranking/6073/","HARD件数が少なくereter推定自体の不確実性も大きい"
"イザナミノナゲキ","ANOTHER","6.8232421875","89.13630229419704","89.67611336032388","10.153527884902593","80.7017543859649","8.434547908232133","正規","0.08984375","584","https://ereter.net/iidxranking/3110/","8配置標本では実際のRANDOM当たり待ちを十分に拾えていない可能性"
"色を喪った街","ANOTHER","6.3271484375","80.02699055330635","69.70310391363023","9.11480907434326","63.96761133603239","16.059379217273957","正規","0.0859375","381","https://ereter.net/iidxranking/6298/","縦連負荷・同レーンのタイミングずれの持越しを強く見ている可能性 / ホームを崩す階段・運指負荷を強く見ている / 皿・着地の身体コストをモデルが強く見ている"
"栄冠のカンパネラ","ANOTHER","5.70703125","61.20107962213225","52.091767881241566","10.460153211073465","85.15519568151147","-23.954116059379224","左MIRROR","0.078125","345","https://ereter.net/iidxranking/5151/","CN/HCNの拘束・継続ダメージをモデルが簡略化している"
"駅猫のワルツ","ANOTHER","6.3271484375","80.02699055330635","81.5114709851552","10.433679685363504","84.75033738191632","-4.7233468286099765","正規","0.125","494","https://ereter.net/iidxranking/2852/","局所的な殺しを平均化しすぎている可能性"
"ΕΛΠΙΣ","ANOTHER","5.3349609375","46.0863697705803","47.57085020242915","6.166005866015461","14.304993252361673","31.781376518218625","右MIRROR","0.0546875","1910","https://ereter.net/iidxranking/2031/","8配置標本では実際のRANDOM当たり待ちを十分に拾えていない可能性"
"ΕΛΠΙΣ","LEGGENDARIA","6.3271484375","80.02699055330635","78.2051282051282","9.70389029769687","73.00944669365722","7.017543859649123","左MIRROR","0.04296875","564","https://ereter.net/iidxranking/4520/","片手の瞬間密度を強く見ている / 8配置標本では実際のRANDOM当たり待ちを十分に拾えていない可能性"
"焔極OVERKILL","ANOTHER","5.458984375","50.67476383265856","47.57085020242915","9.66136877741182","72.46963562753037","-21.794871794871803","左MIRROR","0.03515625","753","https://ereter.net/iidxranking/3122/","実際の皿技術差をモデルが軽く見ている可能性"
"&#332;u Legends","ANOTHER","4.962890625","30.971659919028337","29.217273954116056","8.70420697683123","56.81511470985156","-25.84345479082322","正規","0.05078125","665","https://ereter.net/iidxranking/5063/","CN/HCNの拘束・継続ダメージをモデルが簡略化している"
"お菓子の王国","ANOTHER","6.203125","76.58569500674763","78.2051282051282","10.696180779688037","87.4493927125506","-10.863697705802977","両RANDOM","0.0546875","404","https://ereter.net/iidxranking/3832/","長さと実プレイ疲労を過小評価している可能性"
"お米の美味しい炊き方、そしてお米を食べることによるその効果。","LEGGENDARIA","6.947265625","90.41835357624831","90.7557354925776","9.7322745778349","73.54925775978407","16.869095816464238","FLIP + 右MIRROR","0.0546875","549","https://ereter.net/iidxranking/4351/","縦連負荷・同レーンのタイミングずれの持越しを強く見ている可能性 / 片手の瞬間密度を強く見ている / 8配置標本では実際のRANDOM当たり待ちを十分に拾えていない可能性"
"鬼天","ANOTHER","5.0869140625","36.032388663967616","40.21592442645074","7.616815965730732","36.43724696356275","-0.40485829959513353","FLIP + 両RANDOM","0.08984375","1346","https://ereter.net/iidxranking/2570/","CN/HCNの拘束・継続ダメージをモデルが簡略化している"
"音楽","ANOTHER","5.5830078125","56.00539811066126","57.3549257759784","8.716839382203194","57.21997300944669","-1.214574898785429","正規","0.1015625","934","https://ereter.net/iidxranking/2061/","ソフラン認識・HS操作コストが未校正 / 長さと実プレイ疲労を過小評価している可能性 / 局所的な殺しを平均化しすぎている可能性"
"Χ-DEN","ANOTHER","8.68359375","99.527665317139","99.59514170040485","13.410101545699572","99.59514170040485","-0.06747638326585559","右MIRROR","0.078125","51","https://ereter.net/iidxranking/3719/","HARD件数が少なくereter推定自体の不確実性も大きい / 複雑な押し引きリズムの認識負荷をモデルが軽く見ている可能性 / 実際の皿技術差をモデルが軽く見ている可能性"
"蛇神","LEGGENDARIA","5.458984375","50.67476383265856","44.12955465587044","9.85360003188729","76.38326585695006","-25.708502024291498","右MIRROR","0.06640625","329","https://ereter.net/iidxranking/5895/","CN/HCNの拘束・継続ダメージをモデルが簡略化している / HARD件数が少なくereter推定自体の不確実性も大きい"
"革命","HYPER","4.8388671875","25.910931174089068","34.54790823211876","6.485287111426518","17.813765182186234","8.097165991902834","FLIP + 両RANDOM","0.08984375","1636","https://ereter.net/iidxranking/302/","片手の瞬間密度を強く見ている / ホームを崩す階段・運指負荷を強く見ている"
"革命","ANOTHER","5.2109375","41.29554655870445","47.57085020242915","8.299816712591575","51.417004048582996","-10.121457489878544","FLIP + 両RANDOM","0.0703125","1058","https://ereter.net/iidxranking/303/","ソフラン認識・HS操作コストが未校正 / 皿の早押し・遅押し最適化が実戦より有利な可能性 / 旧作DP特有の配置・認識難を現特徴量で捉え切れていない可能性"
"カゴノトリ ～弐式～","ANOTHER","6.451171875","83.19838056680162","85.82995951417004","10.092967196403931","79.35222672064778","3.8461538461538396","左MIRROR","0.0078125","639","https://ereter.net/iidxranking/881/","片手の瞬間密度を強く見ている / ホームを崩す階段・運指負荷を強く見ている / 8配置標本では実際のRANDOM当たり待ちを十分に拾えていない可能性"
"カジノファイヤーことみちゃん","ANOTHER","6.8232421875","89.13630229419704","89.67611336032388","10.684250765946613","87.3144399460189","1.8218623481781435","正規","0.0546875","432","https://ereter.net/iidxranking/2040/","ホームを崩す階段・運指負荷を強く見ている / 皿・着地の身体コストをモデルが強く見ている / 8配置標本では実際のRANDOM当たり待ちを十分に拾えていない可能性"
"仮想空間の旅人たち","LEGGENDARIA","5.2109375","41.29554655870445","40.21592442645074","7.571011365122848","35.62753036437247","5.668016194331983","FLIP + 両RANDOM","0.046875","1332","https://ereter.net/iidxranking/2068/","8配置標本では実際のRANDOM当たり待ちを十分に拾えていない可能性"
"華蝶風雪","ANOTHER","3.3505859375","0.8771929824561403","0.6747638326585695","5.410432651816535","7.152496626180836","-6.275303643724696","正規","0.1015625","2062","https://ereter.net/iidxranking/887/","旧作DP特有の配置・認識難を現特徴量で捉え切れていない可能性"
"華蝶風雪","LEGGENDARIA","5.70703125","61.20107962213225","61.53846153846154","7.995987277705975","43.7246963562753","17.476383265856946","正規","0.05078125","655","https://ereter.net/iidxranking/5520/","片手の瞬間密度を強く見ている / ホームを崩す階段・運指負荷を強く見ている / 縦連負荷・同レーンのタイミングずれの持越しを強く見ている可能性"
"がっつり陰キャ!?怪盗いいんちょの億劫^^;","ANOTHER","6.0791015625","72.8744939271255","69.70310391363023","9.042853675458764","63.292847503373814","9.581646423751685","正規","0.0859375","828","https://ereter.net/iidxranking/4081/","片手の瞬間密度を強く見ている / ホームを崩す階段・運指負荷を強く見ている / 8配置標本では実際のRANDOM当たり待ちを十分に拾えていない可能性"
"神っぽいな","LEGGENDARIA","4.962890625","30.971659919028337","29.217273954116056","7.110970366601728","25.371120107962213","5.600539811066124","正規","0.11328125","767","https://ereter.net/iidxranking/5991/","8配置標本では実際のRANDOM当たり待ちを十分に拾えていない可能性"
"神のシナリオ","ANOTHER","4.0947265625","5.195681511470985","7.557354925775979","7.311300083406008","30.634278002699055","-25.43859649122807","両RANDOM","0.04296875","910","https://ereter.net/iidxranking/5169/","CN/HCNの拘束・継続ダメージをモデルが簡略化している"
"#CMFLG","ANOTHER","4.71484375","21.120107962213226","16.869095816464238","5.816826078813984","11.06612685560054","10.053981106612685","正規","0.0546875","1124","https://ereter.net/iidxranking/5200/","8配置標本では実際のRANDOM当たり待ちを十分に拾えていない可能性"
"華麗なる大犬円舞曲","ANOTHER","5.5830078125","56.00539811066126","52.091767881241566","8.020199170205942","44.6693657219973","11.33603238866396","正規","0.03515625","1063","https://ereter.net/iidxranking/4034/","ホームを崩す階段・運指負荷を強く見ている / 縦連負荷・同レーンのタイミングずれの持越しを強く見ている可能性 / 皿・着地の身体コストをモデルが強く見ている"
"かわいいだけじゃだめですか？","LEGGENDARIA","4.466796875","15.317139001349528","13.360323886639677","6.3851044375511","17.00404858299595","-1.6869095816464217","正規","0.0703125","639","https://ereter.net/iidxranking/6387/","認識難・ギミック・個人差など、現特徴量にない要因の可能性"
"君のハートにロックオン","ANOTHER","6.69921875","87.51686909581646","88.59649122807018","10.481374807229484","85.4251012145749","2.091767881241566","FLIP + 左MIRROR","0.0390625","526","https://ereter.net/iidxranking/1806/","ホームを崩す階段・運指負荷を強く見ている / 8配置標本では実際のRANDOM当たり待ちを十分に拾えていない可能性"
"キャトられ&hearts;恋はモ～モク","ANOTHER","7.939453125","97.77327935222672","96.49122807017544","10.61121852698522","86.90958164642375","10.863697705802977","FLIP + 両RANDOM","0.11328125","481","https://ereter.net/iidxranking/2043/","片手の瞬間密度を強く見ている / 縦連負荷・同レーンのタイミングずれの持越しを強く見ている可能性 / ホームを崩す階段・運指負荷を強く見ている"
"九尾狐夜行","ANOTHER","4.3427734375","11.875843454790823","13.360323886639677","3.2950680328869155","0.5398110661268556","11.336032388663968","右MIRROR","0.05859375","2448","https://ereter.net/iidxranking/3131/","8配置標本では実際のRANDOM当たり待ちを十分に拾えていない可能性"
"共鳴遊戯の華","ANOTHER","7.0712890625","91.3630229419703","90.7557354925776","11.77390426134944","94.60188933873145","-3.2388663967611535","FLIP + 両RANDOM","0.05859375","221","https://ereter.net/iidxranking/2573/","CN/HCNの拘束・継続ダメージをモデルが簡略化している / HARD件数が少なくereter推定自体の不確実性も大きい"
"閠槞彁の願い","ANOTHER","6.5751953125","85.69500674763833","85.82995951417004","9.841993465447983","75.84345479082322","9.851551956815115","両RANDOM","0.109375","546","https://ereter.net/iidxranking/4381/","8配置標本では実際のRANDOM当たり待ちを十分に拾えていない可能性"
"グッバイ宣言","LEGGENDARIA","4.3427734375","11.875843454790823","13.360323886639677","7.280605985297969","29.959514170040485","-18.08367071524966","FLIP","0.0625","757","https://ereter.net/iidxranking/5988/","CN/HCNの拘束・継続ダメージをモデルが簡略化している"
"狂イ咲ケ焔ノ華","ANOTHER","5.70703125","61.20107962213225","73.75168690958165","7.544745633849118","34.81781376518219","26.38326585695006","両RANDOM","0.06640625","1432","https://ereter.net/iidxranking/2071/","認識難・ギミック・個人差など、現特徴量にない要因の可能性"
"クレッシェンド","ANOTHER","6.451171875","83.19838056680162","81.5114709851552","9.374033690025158","67.61133603238866","15.587044534412954","FLIP","0.0390625","379","https://ereter.net/iidxranking/6270/","ホームを崩す階段・運指負荷を強く見ている / 8配置標本では実際のRANDOM当たり待ちを十分に拾えていない可能性"
"黒髪乱れし修羅となりて","ANOTHER","4.8388671875","25.910931174089068","20.78272604588394","6.627113772420486","19.163292847503374","6.747638326585694","FLIP + 両RANDOM","0.046875","1789","https://ereter.net/iidxranking/1623/","ホームを崩す階段・運指負荷を強く見ている / 8配置標本では実際のRANDOM当たり待ちを十分に拾えていない可能性"
"恋する☆宇宙戦争っ！！","ANOTHER","4.0947265625","5.195681511470985","5.195681511470985","4.930210687918432","4.723346828609987","0.472334682860998","正規","0.05078125","2286","https://ereter.net/iidxranking/1830/","ホームを崩す階段・運指負荷を強く見ている / 皿・着地の身体コストをモデルが強く見ている / 8配置標本では実際のRANDOM当たり待ちを十分に拾えていない可能性"
"恋する☆宇宙戦争っ！！","LEGGENDARIA","6.5751953125","85.69500674763833","83.80566801619433","8.541651736028442","54.52091767881242","31.174089068825914","正規","0.078125","692","https://ereter.net/iidxranking/5380/","8配置標本では実際のRANDOM当たり待ちを十分に拾えていない可能性"
"子供の落書き帳","ANOTHER","4.962890625","30.971659919028337","40.21592442645074","5.8718339195481075","11.605937921727396","19.36572199730094","左MIRROR","0.03125","1979","https://ereter.net/iidxranking/1809/","8配置標本では実際のRANDOM当たり待ちを十分に拾えていない可能性"
"今宵、ロマンス横丁。","ANOTHER","5.2109375","41.29554655870445","44.12955465587044","6.33581752643689","16.599190283400812","24.69635627530364","FLIP","0.03125","937","https://ereter.net/iidxranking/5589/","8配置標本では実際のRANDOM当たり待ちを十分に拾えていない可能性"
"金野火織の金色提言","ANOTHER","5.3349609375","46.0863697705803","44.12955465587044","8.019597581283383","44.534412955465584","1.551956815114714","正規","0.0859375","1063","https://ereter.net/iidxranking/3670/","縦連負荷・同レーンのタイミングずれの持越しを強く見ている可能性 / 片手の瞬間密度を強く見ている / 8配置標本では実際のRANDOM当たり待ちを十分に拾えていない可能性"
"最小三倍完全数","ANOTHER","5.70703125","61.20107962213225","61.53846153846154","8.674337481429173","56.2753036437247","4.92577597840755","FLIP + 左MIRROR","0.0390625","862","https://ereter.net/iidxranking/3872/","縦連負荷・同レーンのタイミングずれの持越しを強く見ている可能性 / 8配置標本では実際のRANDOM当たり待ちを十分に拾えていない可能性"
"逆月","ANOTHER","5.70703125","61.20107962213225","65.45209176788124","7.683190478652227","37.51686909581646","23.684210526315788","FLIP + 左MIRROR + 右MIRROR","0.03515625","971","https://ereter.net/iidxranking/4798/","ホームを崩す階段・運指負荷を強く見ている / 8配置標本では実際のRANDOM当たり待ちを十分に拾えていない可能性"
"桜","ANOTHER","3.474609375","1.282051282051282","1.8893387314439947","7.777277198445843","39.94601889338731","-38.66396761133603","左MIRROR + 右MIRROR","0.0390625","1121","https://ereter.net/iidxranking/381/","ソフラン認識・HS操作コストが未校正 / 皿の早押し・遅押し最適化が実戦より有利な可能性 / 実際の皿技術差をモデルが軽く見ている可能性"
"サタデーナイト☆ギャロップ","ANOTHER","6.203125","76.58569500674763","69.70310391363023","10.719312399110231","87.85425101214574","-11.26855600539811","両RANDOM","0.10546875","142","https://ereter.net/iidxranking/6397/","HARD件数が少なくereter推定自体の不確実性も大きい"
"#The_Relentless","LEGGENDARIA","6.947265625","90.41835357624831","89.67611336032388","11.616115770152762","93.52226720647774","-3.103913630229428","左MIRROR","0.078125","124","https://ereter.net/iidxranking/5980/","HARD件数が少なくereter推定自体の不確実性も大きい / 長さと実プレイ疲労を過小評価している可能性 / CN/HCNの拘束・継続ダメージをモデルが簡略化している"
"≡＋≡","LEGGENDARIA","6.451171875","83.19838056680162","83.80566801619433","9.477908162924127","69.23076923076923","13.967611336032391","正規","0.03515625","389","https://ereter.net/iidxranking/6120/","ホームを崩す階段・運指負荷を強く見ている / 8配置標本では実際のRANDOM当たり待ちを十分に拾えていない可能性"
"残像ニ繋ガレタ追憶ノHIDEAWAY","ANOTHER","4.0947265625","5.195681511470985","3.576248313090418","4.009193524307386","1.8893387314439947","3.3063427800269904","FLIP + 左MIRROR","0.03515625","1273","https://ereter.net/iidxranking/5553/","8配置標本では実際のRANDOM当たり待ちを十分に拾えていない可能性"
"疾風迅雷","ANOTHER","6.3271484375","80.02699055330635","81.5114709851552","8.940095255786147","61.40350877192983","18.62348178137652","正規","0.11328125","952","https://ereter.net/iidxranking/2315/","片手の瞬間密度を強く見ている / 縦連負荷・同レーンのタイミングずれの持越しを強く見ている可能性 / ホームを崩す階段・運指負荷を強く見ている"
"疾風迅雷","LEGGENDARIA","7.443359375","94.46693657219973","94.12955465587044","11.670337088732516","93.79217273954116","0.6747638326585701","正規","0.03515625","240","https://ereter.net/iidxranking/2316/","ホームを崩す階段・運指負荷を強く見ている / 片手の瞬間密度を強く見ている / 8配置標本では実際のRANDOM当たり待ちを十分に拾えていない可能性"
"シムルグの目醒め","ANOTHER","6.203125","76.58569500674763","73.75168690958165","9.192498224066505","64.91228070175438","11.673414304993244","両RANDOM","0.07421875","859","https://ereter.net/iidxranking/3423/","縦連負荷・同レーンのタイミングずれの持越しを強く見ている可能性 / ホームを崩す階段・運指負荷を強く見ている / 8配置標本では実際のRANDOM当たり待ちを十分に拾えていない可能性"
"〆","ANOTHER","5.3349609375","46.0863697705803","29.217273954116056","6.935011057195382","23.346828609986506","22.73954116059379","正規","0.125","1608","https://ereter.net/iidxranking/2900/","8配置標本では実際のRANDOM当たり待ちを十分に拾えていない可能性"
"灼熱 Pt.2 Long Train Running","ANOTHER","5.5830078125","56.00539811066126","69.70310391363023","10.054814554918904","78.94736842105263","-22.94197031039137","左MIRROR","0.0390625","501","https://ereter.net/iidxranking/2858/","実際の皿技術差をモデルが軽く見ている可能性 / 複雑な押し引きリズムの認識負荷をモデルが軽く見ている可能性"
"灼熱Beach Side Bunny","ANOTHER","5.458984375","50.67476383265856","52.091767881241566","9.030528020823544","63.1578947368421","-12.48313090418354","右MIRROR","0.0234375","750","https://ereter.net/iidxranking/1626/","実際の皿技術差をモデルが軽く見ている可能性 / 複雑な押し引きリズムの認識負荷をモデルが軽く見ている可能性"
"灼熱Beach Side Bunny (かめりあ's ""Summertime D'n'B"" Remix)","ANOTHER","4.3427734375","11.875843454790823","10.323886639676113","6.604317144485004","18.75843454790823","-6.882591093117407","両RANDOM","0.06640625","867","https://ereter.net/iidxranking/5424/","実際の皿技術差をモデルが軽く見ている可能性 / 長さと実プレイ疲労を過小評価している可能性"
"灼熱 Lost Summer Dayz","ANOTHER","3.8466796875","2.834008097165992","7.557354925775979","4.267940338531999","2.968960863697706","-0.13495276653171384","FLIP","0.0703125","1264","https://ereter.net/iidxranking/5752/","局所的な殺しを平均化しすぎている可能性 / 実際の皿技術差をモデルが軽く見ている可能性 / 複雑な押し引きリズムの認識負荷をモデルが軽く見ている可能性"
"終焔のClaudia","ANOTHER","5.0869140625","36.032388663967616","44.12955465587044","6.701524642811828","19.973009446693656","16.05937921727396","FLIP + 左MIRROR","0.046875","906","https://ereter.net/iidxranking/5421/","ホームを崩す階段・運指負荷を強く見ている / 8配置標本では実際のRANDOM当たり待ちを十分に拾えていない可能性"
"シュレーディンガーの猫","ANOTHER","5.955078125","69.02834008097166","73.75168690958165","9.995642099970269","78.00269905533064","-8.974358974358978","両RANDOM","0.046875","662","https://ereter.net/iidxranking/2046/","認識難・ギミック・個人差など、現特徴量にない要因の可能性"
"少年A","ANOTHER","4.466796875","15.317139001349528","16.869095816464238","9.473596514685394","68.9608636977058","-53.64372469635627","右MIRROR","0.08984375","781","https://ereter.net/iidxranking/1151/","ソフラン認識・HS操作コストが未校正 / 長さと実プレイ疲労を過小評価している可能性 / 実際の皿技術差をモデルが軽く見ている可能性"
"少年は空を辿る","ANOTHER","7.1953125","92.44264507422402","92.98245614035088","10.129511593121833","80.02699055330635","12.41565452091767","正規","0.140625","619","https://ereter.net/iidxranking/2588/","ホームを崩す階段・運指負荷を強く見ている / 縦連負荷・同レーンのタイミングずれの持越しを強く見ている可能性 / 8配置標本では実際のRANDOM当たり待ちを十分に拾えていない可能性"
"深淵に捧ぐレクイエム","ANOTHER","4.466796875","15.317139001349528","13.360323886639677","5.1985622949155195","5.937921727395412","9.379217273954115","正規","0.0546875","1764","https://ereter.net/iidxranking/3992/","8配置標本では実際のRANDOM当たり待ちを十分に拾えていない可能性"
"神謳  -RESONANCE-","ANOTHER","6.0791015625","72.8744939271255","73.75168690958165","7.998050866567598","43.859649122807014","29.014844804318486","正規","0.03515625","1237","https://ereter.net/iidxranking/3333/","8配置標本では実際のRANDOM当たり待ちを十分に拾えていない可能性"
"真 地獄超特急 -HELL or HELL-","ANOTHER","4.3427734375","11.875843454790823","16.869095816464238","7.808025267180236","40.89068825910931","-29.014844804318486","正規","0.0390625","1199","https://ereter.net/iidxranking/2864/","実際の皿技術差をモデルが軽く見ている可能性"
"新宝島","LEGGENDARIA","5.8310546875","65.31713900134952","65.45209176788124","8.17005991897656","48.717948717948715","16.5991902834008","FLIP + 両RANDOM","0.0703125","653","https://ereter.net/iidxranking/5894/","片手の瞬間密度を強く見ている / 皿・着地の身体コストをモデルが強く見ている / 8配置標本では実際のRANDOM当たり待ちを十分に拾えていない可能性"
"水鏡の異界","ANOTHER","5.5830078125","56.00539811066126","47.57085020242915","7.725789210157447","38.32658569500675","17.678812415654512","正規","0.04296875","1068","https://ereter.net/iidxranking/4330/","ホームを崩す階段・運指負荷を強く見ている / 8配置標本では実際のRANDOM当たり待ちを十分に拾えていない可能性"
"スーパー戦湯ババンバーン","ANOTHER","4.5908203125","17.813765182186234","20.78272604588394","6.78057306774282","20.51282051282051","-2.699055330634277","FLIP + 両RANDOM","0.05859375","1055","https://ereter.net/iidxranking/4556/","実際の皿技術差をモデルが軽く見ている可能性"
"スキッテイエェエエェ!!!!","ANOTHER","6.451171875","83.19838056680162","85.82995951417004","10.603978804343381","86.63967611336032","-3.441295546558706","正規","0.07421875","244","https://ereter.net/iidxranking/5881/","HARD件数が少なくereter推定自体の不確実性も大きい"
"スパークリング☆彡ハイパーチューン！！","ANOTHER","4.21875","8.097165991902834","7.557354925775979","4.302653412478136","3.2388663967611335","4.8582995951417","正規","0.0234375","1290","https://ereter.net/iidxranking/5734/","8配置標本では実際のRANDOM当たり待ちを十分に拾えていない可能性"
"聖人の塔","ANOTHER","5.955078125","69.02834008097166","69.70310391363023","9.940271062730334","77.32793522267207","-8.299595141700408","右MIRROR","0.0546875","647","https://ereter.net/iidxranking/1818/","ソフラン認識・HS操作コストが未校正"
"聖人の塔","LEGGENDARIA","7.443359375","94.46693657219973","91.76788124156545","12.255575631925891","96.76113360323887","-2.294197031039147","正規","0.16015625","76","https://ereter.net/iidxranking/5992/","ソフラン認識・HS操作コストが未校正 / HARD件数が少なくereter推定自体の不確実性も大きい / CN/HCNの拘束・継続ダメージをモデルが簡略化している"
"世界の果てに約束の凱歌を  -ReUnion-","ANOTHER","5.0869140625","36.032388663967616","34.54790823211876","8.114453263521524","46.82860998650472","-10.796221322537107","FLIP","0.03515625","950","https://ereter.net/iidxranking/4804/","CN/HCNの拘束・継続ダメージをモデルが簡略化している"
"雪月花","ANOTHER","4.71484375","21.120107962213226","20.78272604588394","6.914306644203667","22.807017543859647","-1.6869095816464217","左MIRROR","0.06640625","1659","https://ereter.net/iidxranking/573/","複雑な押し引きリズムの認識負荷をモデルが軽く見ている可能性 / 旧作DP特有の配置・認識難を現特徴量で捉え切れていない可能性"
"雪上断火","ANOTHER","4.0947265625","5.195681511470985","16.869095816464238","5.226104726313343","6.207827260458839","-1.0121457489878543","FLIP + 左MIRROR","0.04296875","1153","https://ereter.net/iidxranking/4893/","ソフラン認識・HS操作コストが未校正 / 複雑な押し引きリズムの認識負荷をモデルが軽く見ている可能性 / 実際の皿技術差をモデルが軽く見ている可能性"
"千年ノ理","ANOTHER","5.8310546875","65.31713900134952","65.45209176788124","7.850184269124136","41.70040485829959","23.616734143049925","正規","0.09375","1328","https://ereter.net/iidxranking/2591/","8配置標本では実際のRANDOM当たり待ちを十分に拾えていない可能性"
"千年ノ理","LEGGENDARIA","7.443359375","94.46693657219973","94.73684210526315","11.556632304876521","93.25236167341431","1.2145748987854148","正規","0.08984375","232","https://ereter.net/iidxranking/4001/","ホームを崩す階段・運指負荷を強く見ている / 8配置標本では実際のRANDOM当たり待ちを十分に拾えていない可能性"
"旋律のドグマ ～Mis&eacute;rables～","ANOTHER","6.3271484375","80.02699055330635","78.2051282051282","9.104007285301506","63.83265856950068","16.194331983805668","正規","0.0703125","976","https://ereter.net/iidxranking/2319/","8配置標本では実際のRANDOM当たり待ちを十分に拾えていない可能性"
"ぞうしょく！？マイデンティティ","ANOTHER","5.2109375","41.29554655870445","47.57085020242915","8.567270239268506","54.92577597840756","-13.630229419703106","FLIP + 右MIRROR","0.046875","641","https://ereter.net/iidxranking/5172/","実際の皿技術差をモデルが軽く見ている可能性"
"即席！脳直★ミュージックシステム","ANOTHER","4.71484375","21.120107962213226","24.966261808367072","5.61383155938462","8.63697705802969","12.483130904183536","正規","0.1015625","1965","https://ereter.net/iidxranking/2077/","ホームを崩す階段・運指負荷を強く見ている / 皿・着地の身体コストをモデルが強く見ている / 8配置標本では実際のRANDOM当たり待ちを十分に拾えていない可能性"
"それは花火のような恋","ANOTHER","5.0869140625","36.032388663967616","34.54790823211876","7.222236078229335","28.34008097165992","7.692307692307697","両RANDOM","0.078125","1501","https://ereter.net/iidxranking/2537/","ホームを崩す階段・運指負荷を強く見ている / 皿・着地の身体コストをモデルが強く見ている / 8配置標本では実際のRANDOM当たり待ちを十分に拾えていない可能性"
"∀","ANOTHER","6.8232421875","89.13630229419704","88.59649122807018","10.303945389404923","83.40080971659918","5.735492577597853","FLIP + 右MIRROR","0.07421875","484","https://ereter.net/iidxranking/4321/","片手の瞬間密度を強く見ている / 8配置標本では実際のRANDOM当たり待ちを十分に拾えていない可能性"
"泰東ノ翠霞","ANOTHER","6.0791015625","72.8744939271255","91.76788124156545","7.126394915177077","26.045883940620783","46.828609986504716","右MIRROR","0.046875","1051","https://ereter.net/iidxranking/3835/","ホームを崩す階段・運指負荷を強く見ている / 皿・着地の身体コストをモデルが強く見ている / 縦連負荷・同レーンのタイミングずれの持越しを強く見ている可能性"
"抱きしめてモナムール","ANOTHER","5.5830078125","56.00539811066126","52.091767881241566","7.888191333166914","42.24021592442645","13.76518218623481","両RANDOM","0.140625","1129","https://ereter.net/iidxranking/3725/","8配置標本では実際のRANDOM当たり待ちを十分に拾えていない可能性"
"旅人リラン","ANOTHER","5.0869140625","36.032388663967616","29.217273954116056","7.169209440945824","27.125506072874494","8.906882591093122","FLIP","0.04296875","1582","https://ereter.net/iidxranking/1635/","縦連負荷・同レーンのタイミングずれの持越しを強く見ている可能性 / 8配置標本では実際のRANDOM当たり待ちを十分に拾えていない可能性"
"たまゆら","ANOTHER","5.458984375","50.67476383265856","52.091767881241566","7.225413494777567","28.475033738191634","22.19973009446693","左MIRROR","0.04296875","1571","https://ereter.net/iidxranking/2049/","皿・着地の身体コストをモデルが強く見ている / 8配置標本では実際のRANDOM当たり待ちを十分に拾えていない可能性"
"断罪のミメシス","ANOTHER","5.2109375","41.29554655870445","40.21592442645074","8.950957796708805","61.53846153846154","-20.24291497975709","正規","0.08203125","282","https://ereter.net/iidxranking/6413/","HARD件数が少なくereter推定自体の不確実性も大きい"
"ちょえちょえまぎか","LEGGENDARIA","6.0791015625","72.8744939271255","73.75168690958165","8.554657089289417","54.655870445344135","18.218623481781364","正規","0.078125","292","https://ereter.net/iidxranking/6261/","8配置標本では実際のRANDOM当たり待ちを十分に拾えていない可能性"
"超青少年ノ為ノ超多幸ナ超古典的超舞曲","ANOTHER","5.70703125","61.20107962213225","57.3549257759784","6.5502691068085515","18.488529014844804","42.71255060728744","両RANDOM","0.15234375","1828","https://ereter.net/iidxranking/2600/","片手の瞬間密度を強く見ている / ホームを崩す階段・運指負荷を強く見ている"
"超青少年ノ為ノ超多幸ナ超古典的超舞曲","LEGGENDARIA","8.931640625","99.73009446693656","99.59514170040485","12.233931085459611","96.62618083670715","3.103913630229414","正規","0.046875","146","https://ereter.net/iidxranking/2601/","片手の瞬間密度を強く見ている / ホームを崩す階段・運指負荷を強く見ている / 8配置標本では実際のRANDOM当たり待ちを十分に拾えていない可能性"
"津軽雪","ANOTHER","5.955078125","69.02834008097166","65.45209176788124","9.64315091902569","72.06477732793523","-3.0364372469635725","FLIP + 左MIRROR","0.05078125","782","https://ereter.net/iidxranking/3146/","長さと実プレイ疲労を過小評価している可能性"
"ディスコルディア","ANOTHER","7.0712890625","91.3630229419703","89.67611336032388","10.87501891462589","88.93387314439946","2.429149797570844","正規","0.0859375","315","https://ereter.net/iidxranking/4466/","縦連負荷・同レーンのタイミングずれの持越しを強く見ている可能性 / 片手の瞬間密度を強く見ている / 8配置標本では実際のRANDOM当たり待ちを十分に拾えていない可能性"
"天空の夜明け","ANOTHER","7.8154296875","96.82860998650472","95.47908232118758","11.422337820277926","92.3076923076923","4.52091767881241","左MIRROR","0.0390625","286","https://ereter.net/iidxranking/1821/","片手の瞬間密度を強く見ている / ホームを崩す階段・運指負荷を強く見ている / 8配置標本では実際のRANDOM当たり待ちを十分に拾えていない可能性"
"電光","ANOTHER","4.0947265625","5.195681511470985","3.576248313090418","4.661147418743953","4.183535762483131","1.0121457489878543","FLIP","0.02734375","1223","https://ereter.net/iidxranking/5403/","8配置標本では実際のRANDOM当たり待ちを十分に拾えていない可能性"
"天使のカンタータ  -Cantata of Angels-","ANOTHER","6.203125","76.58569500674763","73.75168690958165","9.906587724084954","76.51821862348179","0.06747638326584138","正規","0.0390625","369","https://ereter.net/iidxranking/5860/","片手の瞬間密度を強く見ている / 8配置標本では実際のRANDOM当たり待ちを十分に拾えていない可能性"
"Ｘ↑Ｘ↓","ANOTHER","4.8388671875","25.910931174089068","34.54790823211876","6.3491128424109995","16.869095816464238","9.04183535762483","左MIRROR","0.03515625","1740","https://ereter.net/iidxranking/2531/","8配置標本では実際のRANDOM当たり待ちを十分に拾えていない可能性"
"電人、暁に斃れる。","ANOTHER","5.2109375","41.29554655870445","40.21592442645074","8.411986083694284","53.306342780026995","-12.010796221322543","FLIP + 右MIRROR","0.05859375","1118","https://ereter.net/iidxranking/1013/","実際の皿技術差をモデルが軽く見ている可能性 / 旧作DP特有の配置・認識難を現特徴量で捉え切れていない可能性"
"電腦都市","ANOTHER","5.5830078125","56.00539811066126","47.57085020242915","7.609578554290982","36.30229419703104","19.703103913630223","右MIRROR","0.10546875","725","https://ereter.net/iidxranking/5583/","8配置標本では実際のRANDOM当たり待ちを十分に拾えていない可能性"
"東京神話","ANOTHER","6.3271484375","80.02699055330635","81.5114709851552","9.547221932445975","70.31039136302294","9.716599190283404","正規","0.078125","758","https://ereter.net/iidxranking/3380/","縦連負荷・同レーンのタイミングずれの持越しを強く見ている可能性 / 8配置標本では実際のRANDOM当たり待ちを十分に拾えていない可能性"
"童話回廊","ANOTHER","4.21875","8.097165991902834","7.557354925775979","4.98906747651885","5.128205128205128","2.9689608636977063","両RANDOM","0.08984375","1944","https://ereter.net/iidxranking/3174/","ホームを崩す階段・運指負荷を強く見ている"
"轟け！恋のビーンボール！！","ANOTHER","5.8310546875","65.31713900134952","61.53846153846154","8.099000850319955","46.558704453441294","18.758434547908223","右MIRROR","0.03515625","1254","https://ereter.net/iidxranking/2309/","縦連負荷・同レーンのタイミングずれの持越しを強く見ている可能性 / ホームを崩す階段・運指負荷を強く見ている / 片手の瞬間密度を強く見ている"
"トリカゴノ鳳凰","ANOTHER","3.8466796875","2.834008097165992","1.8893387314439947","4.301414936334594","3.1039136302294197","-0.2699055330634277","左MIRROR","0.03515625","2316","https://ereter.net/iidxranking/2052/","長さと実プレイ疲労を過小評価している可能性"
"IX","ANOTHER","7.443359375","94.46693657219973","94.12955465587044","11.364169352860625","92.03778677462888","2.429149797570844","FLIP","0.015625","305","https://ereter.net/iidxranking/2190/","片手の瞬間密度を強く見ている / 縦連負荷・同レーンのタイミングずれの持越しを強く見ている可能性 / 8配置標本では実際のRANDOM当たり待ちを十分に拾えていない可能性"
"†渚の小悪魔ラヴリィ～レイディオ† (IIDX EDIT)","ANOTHER","7.939453125","97.77327935222672","96.49122807017544","13.384132997004496","99.46018893387314","-1.6869095816464181","FLIP","0.08984375","54","https://ereter.net/iidxranking/1833/","HARD件数が少なくereter推定自体の不確実性も大きい / 実際の皿技術差をモデルが軽く見ている可能性"
"嘆きの樹","ANOTHER","7.443359375","94.46693657219973","97.70580296896087","10.768349103218453","88.25910931174089","6.207827260458842","FLIP + 両RANDOM","0.08203125","436","https://ereter.net/iidxranking/890/","片手の瞬間密度を強く見ている / ホームを崩す階段・運指負荷を強く見ている"
"夏色DIARY  - L.E.D.-G STYLE MIX -","ANOTHER","4.0947265625","5.195681511470985","5.195681511470985","4.196367402197198","2.699055330634278","2.496626180836707","左MIRROR","0.02734375","2165","https://ereter.net/iidxranking/2567/","8配置標本では実際のRANDOM当たり待ちを十分に拾えていない可能性"
"廿","LEGGENDARIA","5.0869140625","36.032388663967616","34.54790823211876","8.000963383866257","43.99460188933873","-7.962213225371116","正規","0.1015625","1018","https://ereter.net/iidxranking/3157/","ソフラン認識・HS操作コストが未校正 / 実際の皿技術差をモデルが軽く見ている可能性"
"寝起きヤシの木","LEGGENDARIA","4.8388671875","25.910931174089068","24.966261808367072","7.784756298375646","40.35087719298245","-14.439946018893384","FLIP + 左MIRROR","0.02734375","485","https://ereter.net/iidxranking/6410/","認識難・ギミック・個人差など、現特徴量にない要因の可能性"
"ハイテックトキオ","LEGGENDARIA","4.8388671875","25.910931174089068","20.78272604588394","6.270180103959294","15.384615384615385","10.526315789473683","正規","0.0703125","1141","https://ereter.net/iidxranking/5031/","8配置標本では実際のRANDOM当たり待ちを十分に拾えていない可能性"
"儚キ戀ノ幻想譚","ANOTHER","5.2109375","41.29554655870445","40.21592442645074","8.731329339896659","57.75978407557355","-16.464237516869098","FLIP + 左MIRROR + 右MIRROR","0.03515625","788","https://ereter.net/iidxranking/4992/","認識難・ギミック・個人差など、現特徴量にない要因の可能性"
"伐折羅 -vajra-","ANOTHER","6.3271484375","80.02699055330635","81.5114709851552","9.275649347570726","66.12685560053981","13.900134952766535","両RANDOM","0.0390625","713","https://ereter.net/iidxranking/4487/","ホームを崩す階段・運指負荷を強く見ている / 8配置標本では実際のRANDOM当たり待ちを十分に拾えていない可能性"
"刃図羅","ANOTHER","5.5830078125","56.00539811066126","52.091767881241566","6.265771630328875","15.24966261808367","40.75573549257759","正規","0.109375","1696","https://ereter.net/iidxranking/3143/","8配置標本では実際のRANDOM当たり待ちを十分に拾えていない可能性"
"バッド・スイーツ、バッド・ドリーム","ANOTHER","3.8466796875","2.834008097165992","2.631578947368421","4.7969523844000515","4.4534412955465585","-1.6194331983805665","正規","0.05859375","1525","https://ereter.net/iidxranking/4450/","実際の皿技術差をモデルが軽く見ている可能性"
"華爛漫 -Flowers-","LEGGENDARIA","5.458984375","50.67476383265856","44.12955465587044","8.984443186591866","62.34817813765182","-11.673414304993258","FLIP","0.109375","684","https://ereter.net/iidxranking/4871/","旧作DP特有の配置・認識難を現特徴量で捉え切れていない可能性"
"バンブーソード・ガール","ANOTHER","5.3349609375","46.0863697705803","52.091767881241566","7.6781149795563985","37.24696356275304","8.83940620782726","正規","0.09375","1355","https://ereter.net/iidxranking/2297/","皿・着地の身体コストをモデルが強く見ている / 片手の瞬間密度を強く見ている / 8配置標本では実際のRANDOM当たり待ちを十分に拾えていない可能性"
"ピアノ協奏曲第１番""蠍火""","ANOTHER","7.939453125","97.77327935222672","98.31309041835358","11.740598187701492","94.0620782726046","3.7112010796221284","正規","0.0390625","228","https://ereter.net/iidxranking/660/","縦連負荷・同レーンのタイミングずれの持越しを強く見ている可能性 / 片手の瞬間密度を強く見ている / ホームを崩す階段・運指負荷を強く見ている"
"ピアノ協奏曲第１番""蠍火""  (BlackY Remix)","ANOTHER","6.451171875","83.19838056680162","81.5114709851552","9.914610756102899","76.78812415654521","6.410256410256409","正規","0.07421875","557","https://ereter.net/iidxranking/4152/","ホームを崩す階段・運指負荷を強く見ている / 縦連負荷・同レーンのタイミングずれの持越しを強く見ている可能性 / 8配置標本では実際のRANDOM当たり待ちを十分に拾えていない可能性"
"ピアノ独奏無言歌 ""灰燼""","ANOTHER","7.0712890625","91.3630229419703","90.7557354925776","11.993095193298041","95.68151147098516","-4.318488529014857","両RANDOM","0.08984375","145","https://ereter.net/iidxranking/4844/","ソフラン認識・HS操作コストが未校正 / 長さと実プレイ疲労を過小評価している可能性 / HARD件数が少なくereter推定自体の不確実性も大きい"
"ビビッド ☆＋＊。キラキライム","ANOTHER","5.2109375","41.29554655870445","40.21592442645074","7.689596145900434","37.65182186234818","3.643724696356273","両RANDOM","0.11328125","688","https://ereter.net/iidxranking/6094/","ホームを崩す階段・運指負荷を強く見ている"
"卑弥呼","ANOTHER","7.443359375","94.46693657219973","92.98245614035088","12.530831177900174","97.16599190283401","-2.6990553306342804","正規","0.0234375","117","https://ereter.net/iidxranking/1276/","ソフラン認識・HS操作コストが未校正 / HARD件数が少なくereter推定自体の不確実性も大きい / 長さと実プレイ疲労を過小評価している可能性"
"表裏一体!?怪盗いいんちょの悩み&hearts;","ANOTHER","5.8310546875","65.31713900134952","65.45209176788124","9.71162394332587","73.41430499325237","-8.097165991902855","FLIP + 左MIRROR","0.01171875","755","https://ereter.net/iidxranking/2607/","実際の皿技術差をモデルが軽く見ている可能性"
"表裏一体!?怪盗いいんちょの悩み&hearts;","LEGGENDARIA","6.5751953125","85.69500674763833","83.80566801619433","10.214022586287868","81.91632928475033","3.778677462887998","正規","0.046875","364","https://ereter.net/iidxranking/5446/","ホームを崩す階段・運指負荷を強く見ている / 片手の瞬間密度を強く見ている / 8配置標本では実際のRANDOM当たり待ちを十分に拾えていない可能性"
"フォニイ","LEGGENDARIA","4.8388671875","25.910931174089068","20.78272604588394","6.849657296559391","21.592442645074225","4.318488529014843","正規","0.02734375","902","https://ereter.net/iidxranking/5893/","8配置標本では実際のRANDOM当たり待ちを十分に拾えていない可能性"
"二人ノ廃城幽踊宴","ANOTHER","6.0791015625","72.8744939271255","73.75168690958165","10.973755201674154","89.87854251012146","-17.004048582995964","両RANDOM","0.0546875","282","https://ereter.net/iidxranking/4484/","ソフラン認識・HS操作コストが未校正 / 実際の皿技術差をモデルが軽く見ている可能性 / HARD件数が少なくereter推定自体の不確実性も大きい"
"&#8317;&#8317;&#2840;( &#729;&#42163;&#729; )&#2835;&#8318;&#8318; beyond reason","ANOTHER","6.203125","76.58569500674763","81.5114709851552","10.146617848830546","80.43184885290148","-3.846153846153854","FLIP + 両RANDOM","0.078125","281","https://ereter.net/iidxranking/6260/","HARD件数が少なくereter推定自体の不確実性も大きい"
"《PL|RAYER》","ANOTHER","5.0869140625","36.032388663967616","34.54790823211876","3.7808110285885985","1.349527665317139","34.682860998650476","正規","0.0859375","1311","https://ereter.net/iidxranking/5397/","8配置標本では実際のRANDOM当たり待ちを十分に拾えていない可能性"
"ベンガル vs. アムール Battle","ANOTHER","4.962890625","30.971659919028337","24.966261808367072","6.853727136520479","21.86234817813765","9.109311740890686","正規","0.05078125","684","https://ereter.net/iidxranking/6278/","8配置標本では実際のRANDOM当たり待ちを十分に拾えていない可能性"
"烽火連天の刃","ANOTHER","4.71484375","21.120107962213226","20.78272604588394","8.597641733131198","55.465587044534416","-34.34547908232119","両RANDOM","0.0234375","792","https://ereter.net/iidxranking/4783/","CN/HCNの拘束・継続ダメージをモデルが簡略化している"
"-65℃","ANOTHER","6.3271484375","80.02699055330635","78.2051282051282","10.109486351369986","79.6221322537112","0.40485829959514774","FLIP + 右MIRROR","0.04296875","477","https://ereter.net/iidxranking/4426/","ホームを崩す階段・運指負荷を強く見ている / 8配置標本では実際のRANDOM当たり待ちを十分に拾えていない可能性"
"摩天楼","ANOTHER","4.466796875","15.317139001349528","16.869095816464238","8.75480893510106","58.1646423751687","-42.847503373819166","FLIP + 両RANDOM","0.05078125","644","https://ereter.net/iidxranking/5371/","CN/HCNの拘束・継続ダメージをモデルが簡略化している"
"魔法のかくれんぼ","ANOTHER","5.2109375","41.29554655870445","47.57085020242915","8.919633348450402","61.26855600539811","-19.97300944669366","正規","0.05859375","718","https://ereter.net/iidxranking/4345/","ソフラン認識・HS操作コストが未校正 / CN/HCNの拘束・継続ダメージをモデルが簡略化している"
"未完成ノ蒸氣驅動乙女","ANOTHER","5.458984375","50.67476383265856","57.3549257759784","8.010605064596938","44.12955465587044","6.54520917678812","FLIP + 両RANDOM","0.078125","686","https://ereter.net/iidxranking/5550/","ホームを崩す階段・運指負荷を強く見ている / 8配置標本では実際のRANDOM当たり待ちを十分に拾えていない可能性"
"禊","ANOTHER","4.71484375","21.120107962213226","13.360323886639677","6.108099442523525","13.900134952766532","7.219973009446694","FLIP","0.05078125","1369","https://ereter.net/iidxranking/4746/","皿・着地の身体コストをモデルが強く見ている / ホームを崩す階段・運指負荷を強く見ている / 8配置標本では実際のRANDOM当たり待ちを十分に拾えていない可能性"
"ミッドナイト堕天使","ANOTHER","4.21875","8.097165991902834","7.557354925775979","4.556532109765584","3.643724696356275","4.453441295546559","FLIP + 両RANDOM","0.03125","2197","https://ereter.net/iidxranking/1264/","認識難・ギミック・個人差など、現特徴量にない要因の可能性"
"ミュージック・アワー","LEGGENDARIA","5.5830078125","56.00539811066126","52.091767881241566","9.354228980851554","67.20647773279353","-11.20107962213227","正規","0.0390625","259","https://ereter.net/iidxranking/6279/","HARD件数が少なくereter推定自体の不確実性も大きい"
"ミラージュ･レジデンス","ANOTHER","4.71484375","21.120107962213226","34.54790823211876","6.142263117193959","14.17004048582996","6.950067476383266","両RANDOM","0.04296875","1922","https://ereter.net/iidxranking/1142/","認識難・ギミック・個人差など、現特徴量にない要因の可能性"
"魅惑のYUMMYスイーツ","ANOTHER","6.69921875","87.51686909581646","85.82995951417004","10.379782661393651","83.80566801619433","3.7112010796221284","FLIP + 右MIRROR","0.0625","428","https://ereter.net/iidxranking/4168/","ホームを崩す階段・運指負荷を強く見ている / 片手の瞬間密度を強く見ている / 8配置標本では実際のRANDOM当たり待ちを十分に拾えていない可能性"
"冥","ANOTHER","9.1796875","99.86504723346829","99.86504723346829","13.587466551126866","100","-0.13495276653171118","正規","0.015625","34","https://ereter.net/iidxranking/785/","ソフラン認識・HS操作コストが未校正 / HARD件数が少なくereter推定自体の不確実性も大きい / 局所的な殺しを平均化しすぎている可能性"
"めいさいアイドル☆あいむちゃん♪","ANOTHER","5.3349609375","46.0863697705803","44.12955465587044","8.892935325301778","60.99865047233468","-14.912280701754383","正規","0.05859375","998","https://ereter.net/iidxranking/2849/","認識難・ギミック・個人差など、現特徴量にない要因の可能性"
"ラブコメトキドキシリアス","ANOTHER","5.458984375","50.67476383265856","52.091767881241566","7.646637871437781","36.707152496626186","13.967611336032377","FLIP + 左MIRROR","0.046875","540","https://ereter.net/iidxranking/6282/","片手の瞬間密度を強く見ている / 縦連負荷・同レーンのタイミングずれの持越しを強く見ている可能性 / 8配置標本では実際のRANDOM当たり待ちを十分に拾えていない可能性"
"龍王の霊廟 (Mausoleum Of The Primal Dragon)","LEGGENDARIA","5.2109375","41.29554655870445","34.54790823211876","9.62355519955692","71.65991902834008","-30.364372469635633","FLIP","0.05078125","489","https://ereter.net/iidxranking/5127/","CN/HCNの拘束・継続ダメージをモデルが簡略化している"
"龍と少女とデコヒーレンス","LEGGENDARIA","5.70703125","61.20107962213225","61.53846153846154","7.552640713956863","34.952766531713905","26.248313090418343","両RANDOM","0.03125","1284","https://ereter.net/iidxranking/3343/","8配置標本では実際のRANDOM当たり待ちを十分に拾えていない可能性"
"リリーゼと炎龍レーヴァテイン","ANOTHER","6.3271484375","80.02699055330635","73.75168690958165","7.64752145269712","36.97705802968961","43.04993252361674","左MIRROR","0.0703125","1414","https://ereter.net/iidxranking/2564/","ホームを崩す階段・運指負荷を強く見ている / 8配置標本では実際のRANDOM当たり待ちを十分に拾えていない可能性"
"凛として咲く花の如く","LEGGENDARIA","4.21875","8.097165991902834","7.557354925775979","5.952501719711783","12.280701754385964","-4.18353576248313","FLIP + 右MIRROR","0.03515625","1774","https://ereter.net/iidxranking/3158/","認識難・ギミック・個人差など、現特徴量にない要因の可能性"
"恋愛=精度×認識力","ANOTHER","4.466796875","15.317139001349528","10.323886639676113","8.529587462350353","54.25101214574899","-38.933873144399456","FLIP","0.04296875","567","https://ereter.net/iidxranking/5118/","ソフラン認識・HS操作コストが未校正 / 実際の皿技術差をモデルが軽く見ている可能性 / 長さと実プレイ疲労を過小評価している可能性"
"煉獄のエルフェリア","ANOTHER","7.69140625","96.221322537112","95.47908232118758","10.949013672710564","89.74358974358975","6.47773279352225","左MIRROR + 右MIRROR","0.0390625","389","https://ereter.net/iidxranking/2331/","片手の瞬間密度を強く見ている / ホームを崩す階段・運指負荷を強く見ている / 8配置標本では実際のRANDOM当たり待ちを十分に拾えていない可能性"
"惑星鉄道","ANOTHER","6.451171875","83.19838056680162","81.5114709851552","11.763000124647476","94.33198380566802","-11.1336032388664","FLIP","0.1015625","141","https://ereter.net/iidxranking/5559/","ソフラン認識・HS操作コストが未校正 / HARD件数が少なくereter推定自体の不確実性も大きい / CN/HCNの拘束・継続ダメージをモデルが簡略化している"
"海神","ANOTHER","4.21875","8.097165991902834","7.557354925775979","7.183097529441596","27.39541160593792","-19.298245614035086","FLIP + 両RANDOM","0.05078125","1567","https://ereter.net/iidxranking/2300/","CN/HCNの拘束・継続ダメージをモデルが簡略化している"
"海神","LEGGENDARIA","4.8388671875","25.910931174089068","20.78272604588394","9.749181183412677","73.68421052631578","-47.77327935222671","正規","0.04296875","420","https://ereter.net/iidxranking/5622/","CN/HCNの拘束・継続ダメージをモデルが簡略化している"
"ワルツ第17番 ト短調""大犬のワルツ""","ANOTHER","6.203125","76.58569500674763","78.2051282051282","10.5549733507462","86.23481781376519","-9.649122807017562","正規","0.03125","486","https://ereter.net/iidxranking/1442/","ソフラン認識・HS操作コストが未校正 / 長さと実プレイ疲労を過小評価している可能性"